Starting auto-commit for /Users/johannes/Documents/LaTeX on branch main
Commits every 30s, pushes every 10min
[main e0d8658] Auto-commit: 2026-05-14 23:44:02
 1 file changed, 0 insertions(+), 0 deletions(-)
[2026-05-14 23:44:02] Changes committed locally.
[main a0f323f] Auto-commit: 2026-05-14 23:44:33
 2 files changed, 2 insertions(+), 1 deletion(-)
[2026-05-14 23:44:33] Changes committed locally.
[2026-05-14 23:45:03] No changes detected.
[2026-05-14 23:45:33] No changes detected.
[main 0ecf5f6] Auto-commit: 2026-05-14 23:46:03
 2 files changed, 2 insertions(+), 1 deletion(-)
[2026-05-14 23:46:03] Changes committed locally.
[2026-05-14 23:46:33] No changes detected.
[2026-05-14 23:47:03] No changes detected.
[2026-05-14 23:47:33] No changes detected.
[2026-05-14 23:48:04] No changes detected.
[2026-05-14 23:48:34] No changes detected.
[2026-05-14 23:49:04] No changes detected.
[2026-05-14 23:49:34] No changes detected.
[2026-05-14 23:50:05] No changes detected.
[2026-05-14 23:50:35] No changes detected.
[2026-05-14 23:51:05] No changes detected.
[2026-05-14 23:51:35] No changes detected.
[main 6c37efa] Auto-commit: 2026-05-14 23:52:05
 2 files changed, 126 insertions(+)
 create mode 100644 Extended Essay/Mathematics: Extended Essay.bib
[2026-05-14 23:52:05] Changes committed locally.
[2026-05-14 23:52:36] No changes detected.
[2026-05-14 23:53:06] No changes detected.
[2026-05-14 23:53:37] No changes detected.
[2026-05-14 23:53:37] Pushed        5 commit(s) to remote.
[main 7f343ca] Auto-commit: 2026-05-14 23:54:09
 1 file changed, 0 insertions(+), 0 deletions(-)
[2026-05-14 23:54:09] Changes committed locally.
[2026-05-14 23:54:39] No changes detected.
[2026-05-14 23:55:16] No changes detected.
[2026-05-14 23:55:47] No changes detected.
[2026-05-14 23:56:17] No changes detected.
[2026-05-14 23:56:48] No changes detected.
[2026-05-14 23:57:18] No changes detected.
[2026-05-14 23:57:49] No changes detected.
[2026-05-14 23:58:20] No changes detected.
[2026-05-14 23:58:51] No changes detected.
[2026-05-14 23:59:21] No changes detected.
[main b5f3a99] Auto-commit: 2026-05-14 23:59:51
 1 file changed, 0 insertions(+), 0 deletions(-)
[2026-05-14 23:59:51] Changes committed locally.
[2026-05-15 00:00:21] No changes detected.
[2026-05-15 00:00:51] No changes detected.
[2026-05-15 00:01:21] No changes detected.
[2026-05-15 00:01:52] No changes detected.
[2026-05-15 00:02:22] No changes detected.
[2026-05-15 00:02:52] No changes detected.
[2026-05-15 00:03:22] No changes detected.
[2026-05-15 00:03:53] No changes detected.
[2026-05-15 00:03:53] Pushed        2 commit(s) to remote.
[main a40bc1b] Auto-commit: 2026-05-15 00:04:25
 1 file changed, 0 insertions(+), 0 deletions(-)
[2026-05-15 00:04:25] Changes committed locally.
[2026-05-15 00:04:55] No changes detected.
[2026-05-15 00:05:25] No changes detected.
[2026-05-15 00:05:56] No changes detected.
[2026-05-15 00:06:26] No changes detected.
[2026-05-15 00:06:56] No changes detected.
[2026-05-15 00:07:26] No changes detected.
[2026-05-15 00:07:56] No changes detected.
[2026-05-15 00:08:27] No changes detected.
[2026-05-15 00:08:57] No changes detected.
[2026-05-15 00:09:27] No changes detected.
[2026-05-15 00:09:57] No changes detected.
[2026-05-15 00:10:28] No changes detected.
[2026-05-15 00:10:58] No changes detected.
[2026-05-15 00:11:28] No changes detected.
[2026-05-15 00:11:58] No changes detected.
[2026-05-15 00:12:29] No changes detected.
[2026-05-15 00:12:59] No changes detected.
[2026-05-15 00:13:29] No changes detected.
[2026-05-15 00:13:59] No changes detected.
[2026-05-15 00:13:59] Pushed        1 commit(s) to remote.
[main 0eeaa73] Auto-commit: 2026-05-15 00:14:31
 1 file changed, 0 insertions(+), 0 deletions(-)
[2026-05-15 00:14:31] Changes committed locally.
[2026-05-15 00:15:02] No changes detected.
[2026-05-15 00:15:32] No changes detected.
[2026-05-15 00:16:02] No changes detected.
[2026-05-15 00:16:32] No changes detected.
[2026-05-15 00:17:02] No changes detected.
[2026-05-15 00:17:33] No changes detected.
[2026-05-15 00:18:03] No changes detected.
[2026-05-15 00:18:33] No changes detected.
[2026-05-15 00:19:03] No changes detected.
[2026-05-15 00:19:34] No changes detected.
[2026-05-15 00:20:04] No changes detected.
[2026-05-15 00:20:34] No changes detected.
[2026-05-15 00:21:04] No changes detected.
[2026-05-15 00:21:35] No changes detected.
[2026-05-15 00:22:05] No changes detected.
[2026-05-15 00:22:35] No changes detected.
[2026-05-15 00:23:05] No changes detected.
[2026-05-15 00:23:35] No changes detected.
[2026-05-15 00:24:06] No changes detected.
[2026-05-15 00:24:06] Pushed        1 commit(s) to remote.
[main 4df7d5a] Auto-commit: 2026-05-15 00:24:38
 1 file changed, 0 insertions(+), 0 deletions(-)
[2026-05-15 00:24:38] Changes committed locally.
[2026-05-15 00:25:08] No changes detected.
[2026-05-15 00:25:38] No changes detected.
[2026-05-15 00:26:09] No changes detected.
[2026-05-15 00:26:39] No changes detected.
[2026-05-15 00:27:09] No changes detected.
[2026-05-15 00:27:44] No changes detected.
[2026-05-15 00:28:21] No changes detected.
[2026-05-15 00:28:52] No changes detected.
[2026-05-15 00:35:16] No changes detected.
[2026-05-15 00:35:46] No changes detected.
[2026-05-15 00:36:20] No changes detected.
[2026-05-15 00:48:45] No changes detected.
[2026-05-15 00:49:15] No changes detected.
[2026-05-15 00:49:45] No changes detected.
[2026-05-15 00:50:15] No changes detected.
[2026-05-15 00:50:46] No changes detected.
[2026-05-15 00:51:16] No changes detected.
[2026-05-15 00:51:46] No changes detected.
[2026-05-15 00:52:16] No changes detected.
[2026-05-15 00:52:16] Pushed        1 commit(s) to remote.
[main 52dc76d] Auto-commit: 2026-05-15 00:52:48
 1 file changed, 0 insertions(+), 0 deletions(-)
[2026-05-15 00:52:48] Changes committed locally.
[2026-05-15 00:53:18] No changes detected.
[2026-05-15 00:53:49] No changes detected.
[2026-05-15 00:54:19] No changes detected.
[2026-05-15 00:54:49] No changes detected.
[2026-05-15 00:55:28] No changes detected.
[2026-05-15 00:55:59] No changes detected.
[2026-05-15 00:56:29] No changes detected.
[2026-05-15 00:56:59] No changes detected.
[2026-05-15 01:09:34] No changes detected.
[2026-05-15 01:10:04] No changes detected.
[2026-05-15 01:10:34] No changes detected.
[2026-05-15 01:11:04] No changes detected.
[2026-05-15 01:26:28] No changes detected.
[2026-05-15 01:26:58] No changes detected.
[2026-05-15 01:27:28] No changes detected.
[2026-05-15 01:27:58] No changes detected.
[2026-05-15 01:28:29] No changes detected.
[2026-05-15 01:28:59] No changes detected.
[2026-05-15 01:29:29] No changes detected.
[2026-05-15 01:29:29] Pushed        1 commit(s) to remote.
[main e1279c9] Auto-commit: 2026-05-15 01:30:01
 1 file changed, 0 insertions(+), 0 deletions(-)
[2026-05-15 01:30:01] Changes committed locally.
[2026-05-15 01:30:31] No changes detected.
[2026-05-15 01:31:01] No changes detected.
[2026-05-15 01:31:32] No changes detected.
[2026-05-15 01:32:02] No changes detected.
[2026-05-15 01:32:32] No changes detected.
[2026-05-15 01:33:02] No changes detected.
[2026-05-15 01:33:32] No changes detected.
[2026-05-15 01:34:03] No changes detected.
[2026-05-15 01:34:33] No changes detected.
[2026-05-15 01:35:03] No changes detected.
[2026-05-15 01:35:33] No changes detected.
[2026-05-15 01:36:03] No changes detected.
[2026-05-15 01:36:34] No changes detected.
[2026-05-15 01:37:04] No changes detected.
[2026-05-15 01:37:34] No changes detected.
[2026-05-15 01:38:04] No changes detected.
[2026-05-15 01:38:35] No changes detected.
[2026-05-15 01:39:05] No changes detected.
[2026-05-15 01:39:35] No changes detected.
[2026-05-15 01:39:35] Pushed        1 commit(s) to remote.
[main 5d8f4d3] Auto-commit: 2026-05-15 01:40:07
 1 file changed, 0 insertions(+), 0 deletions(-)
[2026-05-15 01:40:07] Changes committed locally.
[2026-05-15 01:40:37] No changes detected.
[2026-05-15 01:41:08] No changes detected.
[2026-05-15 01:41:38] No changes detected.
[2026-05-15 01:42:08] No changes detected.
[2026-05-15 01:42:38] No changes detected.
[2026-05-15 01:43:08] No changes detected.
[2026-05-15 01:43:39] No changes detected.
[2026-05-15 01:44:09] No changes detected.
[2026-05-15 01:44:39] No changes detected.
[2026-05-15 01:45:09] No changes detected.
[2026-05-15 01:45:39] No changes detected.
[2026-05-15 01:46:10] No changes detected.
[2026-05-15 01:46:40] No changes detected.
[2026-05-15 02:02:08] No changes detected.
[2026-05-15 02:02:38] No changes detected.
[2026-05-15 02:03:08] No changes detected.
[2026-05-15 02:03:39] No changes detected.
[2026-05-15 02:04:09] No changes detected.
[2026-05-15 02:04:39] No changes detected.
[2026-05-15 02:04:39] Pushed        1 commit(s) to remote.
[main 67e5bbc] Auto-commit: 2026-05-15 02:05:11
 1 file changed, 0 insertions(+), 0 deletions(-)
[2026-05-15 02:05:11] Changes committed locally.
[2026-05-15 02:05:42] No changes detected.
[2026-05-15 02:06:12] No changes detected.
[2026-05-15 02:06:42] No changes detected.
[2026-05-15 02:07:12] No changes detected.
[2026-05-15 02:07:42] No changes detected.
[2026-05-15 02:08:13] No changes detected.
[2026-05-15 02:08:43] No changes detected.
[2026-05-15 02:09:13] No changes detected.
[2026-05-15 02:09:43] No changes detected.
[2026-05-15 02:10:13] No changes detected.
[2026-05-15 02:10:44] No changes detected.
[2026-05-15 02:11:14] No changes detected.
[2026-05-15 02:11:44] No changes detected.
[2026-05-15 02:12:14] No changes detected.
[2026-05-15 02:12:45] No changes detected.
[2026-05-15 02:13:15] No changes detected.
[2026-05-15 02:13:45] No changes detected.
[2026-05-15 02:14:15] No changes detected.
[2026-05-15 02:14:45] No changes detected.
[2026-05-15 02:14:45] Pushed        1 commit(s) to remote.
[main 23f53c9] Auto-commit: 2026-05-15 02:15:18
 1 file changed, 0 insertions(+), 0 deletions(-)
[2026-05-15 02:15:18] Changes committed locally.
[2026-05-15 02:15:48] No changes detected.
[2026-05-15 02:16:18] No changes detected.
[2026-05-15 02:16:48] No changes detected.
[2026-05-15 02:17:19] No changes detected.
[2026-05-15 02:17:49] No changes detected.
[2026-05-15 02:18:19] No changes detected.
[2026-05-15 02:18:49] No changes detected.
[2026-05-15 02:19:19] No changes detected.
[2026-05-15 02:19:50] No changes detected.
[2026-05-15 02:20:20] No changes detected.
[2026-05-15 02:20:50] No changes detected.
[2026-05-15 02:21:20] No changes detected.
[2026-05-15 02:21:50] No changes detected.
[2026-05-15 02:22:21] No changes detected.
[2026-05-15 02:22:51] No changes detected.
[2026-05-15 02:23:21] No changes detected.
[2026-05-15 02:23:51] No changes detected.
[2026-05-15 02:24:22] No changes detected.
[2026-05-15 02:24:52] No changes detected.
[2026-05-15 02:24:52] Pushed        1 commit(s) to remote.
[main 42cfc4f] Auto-commit: 2026-05-15 02:25:24
 1 file changed, 0 insertions(+), 0 deletions(-)
[2026-05-15 02:25:24] Changes committed locally.
[2026-05-15 02:25:54] No changes detected.
[2026-05-15 02:26:24] No changes detected.
[2026-05-15 02:26:54] No changes detected.
[2026-05-15 02:27:25] No changes detected.
[2026-05-15 02:27:55] No changes detected.
[2026-05-15 02:28:25] No changes detected.
[2026-05-15 02:28:55] No changes detected.
[2026-05-15 02:29:25] No changes detected.
[2026-05-15 02:29:56] No changes detected.
[2026-05-15 02:30:26] No changes detected.
[2026-05-15 02:30:56] No changes detected.
[2026-05-15 02:31:26] No changes detected.
[2026-05-15 02:31:56] No changes detected.
[2026-05-15 02:32:27] No changes detected.
[2026-05-15 02:32:57] No changes detected.
[2026-05-15 02:33:27] No changes detected.
[2026-05-15 02:33:57] No changes detected.
[2026-05-15 02:34:28] No changes detected.
[2026-05-15 02:34:58] No changes detected.
[2026-05-15 02:34:58] Pushed        1 commit(s) to remote.
[main 44e47a6] Auto-commit: 2026-05-15 02:35:30
 1 file changed, 0 insertions(+), 0 deletions(-)
[2026-05-15 02:35:30] Changes committed locally.
[2026-05-15 02:36:00] No changes detected.
[2026-05-15 02:36:30] No changes detected.
[2026-05-15 02:37:00] No changes detected.
[2026-05-15 02:37:31] No changes detected.
[2026-05-15 02:38:01] No changes detected.
[2026-05-15 02:38:31] No changes detected.
[2026-05-15 02:39:01] No changes detected.
[2026-05-15 02:39:31] No changes detected.
[2026-05-15 02:40:02] No changes detected.
[2026-05-15 02:40:32] No changes detected.
[2026-05-15 02:41:02] No changes detected.
[2026-05-15 02:41:32] No changes detected.
[2026-05-15 02:42:02] No changes detected.
[2026-05-15 02:42:33] No changes detected.
[2026-05-15 02:43:03] No changes detected.
[2026-05-15 02:43:33] No changes detected.
[2026-05-15 02:44:03] No changes detected.
[2026-05-15 02:44:34] No changes detected.
[2026-05-15 02:45:04] No changes detected.
[2026-05-15 02:45:04] Pushed        1 commit(s) to remote.
[main 92d8795] Auto-commit: 2026-05-15 02:45:36
 1 file changed, 0 insertions(+), 0 deletions(-)
[2026-05-15 02:45:36] Changes committed locally.
[2026-05-15 02:46:06] No changes detected.
[2026-05-15 02:46:36] No changes detected.
[2026-05-15 02:47:07] No changes detected.
[2026-05-15 02:47:37] No changes detected.
[2026-05-15 02:48:07] No changes detected.
[2026-05-15 02:48:37] No changes detected.
[2026-05-15 02:49:07] No changes detected.
[2026-05-15 02:49:38] No changes detected.
[2026-05-15 02:50:08] No changes detected.
[2026-05-15 02:50:38] No changes detected.
[2026-05-15 02:51:08] No changes detected.
[2026-05-15 02:51:38] No changes detected.
[2026-05-15 02:52:09] No changes detected.
[2026-05-15 02:52:39] No changes detected.
[2026-05-15 02:53:09] No changes detected.
[2026-05-15 02:53:39] No changes detected.
[2026-05-15 02:54:10] No changes detected.
[2026-05-15 02:54:40] No changes detected.
[2026-05-15 02:55:10] No changes detected.
[2026-05-15 02:55:10] Pushed        1 commit(s) to remote.
[main 2b59bfd] Auto-commit: 2026-05-15 02:55:42
 1 file changed, 0 insertions(+), 0 deletions(-)
[2026-05-15 02:55:42] Changes committed locally.
[2026-05-15 02:56:12] No changes detected.
[2026-05-15 02:56:42] No changes detected.
[2026-05-15 02:57:12] No changes detected.
[2026-05-15 02:57:43] No changes detected.
[2026-05-15 02:58:13] No changes detected.
[2026-05-15 02:58:43] No changes detected.
[2026-05-15 02:59:13] No changes detected.
[2026-05-15 02:59:44] No changes detected.
[2026-05-15 03:00:14] No changes detected.
[2026-05-15 03:00:44] No changes detected.
[2026-05-15 03:01:14] No changes detected.
[2026-05-15 03:01:44] No changes detected.
[2026-05-15 03:02:15] No changes detected.
[2026-05-15 03:02:45] No changes detected.
[2026-05-15 03:03:15] No changes detected.
[2026-05-15 03:03:45] No changes detected.
[2026-05-15 03:04:15] No changes detected.
[2026-05-15 03:04:46] No changes detected.
[2026-05-15 03:05:16] No changes detected.
[2026-05-15 03:05:16] Pushed        1 commit(s) to remote.
[main d81ec29] Auto-commit: 2026-05-15 03:05:48
 1 file changed, 0 insertions(+), 0 deletions(-)
[2026-05-15 03:05:48] Changes committed locally.
[2026-05-15 03:06:18] No changes detected.
[2026-05-15 03:06:48] No changes detected.
[2026-05-15 03:07:19] No changes detected.
[2026-05-15 03:07:49] No changes detected.
[2026-05-15 03:08:19] No changes detected.
[2026-05-15 03:08:49] No changes detected.
[2026-05-15 03:09:19] No changes detected.
[2026-05-15 03:09:50] No changes detected.
[2026-05-15 03:10:20] No changes detected.
[2026-05-15 03:10:50] No changes detected.
[2026-05-15 03:11:20] No changes detected.
[2026-05-15 03:11:51] No changes detected.
[2026-05-15 03:12:21] No changes detected.
[2026-05-15 03:12:51] No changes detected.
[2026-05-15 03:13:21] No changes detected.
[2026-05-15 03:13:51] No changes detected.
[2026-05-15 03:14:22] No changes detected.
[2026-05-15 03:14:52] No changes detected.
[2026-05-15 03:15:22] No changes detected.
[2026-05-15 03:15:22] Pushed        1 commit(s) to remote.
[main 9e48bc6] Auto-commit: 2026-05-15 03:15:54
 1 file changed, 0 insertions(+), 0 deletions(-)
[2026-05-15 03:15:54] Changes committed locally.
[2026-05-15 03:16:24] No changes detected.
[2026-05-15 03:16:54] No changes detected.
[2026-05-15 03:17:25] No changes detected.
[2026-05-15 03:17:55] No changes detected.
[2026-05-15 03:18:25] No changes detected.
[2026-05-15 03:18:55] No changes detected.
[2026-05-15 03:19:26] No changes detected.
[2026-05-15 03:19:56] No changes detected.
[2026-05-15 03:20:26] No changes detected.
[2026-05-15 03:20:56] No changes detected.
[2026-05-15 03:21:26] No changes detected.
[2026-05-15 03:21:57] No changes detected.
[2026-05-15 03:22:27] No changes detected.
[2026-05-15 03:22:57] No changes detected.
[2026-05-15 03:23:27] No changes detected.
[2026-05-15 03:23:57] No changes detected.
[2026-05-15 03:24:28] No changes detected.
[2026-05-15 03:24:58] No changes detected.
[2026-05-15 03:25:28] No changes detected.
[2026-05-15 03:25:28] Pushed        1 commit(s) to remote.
[main 42bf750] Auto-commit: 2026-05-15 03:26:00
 1 file changed, 0 insertions(+), 0 deletions(-)
[2026-05-15 03:26:00] Changes committed locally.
[2026-05-15 03:26:30] No changes detected.
[2026-05-15 03:27:00] No changes detected.
[2026-05-15 03:27:31] No changes detected.
[2026-05-15 03:28:01] No changes detected.
[2026-05-15 03:28:31] No changes detected.
[2026-05-15 03:29:01] No changes detected.
[2026-05-15 03:29:32] No changes detected.
[2026-05-15 03:30:02] No changes detected.
[2026-05-15 03:30:32] No changes detected.
[2026-05-15 03:31:02] No changes detected.
[2026-05-15 03:31:32] No changes detected.
[2026-05-15 03:32:03] No changes detected.
[2026-05-15 03:32:33] No changes detected.
[2026-05-15 03:33:03] No changes detected.
[2026-05-15 03:33:33] No changes detected.
[2026-05-15 03:34:03] No changes detected.
[2026-05-15 03:34:34] No changes detected.
[2026-05-15 03:35:04] No changes detected.
[2026-05-15 03:35:34] No changes detected.
[2026-05-15 03:35:34] Pushed        1 commit(s) to remote.
[main a1063bb] Auto-commit: 2026-05-15 03:36:06
 1 file changed, 0 insertions(+), 0 deletions(-)
[2026-05-15 03:36:06] Changes committed locally.
[2026-05-15 03:36:36] No changes detected.
[2026-05-15 03:37:06] No changes detected.
[2026-05-15 03:37:37] No changes detected.
[2026-05-15 03:38:07] No changes detected.
[2026-05-15 03:38:37] No changes detected.
[2026-05-15 03:39:07] No changes detected.
[2026-05-15 03:39:37] No changes detected.
[2026-05-15 03:40:08] No changes detected.
[2026-05-15 03:40:38] No changes detected.
[2026-05-15 03:41:08] No changes detected.
[2026-05-15 03:41:38] No changes detected.
[2026-05-15 03:42:09] No changes detected.
[2026-05-15 03:42:39] No changes detected.
[2026-05-15 03:43:09] No changes detected.
[2026-05-15 03:43:39] No changes detected.
[2026-05-15 03:44:09] No changes detected.
[2026-05-15 03:44:40] No changes detected.
[2026-05-15 03:45:10] No changes detected.
[2026-05-15 03:45:40] No changes detected.
[2026-05-15 03:45:40] Pushed        1 commit(s) to remote.
[main 2b293c4] Auto-commit: 2026-05-15 03:46:12
 1 file changed, 0 insertions(+), 0 deletions(-)
[2026-05-15 03:46:12] Changes committed locally.
[2026-05-15 03:46:42] No changes detected.
[2026-05-15 03:47:12] No changes detected.
[2026-05-15 03:47:42] No changes detected.
[2026-05-15 03:48:12] No changes detected.
[2026-05-15 03:48:43] No changes detected.
[2026-05-15 03:49:13] No changes detected.
[2026-05-15 03:49:43] No changes detected.
[2026-05-15 03:50:13] No changes detected.
[2026-05-15 03:50:43] No changes detected.
[2026-05-15 03:51:14] No changes detected.
[2026-05-15 03:51:44] No changes detected.
[2026-05-15 03:52:14] No changes detected.
[2026-05-15 03:52:44] No changes detected.
[2026-05-15 03:53:14] No changes detected.
[2026-05-15 03:53:45] No changes detected.
[2026-05-15 03:54:15] No changes detected.
[2026-05-15 03:54:45] No changes detected.
[2026-05-15 03:55:15] No changes detected.
[2026-05-15 03:55:46] No changes detected.
[2026-05-15 03:55:46] Pushed        1 commit(s) to remote.
[main 2be2140] Auto-commit: 2026-05-15 03:56:17
 1 file changed, 0 insertions(+), 0 deletions(-)
[2026-05-15 03:56:17] Changes committed locally.
[2026-05-15 03:56:48] No changes detected.
[2026-05-15 03:57:18] No changes detected.
[2026-05-15 03:57:48] No changes detected.
[2026-05-15 03:58:18] No changes detected.
[2026-05-15 03:58:48] No changes detected.
[2026-05-15 03:59:19] No changes detected.
[2026-05-15 03:59:49] No changes detected.
[2026-05-15 04:00:19] No changes detected.
[2026-05-15 04:00:49] No changes detected.
[2026-05-15 04:01:19] No changes detected.
[2026-05-15 04:01:50] No changes detected.
[2026-05-15 04:02:20] No changes detected.
[2026-05-15 04:02:50] No changes detected.
[2026-05-15 04:03:20] No changes detected.
[2026-05-15 04:03:51] No changes detected.
[2026-05-15 04:04:21] No changes detected.
[2026-05-15 04:04:51] No changes detected.
[2026-05-15 04:05:21] No changes detected.
[2026-05-15 04:05:51] No changes detected.
[2026-05-15 04:05:51] Pushed        1 commit(s) to remote.
[main ec0f211] Auto-commit: 2026-05-15 04:06:23
 1 file changed, 0 insertions(+), 0 deletions(-)
[2026-05-15 04:06:23] Changes committed locally.
[main b6e3359] Auto-commit: 2026-05-15 04:06:53
 1 file changed, 0 insertions(+), 0 deletions(-)
[2026-05-15 04:06:53] Changes committed locally.
[main 224b8e7] Auto-commit: 2026-05-15 04:07:24
 1 file changed, 0 insertions(+), 0 deletions(-)
[2026-05-15 04:07:24] Changes committed locally.
[2026-05-15 04:07:54] No changes detected.
[2026-05-15 04:08:24] No changes detected.
[2026-05-15 04:08:54] No changes detected.
[2026-05-15 04:09:25] No changes detected.
[2026-05-15 04:09:55] No changes detected.
[2026-05-15 04:10:25] No changes detected.
[2026-05-15 04:10:55] No changes detected.
[2026-05-15 04:11:25] No changes detected.
[2026-05-15 04:11:56] No changes detected.
[2026-05-15 04:12:26] No changes detected.
[2026-05-15 04:12:56] No changes detected.
[2026-05-15 04:13:26] No changes detected.
[2026-05-15 04:13:56] No changes detected.
[2026-05-15 04:14:27] No changes detected.
[2026-05-15 04:14:57] No changes detected.
[2026-05-15 04:15:27] No changes detected.
[2026-05-15 04:15:57] No changes detected.
[2026-05-15 04:15:57] Pushed        3 commit(s) to remote.
[main 380c867] Auto-commit: 2026-05-15 04:16:29
 1 file changed, 0 insertions(+), 0 deletions(-)
[2026-05-15 04:16:29] Changes committed locally.
[2026-05-15 04:16:59] No changes detected.
[2026-05-15 04:17:29] No changes detected.
[2026-05-15 04:18:00] No changes detected.
[2026-05-15 04:18:30] No changes detected.
[2026-05-15 04:19:00] No changes detected.
[2026-05-15 04:19:30] No changes detected.
[2026-05-15 04:20:00] No changes detected.
[2026-05-15 04:20:31] No changes detected.
[2026-05-15 04:21:01] No changes detected.
[2026-05-15 04:21:31] No changes detected.
[2026-05-15 04:22:01] No changes detected.
[2026-05-15 04:22:32] No changes detected.
[2026-05-15 04:23:02] No changes detected.
[2026-05-15 04:23:32] No changes detected.
[2026-05-15 04:24:02] No changes detected.
[2026-05-15 04:24:32] No changes detected.
[2026-05-15 04:25:02] No changes detected.
[2026-05-15 04:25:33] No changes detected.
[2026-05-15 04:26:03] No changes detected.
[2026-05-15 04:26:03] Pushed        1 commit(s) to remote.
[main 3cdaea7] Auto-commit: 2026-05-15 04:26:35
 1 file changed, 0 insertions(+), 0 deletions(-)
[2026-05-15 04:26:35] Changes committed locally.
[2026-05-15 04:27:05] No changes detected.
[2026-05-15 04:27:35] No changes detected.
[2026-05-15 04:28:05] No changes detected.
[2026-05-15 04:28:36] No changes detected.
[2026-05-15 04:29:06] No changes detected.
[2026-05-15 04:29:36] No changes detected.
[2026-05-15 04:30:06] No changes detected.
[2026-05-15 04:30:36] No changes detected.
[2026-05-15 04:31:07] No changes detected.
[2026-05-15 04:31:37] No changes detected.
[2026-05-15 04:32:07] No changes detected.
[2026-05-15 04:32:37] No changes detected.
[2026-05-15 04:33:08] No changes detected.
[2026-05-15 04:33:38] No changes detected.
[2026-05-15 04:34:08] No changes detected.
[2026-05-15 04:34:38] No changes detected.
[2026-05-15 04:35:08] No changes detected.
[2026-05-15 04:35:38] No changes detected.
[2026-05-15 04:36:09] No changes detected.
[2026-05-15 04:36:09] Pushed        1 commit(s) to remote.
[main 1654b91] Auto-commit: 2026-05-15 04:36:40
 1 file changed, 0 insertions(+), 0 deletions(-)
[2026-05-15 04:36:40] Changes committed locally.
[2026-05-15 04:37:11] No changes detected.
[2026-05-15 04:37:41] No changes detected.
[2026-05-15 04:38:11] No changes detected.
[2026-05-15 04:38:41] No changes detected.
[2026-05-15 04:39:11] No changes detected.
[2026-05-15 04:39:42] No changes detected.
[2026-05-15 04:40:12] No changes detected.
[2026-05-15 04:40:42] No changes detected.
[2026-05-15 04:41:12] No changes detected.
[2026-05-15 04:41:43] No changes detected.
[2026-05-15 04:42:13] No changes detected.
[2026-05-15 04:42:43] No changes detected.
[2026-05-15 04:43:13] No changes detected.
[2026-05-15 04:43:43] No changes detected.
[2026-05-15 04:44:14] No changes detected.
[2026-05-15 04:44:44] No changes detected.
[2026-05-15 04:45:14] No changes detected.
[2026-05-15 04:45:44] No changes detected.
[2026-05-15 04:46:14] No changes detected.
[2026-05-15 04:46:14] Pushed        1 commit(s) to remote.
[main 541ebb0] Auto-commit: 2026-05-15 04:46:46
 1 file changed, 0 insertions(+), 0 deletions(-)
[2026-05-15 04:46:46] Changes committed locally.
[2026-05-15 04:47:16] No changes detected.
[2026-05-15 04:47:46] No changes detected.
[2026-05-15 04:48:17] No changes detected.
[2026-05-15 04:48:47] No changes detected.
[2026-05-15 04:49:17] No changes detected.
[2026-05-15 04:49:47] No changes detected.
[2026-05-15 04:50:18] No changes detected.
[2026-05-15 04:50:48] No changes detected.
[2026-05-15 04:51:18] No changes detected.
[2026-05-15 04:51:48] No changes detected.
[2026-05-15 04:52:18] No changes detected.
[2026-05-15 04:52:49] No changes detected.
[2026-05-15 04:53:19] No changes detected.
[2026-05-15 04:53:49] No changes detected.
[2026-05-15 04:54:19] No changes detected.
[2026-05-15 04:54:49] No changes detected.
[2026-05-15 04:55:20] No changes detected.
[2026-05-15 04:55:50] No changes detected.
[2026-05-15 04:56:20] No changes detected.
[2026-05-15 04:56:20] Pushed        1 commit(s) to remote.
[main f6403f3] Auto-commit: 2026-05-15 04:56:52
 1 file changed, 0 insertions(+), 0 deletions(-)
[2026-05-15 04:56:52] Changes committed locally.
[2026-05-15 04:57:22] No changes detected.
[2026-05-15 04:57:53] No changes detected.
[2026-05-15 04:58:23] No changes detected.
[2026-05-15 04:58:53] No changes detected.
[2026-05-15 04:59:23] No changes detected.
[2026-05-15 04:59:53] No changes detected.
[2026-05-15 05:00:24] No changes detected.
[2026-05-15 05:00:54] No changes detected.
[2026-05-15 05:01:24] No changes detected.
[2026-05-15 05:01:54] No changes detected.
[2026-05-15 05:02:24] No changes detected.
[2026-05-15 05:02:55] No changes detected.
[2026-05-15 05:03:25] No changes detected.
[2026-05-15 05:03:55] No changes detected.
[2026-05-15 05:04:25] No changes detected.
[2026-05-15 05:04:56] No changes detected.
[2026-05-15 05:05:26] No changes detected.
[2026-05-15 05:05:56] No changes detected.
[2026-05-15 05:06:26] No changes detected.
[2026-05-15 05:06:26] Pushed        1 commit(s) to remote.
[main 7cc0466] Auto-commit: 2026-05-15 05:06:58
 1 file changed, 0 insertions(+), 0 deletions(-)
[2026-05-15 05:06:58] Changes committed locally.
[2026-05-15 05:07:28] No changes detected.
[2026-05-15 05:07:59] No changes detected.
[2026-05-15 05:08:29] No changes detected.
[2026-05-15 05:08:59] No changes detected.
[2026-05-15 05:09:29] No changes detected.
[2026-05-15 05:09:59] No changes detected.
[2026-05-15 05:10:30] No changes detected.
[2026-05-15 05:11:00] No changes detected.
[2026-05-15 05:11:30] No changes detected.
[2026-05-15 05:12:00] No changes detected.
[2026-05-15 05:12:31] No changes detected.
[2026-05-15 05:13:01] No changes detected.
[2026-05-15 05:13:31] No changes detected.
[2026-05-15 05:14:01] No changes detected.
[2026-05-15 05:14:31] No changes detected.
[2026-05-15 05:15:02] No changes detected.
[2026-05-15 05:15:32] No changes detected.
[2026-05-15 05:16:02] No changes detected.
[2026-05-15 05:16:32] No changes detected.
[2026-05-15 05:16:32] Pushed        1 commit(s) to remote.
[main 6ba383a] Auto-commit: 2026-05-15 05:17:04
 1 file changed, 0 insertions(+), 0 deletions(-)
[2026-05-15 05:17:04] Changes committed locally.
[2026-05-15 05:17:35] No changes detected.
[2026-05-15 05:18:05] No changes detected.
[2026-05-15 05:18:35] No changes detected.
[2026-05-15 05:19:05] No changes detected.
[2026-05-15 05:19:36] No changes detected.
[2026-05-15 05:20:06] No changes detected.
[2026-05-15 05:20:36] No changes detected.
[2026-05-15 05:21:06] No changes detected.
[2026-05-15 05:21:36] No changes detected.
[2026-05-15 05:22:07] No changes detected.
[2026-05-15 05:22:37] No changes detected.
[2026-05-15 05:23:07] No changes detected.
[2026-05-15 05:23:37] No changes detected.
[2026-05-15 05:24:08] No changes detected.
[2026-05-15 05:24:38] No changes detected.
[2026-05-15 05:25:08] No changes detected.
[2026-05-15 05:25:38] No changes detected.
[2026-05-15 05:26:08] No changes detected.
[2026-05-15 05:26:39] No changes detected.
[2026-05-15 05:26:39] Pushed        1 commit(s) to remote.
[main 2d1821c] Auto-commit: 2026-05-15 05:27:11
 1 file changed, 0 insertions(+), 0 deletions(-)
[2026-05-15 05:27:11] Changes committed locally.
[2026-05-15 05:27:41] No changes detected.
[2026-05-15 05:28:11] No changes detected.
[2026-05-15 05:28:41] No changes detected.
[2026-05-15 05:29:11] No changes detected.
[2026-05-15 05:29:41] No changes detected.
[2026-05-15 05:30:12] No changes detected.
[2026-05-15 05:30:42] No changes detected.
[2026-05-15 05:31:12] No changes detected.
[2026-05-15 05:31:42] No changes detected.
[2026-05-15 05:32:13] No changes detected.
[2026-05-15 05:32:43] No changes detected.
[2026-05-15 05:33:13] No changes detected.
[2026-05-15 05:33:43] No changes detected.
[2026-05-15 05:34:13] No changes detected.
[2026-05-15 05:34:44] No changes detected.
[2026-05-15 05:35:14] No changes detected.
[2026-05-15 05:35:44] No changes detected.
[2026-05-15 05:36:14] No changes detected.
[2026-05-15 05:36:44] No changes detected.
[2026-05-15 05:36:45] Pushed        1 commit(s) to remote.
[main 296dfa4] Auto-commit: 2026-05-15 05:37:16
 1 file changed, 0 insertions(+), 0 deletions(-)
[2026-05-15 05:37:16] Changes committed locally.
[2026-05-15 05:37:46] No changes detected.
[2026-05-15 05:38:17] No changes detected.
[2026-05-15 05:38:47] No changes detected.
[2026-05-15 05:39:17] No changes detected.
[2026-05-15 05:39:47] No changes detected.
[2026-05-15 05:40:17] No changes detected.
[2026-05-15 05:40:48] No changes detected.
[2026-05-15 05:41:18] No changes detected.
[2026-05-15 05:41:48] No changes detected.
[2026-05-15 05:42:18] No changes detected.
[2026-05-15 05:42:48] No changes detected.
[2026-05-15 05:43:19] No changes detected.
[2026-05-15 05:43:49] No changes detected.
[2026-05-15 05:44:19] No changes detected.
[2026-05-15 05:44:49] No changes detected.
[2026-05-15 05:45:20] No changes detected.
[2026-05-15 05:45:50] No changes detected.
[2026-05-15 05:46:20] No changes detected.
[2026-05-15 05:46:50] No changes detected.
[2026-05-15 05:46:50] Pushed        1 commit(s) to remote.
[main fa2174d] Auto-commit: 2026-05-15 05:47:22
 1 file changed, 0 insertions(+), 0 deletions(-)
[2026-05-15 05:47:22] Changes committed locally.
[2026-05-15 05:47:52] No changes detected.
[2026-05-15 05:48:23] No changes detected.
[2026-05-15 05:48:53] No changes detected.
[2026-05-15 05:49:23] No changes detected.
[2026-05-15 05:49:53] No changes detected.
[2026-05-15 05:50:23] No changes detected.
[2026-05-15 05:50:54] No changes detected.
[2026-05-15 05:51:24] No changes detected.
[2026-05-15 05:51:54] No changes detected.
[2026-05-15 05:52:24] No changes detected.
[2026-05-15 05:52:54] No changes detected.
[2026-05-15 05:53:25] No changes detected.
[2026-05-15 05:53:55] No changes detected.
[2026-05-15 05:54:25] No changes detected.
[2026-05-15 05:54:55] No changes detected.
[2026-05-15 05:55:26] No changes detected.
[2026-05-15 05:55:56] No changes detected.
[2026-05-15 05:56:26] No changes detected.
[2026-05-15 05:56:56] No changes detected.
[2026-05-15 05:56:56] Pushed        1 commit(s) to remote.
[main 54fd7c9] Auto-commit: 2026-05-15 05:57:28
 1 file changed, 0 insertions(+), 0 deletions(-)
[2026-05-15 05:57:28] Changes committed locally.
[2026-05-15 05:57:58] No changes detected.
[2026-05-15 05:58:28] No changes detected.
[2026-05-15 05:58:58] No changes detected.
[2026-05-15 05:59:29] No changes detected.
[2026-05-15 05:59:59] No changes detected.
[2026-05-15 06:00:29] No changes detected.
[2026-05-15 06:00:59] No changes detected.
[2026-05-15 06:01:29] No changes detected.
[2026-05-15 06:02:00] No changes detected.
[2026-05-15 06:02:30] No changes detected.
[2026-05-15 06:03:00] No changes detected.
[2026-05-15 06:03:30] No changes detected.
[2026-05-15 06:04:01] No changes detected.
[2026-05-15 06:04:31] No changes detected.
[2026-05-15 06:05:01] No changes detected.
[2026-05-15 06:05:31] No changes detected.
[2026-05-15 06:06:01] No changes detected.
[2026-05-15 06:06:32] No changes detected.
[2026-05-15 06:07:02] No changes detected.
[2026-05-15 06:07:02] Pushed        1 commit(s) to remote.
[main bf4c8f5] Auto-commit: 2026-05-15 06:07:34
 1 file changed, 0 insertions(+), 0 deletions(-)
[2026-05-15 06:07:34] Changes committed locally.
[2026-05-15 06:08:04] No changes detected.
[2026-05-15 06:08:34] No changes detected.
[2026-05-15 06:09:04] No changes detected.
[2026-05-15 06:09:35] No changes detected.
[2026-05-15 06:10:05] No changes detected.
[2026-05-15 06:10:35] No changes detected.
[2026-05-15 06:11:05] No changes detected.
[2026-05-15 06:11:35] No changes detected.
[2026-05-15 06:12:06] No changes detected.
[2026-05-15 06:12:36] No changes detected.
[2026-05-15 06:13:06] No changes detected.
[2026-05-15 06:13:36] No changes detected.
[2026-05-15 06:14:06] No changes detected.
[2026-05-15 06:14:37] No changes detected.
[2026-05-15 06:15:07] No changes detected.
[2026-05-15 06:15:37] No changes detected.
[2026-05-15 06:16:07] No changes detected.
[2026-05-15 06:16:37] No changes detected.
[2026-05-15 06:17:08] No changes detected.
[2026-05-15 06:17:08] Pushed        1 commit(s) to remote.
[main 9629ed2] Auto-commit: 2026-05-15 06:17:40
 1 file changed, 0 insertions(+), 0 deletions(-)
[2026-05-15 06:17:40] Changes committed locally.
[2026-05-15 06:18:10] No changes detected.
[2026-05-15 06:18:40] No changes detected.
[2026-05-15 06:19:10] No changes detected.
[2026-05-15 06:19:40] No changes detected.
[2026-05-15 06:20:11] No changes detected.
[2026-05-15 06:20:41] No changes detected.
[2026-05-15 06:21:11] No changes detected.
[2026-05-15 06:21:41] No changes detected.
[2026-05-15 06:22:12] No changes detected.
[2026-05-15 06:22:42] No changes detected.
[2026-05-15 06:23:12] No changes detected.
[2026-05-15 06:23:42] No changes detected.
[2026-05-15 06:24:12] No changes detected.
[2026-05-15 06:24:43] No changes detected.
[2026-05-15 06:25:13] No changes detected.
[2026-05-15 06:25:43] No changes detected.
[2026-05-15 06:26:13] No changes detected.
[2026-05-15 06:26:43] No changes detected.
[2026-05-15 06:27:14] No changes detected.
[2026-05-15 06:27:14] Pushed        1 commit(s) to remote.
[main 3e4d345] Auto-commit: 2026-05-15 06:27:46
 1 file changed, 0 insertions(+), 0 deletions(-)
[2026-05-15 06:27:46] Changes committed locally.
[2026-05-15 06:28:16] No changes detected.
[2026-05-15 06:28:46] No changes detected.
[2026-05-15 06:29:16] No changes detected.
[2026-05-15 06:29:46] No changes detected.
[2026-05-15 06:30:17] No changes detected.
[2026-05-15 06:30:47] No changes detected.
[2026-05-15 06:31:17] No changes detected.
[2026-05-15 06:31:47] No changes detected.
[2026-05-15 06:32:18] No changes detected.
[2026-05-15 06:32:48] No changes detected.
[2026-05-15 06:33:18] No changes detected.
[2026-05-15 06:33:48] No changes detected.
[2026-05-15 06:34:18] No changes detected.
[2026-05-15 06:34:49] No changes detected.
[2026-05-15 06:35:19] No changes detected.
[2026-05-15 06:35:49] No changes detected.
[2026-05-15 06:36:19] No changes detected.
[2026-05-15 06:36:50] No changes detected.
[2026-05-15 06:37:20] No changes detected.
[2026-05-15 06:37:20] Pushed        1 commit(s) to remote.
[main 32c75fb] Auto-commit: 2026-05-15 06:37:51
 1 file changed, 0 insertions(+), 0 deletions(-)
[2026-05-15 06:37:51] Changes committed locally.
[2026-05-15 06:38:22] No changes detected.
[2026-05-15 06:38:52] No changes detected.
[2026-05-15 06:39:22] No changes detected.
[2026-05-15 06:39:52] No changes detected.
[2026-05-15 06:40:22] No changes detected.
[2026-05-15 06:40:53] No changes detected.
[2026-05-15 06:41:23] No changes detected.
[2026-05-15 06:41:53] No changes detected.
[2026-05-15 06:42:23] No changes detected.
[2026-05-15 06:42:54] No changes detected.
[2026-05-15 06:43:24] No changes detected.
[2026-05-15 06:43:54] No changes detected.
[2026-05-15 06:44:24] No changes detected.
[2026-05-15 06:44:54] No changes detected.
[2026-05-15 06:45:25] No changes detected.
[2026-05-15 06:45:55] No changes detected.
[2026-05-15 06:46:25] No changes detected.
[2026-05-15 06:46:55] No changes detected.
[2026-05-15 06:47:25] No changes detected.
[2026-05-15 06:47:25] Pushed        1 commit(s) to remote.
[main f930ead] Auto-commit: 2026-05-15 06:47:57
 1 file changed, 0 insertions(+), 0 deletions(-)
[2026-05-15 06:47:57] Changes committed locally.
[2026-05-15 06:48:28] No changes detected.
[2026-05-15 06:48:58] No changes detected.
[2026-05-15 06:49:28] No changes detected.
[2026-05-15 06:49:58] No changes detected.
[2026-05-15 06:50:29] No changes detected.
[2026-05-15 06:50:59] No changes detected.
[2026-05-15 06:51:29] No changes detected.
[2026-05-15 06:51:59] No changes detected.
[2026-05-15 06:52:29] No changes detected.
[2026-05-15 06:53:00] No changes detected.
[2026-05-15 06:53:30] No changes detected.
[2026-05-15 06:54:00] No changes detected.
[2026-05-15 06:54:30] No changes detected.
[2026-05-15 06:55:00] No changes detected.
[2026-05-15 06:55:31] No changes detected.
[2026-05-15 06:56:01] No changes detected.
[2026-05-15 06:56:31] No changes detected.
[2026-05-15 06:57:01] No changes detected.
[2026-05-15 06:57:31] No changes detected.
[2026-05-15 06:57:31] Pushed        1 commit(s) to remote.
[main 273ae6d] Auto-commit: 2026-05-15 06:58:04
 1 file changed, 0 insertions(+), 0 deletions(-)
[2026-05-15 06:58:04] Changes committed locally.
[2026-05-15 06:58:34] No changes detected.
[2026-05-15 06:59:04] No changes detected.
[2026-05-15 06:59:34] No changes detected.
[2026-05-15 07:00:04] No changes detected.
[2026-05-15 07:00:35] No changes detected.
[2026-05-15 07:01:05] No changes detected.
[2026-05-15 07:01:35] No changes detected.
[2026-05-15 07:02:05] No changes detected.
[2026-05-15 07:02:36] No changes detected.
[2026-05-15 07:03:06] No changes detected.
[2026-05-15 07:03:36] No changes detected.
[2026-05-15 07:04:06] No changes detected.
[2026-05-15 07:04:36] No changes detected.
[2026-05-15 07:05:07] No changes detected.
[2026-05-15 07:05:37] No changes detected.
[2026-05-15 07:06:07] No changes detected.
[2026-05-15 07:06:37] No changes detected.
[2026-05-15 07:07:07] No changes detected.
[2026-05-15 07:07:38] No changes detected.
[2026-05-15 07:07:38] Pushed        1 commit(s) to remote.
[main 29b2f74] Auto-commit: 2026-05-15 07:08:10
 1 file changed, 0 insertions(+), 0 deletions(-)
[2026-05-15 07:08:10] Changes committed locally.
[2026-05-15 07:08:40] No changes detected.
[2026-05-15 07:09:10] No changes detected.
[2026-05-15 07:09:41] No changes detected.
[2026-05-15 07:10:11] No changes detected.
[2026-05-15 07:10:41] No changes detected.
[2026-05-15 07:11:11] No changes detected.
[2026-05-15 07:11:41] No changes detected.
[2026-05-15 07:12:12] No changes detected.
[2026-05-15 07:12:42] No changes detected.
[2026-05-15 07:13:12] No changes detected.
[2026-05-15 07:13:42] No changes detected.
[2026-05-15 07:14:13] No changes detected.
[2026-05-15 07:14:43] No changes detected.
[2026-05-15 07:15:13] No changes detected.
[2026-05-15 07:15:43] No changes detected.
[2026-05-15 07:16:13] No changes detected.
[2026-05-15 07:16:44] No changes detected.
[2026-05-15 07:20:18] No changes detected.
[2026-05-15 07:28:32] No changes detected.
[2026-05-15 07:28:32] Pushed        1 commit(s) to remote.
[main e7b280c] Auto-commit: 2026-05-15 07:33:54
 1 file changed, 0 insertions(+), 0 deletions(-)
[2026-05-15 07:33:54] Changes committed locally.
[2026-05-15 07:34:24] No changes detected.
[2026-05-15 07:34:55] No changes detected.
[2026-05-15 07:35:25] No changes detected.
[2026-05-15 07:35:55] No changes detected.
[2026-05-15 07:36:25] No changes detected.
[2026-05-15 07:36:55] No changes detected.
[2026-05-15 07:37:25] No changes detected.
[2026-05-15 07:37:55] No changes detected.
[2026-05-15 07:38:25] No changes detected.
[2026-05-15 07:38:55] No changes detected.
[2026-05-15 07:39:25] No changes detected.
[2026-05-15 07:39:56] No changes detected.
[2026-05-15 07:40:26] No changes detected.
[2026-05-15 07:40:56] No changes detected.
[2026-05-15 07:41:26] No changes detected.
[2026-05-15 07:41:56] No changes detected.
[2026-05-15 07:42:26] No changes detected.
[2026-05-15 07:42:56] No changes detected.
[2026-05-15 07:43:27] No changes detected.
[2026-05-15 07:43:27] Pushed        1 commit(s) to remote.
[main 1a2571e] Auto-commit: 2026-05-15 07:43:58
 1 file changed, 0 insertions(+), 0 deletions(-)
[2026-05-15 07:43:58] Changes committed locally.
[2026-05-15 07:44:28] No changes detected.
[2026-05-15 07:44:58] No changes detected.
[2026-05-15 07:45:29] No changes detected.
[2026-05-15 07:45:59] No changes detected.
[2026-05-15 07:46:29] No changes detected.
[2026-05-15 07:46:59] No changes detected.
[2026-05-15 07:47:29] No changes detected.
[2026-05-15 07:47:59] No changes detected.
[2026-05-15 07:48:29] No changes detected.
[2026-05-15 07:48:59] No changes detected.
[2026-05-15 07:49:30] No changes detected.
[2026-05-15 07:50:00] No changes detected.
[2026-05-15 07:50:30] No changes detected.
[2026-05-15 07:51:00] No changes detected.
[2026-05-15 07:51:30] No changes detected.
[2026-05-15 07:52:00] No changes detected.
[2026-05-15 07:52:30] No changes detected.
[2026-05-15 07:53:00] No changes detected.
[2026-05-15 07:53:31] No changes detected.
[2026-05-15 07:53:31] Pushed        1 commit(s) to remote.
[main f6eee48] Auto-commit: 2026-05-15 07:54:02
 1 file changed, 0 insertions(+), 0 deletions(-)
[2026-05-15 07:54:02] Changes committed locally.
[2026-05-15 07:54:32] No changes detected.
[2026-05-15 07:55:03] No changes detected.
[2026-05-15 07:55:33] No changes detected.
[2026-05-15 07:56:03] No changes detected.
[2026-05-15 07:56:33] No changes detected.
[2026-05-15 07:57:03] No changes detected.
[2026-05-15 07:57:33] No changes detected.
[2026-05-15 07:58:03] No changes detected.
[2026-05-15 07:58:33] No changes detected.
[2026-05-15 07:59:04] No changes detected.
[2026-05-15 07:59:34] No changes detected.
[2026-05-15 08:00:04] No changes detected.
[2026-05-15 08:00:34] No changes detected.
[2026-05-15 08:01:04] No changes detected.
[2026-05-15 08:01:35] No changes detected.
[2026-05-15 08:02:05] No changes detected.
[2026-05-15 08:02:35] No changes detected.
[2026-05-15 08:03:05] No changes detected.
[2026-05-15 08:03:35] No changes detected.
[2026-05-15 08:03:35] Pushed        1 commit(s) to remote.
[main d8adc61] Auto-commit: 2026-05-15 08:04:07
 1 file changed, 0 insertions(+), 0 deletions(-)
[2026-05-15 08:04:07] Changes committed locally.
[2026-05-15 08:04:37] No changes detected.
[2026-05-15 08:05:07] No changes detected.
[2026-05-15 08:05:37] No changes detected.
[2026-05-15 08:06:07] No changes detected.
[2026-05-15 08:06:37] No changes detected.
[2026-05-15 08:07:08] No changes detected.
[2026-05-15 08:07:38] No changes detected.
[2026-05-15 08:08:08] No changes detected.
[2026-05-15 08:08:38] No changes detected.
[2026-05-15 08:09:08] No changes detected.
[2026-05-15 08:09:38] No changes detected.
[2026-05-15 08:10:08] No changes detected.
[2026-05-15 08:10:38] No changes detected.
[2026-05-15 08:11:09] No changes detected.
[2026-05-15 08:11:39] No changes detected.
[2026-05-15 08:12:09] No changes detected.
[2026-05-15 08:12:39] No changes detected.
[2026-05-15 08:13:09] No changes detected.
[2026-05-15 08:13:39] No changes detected.
[2026-05-15 08:13:39] Pushed        1 commit(s) to remote.
[main 7e8a5dd] Auto-commit: 2026-05-15 08:14:11
 1 file changed, 0 insertions(+), 0 deletions(-)
[2026-05-15 08:14:11] Changes committed locally.
[2026-05-15 08:14:41] No changes detected.
[2026-05-15 08:15:11] No changes detected.
[2026-05-15 08:15:41] No changes detected.
[2026-05-15 08:16:11] No changes detected.
[2026-05-15 08:16:41] No changes detected.
[2026-05-15 08:17:11] No changes detected.
[2026-05-15 08:17:41] No changes detected.
[2026-05-15 08:18:12] No changes detected.
[2026-05-15 08:18:42] No changes detected.
[2026-05-15 08:19:12] No changes detected.
[2026-05-15 08:19:42] No changes detected.
[2026-05-15 08:20:12] No changes detected.
[2026-05-15 08:20:42] No changes detected.
[2026-05-15 08:21:12] No changes detected.
[2026-05-15 08:21:43] No changes detected.
[2026-05-15 08:22:13] No changes detected.
[2026-05-15 08:22:43] No changes detected.
[2026-05-15 08:23:13] No changes detected.
[2026-05-15 08:23:43] No changes detected.
[2026-05-15 08:23:43] Pushed        1 commit(s) to remote.
[main 4fd2e17] Auto-commit: 2026-05-15 08:24:15
 1 file changed, 0 insertions(+), 0 deletions(-)
[2026-05-15 08:24:15] Changes committed locally.
[2026-05-15 08:24:45] No changes detected.
[2026-05-15 08:25:15] No changes detected.
[2026-05-15 08:25:45] No changes detected.
[2026-05-15 08:26:15] No changes detected.
[2026-05-15 08:26:46] No changes detected.
[2026-05-15 08:27:16] No changes detected.
[2026-05-15 08:27:46] No changes detected.
[2026-05-15 08:28:16] No changes detected.
[2026-05-15 08:28:46] No changes detected.
[2026-05-15 08:29:16] No changes detected.
[2026-05-15 08:29:46] No changes detected.
[2026-05-15 08:30:16] No changes detected.
[main 93a8973] Auto-commit: 2026-05-15 08:30:46
 1 file changed, 0 insertions(+), 0 deletions(-)
[2026-05-15 08:30:46] Changes committed locally.
[main b714db2] Auto-commit: 2026-05-15 08:31:16
 1 file changed, 0 insertions(+), 0 deletions(-)
[2026-05-15 08:31:16] Changes committed locally.
[2026-05-15 08:31:47] No changes detected.
[2026-05-15 08:32:17] No changes detected.
[2026-05-15 08:32:47] No changes detected.
[2026-05-15 08:33:17] No changes detected.
[2026-05-15 08:33:47] No changes detected.
[2026-05-15 08:33:47] Pushed        3 commit(s) to remote.
[main b3275a7] Auto-commit: 2026-05-15 08:34:19
 1 file changed, 0 insertions(+), 0 deletions(-)
[2026-05-15 08:34:19] Changes committed locally.
[main 1ab3862] Auto-commit: 2026-05-15 08:34:49
 1 file changed, 0 insertions(+), 0 deletions(-)
[2026-05-15 08:34:49] Changes committed locally.
[main 22087d2] Auto-commit: 2026-05-15 08:35:19
 1 file changed, 0 insertions(+), 0 deletions(-)
[2026-05-15 08:35:19] Changes committed locally.
[2026-05-15 08:35:49] No changes detected.
[2026-05-15 08:36:20] No changes detected.
[2026-05-15 08:36:50] No changes detected.
[2026-05-15 08:37:20] No changes detected.
[2026-05-15 08:37:50] No changes detected.
[2026-05-15 08:38:20] No changes detected.
[2026-05-15 08:38:50] No changes detected.
[2026-05-15 08:39:21] No changes detected.
[2026-05-15 08:39:51] No changes detected.
[2026-05-15 08:40:21] No changes detected.
[2026-05-15 08:40:51] No changes detected.
[2026-05-15 08:41:21] No changes detected.
[2026-05-15 08:41:52] No changes detected.
[2026-05-15 08:42:22] No changes detected.
[2026-05-15 08:42:52] No changes detected.
[2026-05-15 08:43:22] No changes detected.
[2026-05-15 08:43:52] No changes detected.
[2026-05-15 08:43:52] Pushed        3 commit(s) to remote.
[main a1d70cb] Auto-commit: 2026-05-15 08:44:24
 1 file changed, 0 insertions(+), 0 deletions(-)
[2026-05-15 08:44:24] Changes committed locally.
[2026-05-15 08:44:55] No changes detected.
[2026-05-15 08:45:25] No changes detected.
[2026-05-15 08:45:55] No changes detected.
[2026-05-15 08:57:32] No changes detected.
[2026-05-15 08:58:02] No changes detected.
[2026-05-15 09:05:13] No changes detected.
[2026-05-15 09:05:43] No changes detected.
[2026-05-15 09:06:13] No changes detected.
[2026-05-15 09:06:43] No changes detected.
[2026-05-15 09:07:13] No changes detected.
[2026-05-15 09:07:43] No changes detected.
[2026-05-15 09:11:50] No changes detected.
[2026-05-15 09:12:20] No changes detected.
[2026-05-15 09:12:50] No changes detected.
[2026-05-15 09:13:20] No changes detected.
[2026-05-15 09:13:51] No changes detected.
[2026-05-15 09:14:21] No changes detected.
[2026-05-15 09:14:51] No changes detected.
[2026-05-15 09:15:21] No changes detected.
[2026-05-15 09:15:21] Pushed        1 commit(s) to remote.
[main a1aaaaa] Auto-commit: 2026-05-15 09:15:53
 1 file changed, 0 insertions(+), 0 deletions(-)
[2026-05-15 09:15:53] Changes committed locally.
[2026-05-15 09:16:23] No changes detected.
[2026-05-15 09:16:53] No changes detected.
[2026-05-15 09:17:23] No changes detected.
[2026-05-15 09:17:54] No changes detected.
[main 697905e] Auto-commit: 2026-05-15 09:18:24
 1 file changed, 0 insertions(+), 0 deletions(-)
[2026-05-15 09:18:24] Changes committed locally.
[2026-05-15 09:18:54] No changes detected.
[2026-05-15 09:19:24] No changes detected.
[2026-05-15 09:19:54] No changes detected.
[2026-05-15 09:20:24] No changes detected.
[2026-05-15 09:20:55] No changes detected.
[2026-05-15 09:21:25] No changes detected.
[2026-05-15 09:21:55] No changes detected.
[2026-05-15 09:22:25] No changes detected.
[2026-05-15 09:22:55] No changes detected.
[2026-05-15 09:23:25] No changes detected.
[2026-05-15 09:23:56] No changes detected.
[2026-05-15 09:24:26] No changes detected.
[2026-05-15 09:24:56] No changes detected.
[2026-05-15 09:25:26] No changes detected.
[2026-05-15 09:25:26] Pushed        2 commit(s) to remote.
[main 5a17184] Auto-commit: 2026-05-15 09:25:58
 1 file changed, 0 insertions(+), 0 deletions(-)
[2026-05-15 09:25:58] Changes committed locally.
[2026-05-15 09:26:28] No changes detected.
[2026-05-15 09:26:58] No changes detected.
[2026-05-15 09:27:28] No changes detected.
[2026-05-15 09:27:59] No changes detected.
[2026-05-15 09:28:29] No changes detected.
[2026-05-15 09:28:59] No changes detected.
[2026-05-15 09:29:29] No changes detected.
[2026-05-15 09:29:59] No changes detected.
[2026-05-15 09:30:29] No changes detected.
[2026-05-15 09:31:00] No changes detected.
[2026-05-15 09:31:30] No changes detected.
[2026-05-15 09:32:00] No changes detected.
[2026-05-15 09:32:30] No changes detected.
[2026-05-15 09:33:00] No changes detected.
[2026-05-15 09:33:30] No changes detected.
[2026-05-15 09:34:00] No changes detected.
[2026-05-15 09:34:31] No changes detected.
[2026-05-15 09:35:01] No changes detected.
[2026-05-15 09:35:31] No changes detected.
[2026-05-15 09:35:31] Pushed        1 commit(s) to remote.
[main 8fc96d3] Auto-commit: 2026-05-15 09:36:03
 1 file changed, 0 insertions(+), 0 deletions(-)
[2026-05-15 09:36:03] Changes committed locally.
[2026-05-15 09:36:33] No changes detected.
[2026-05-15 09:37:03] No changes detected.
[2026-05-15 09:37:33] No changes detected.
[2026-05-15 09:38:03] No changes detected.
[2026-05-15 09:38:34] No changes detected.
[2026-05-15 09:39:04] No changes detected.
[2026-05-15 09:39:34] No changes detected.
[2026-05-15 09:40:04] No changes detected.
[2026-05-15 09:40:34] No changes detected.
[2026-05-15 09:41:04] No changes detected.
[2026-05-15 09:41:35] No changes detected.
[2026-05-15 09:42:05] No changes detected.
[2026-05-15 09:42:35] No changes detected.
[2026-05-15 09:43:05] No changes detected.
[2026-05-15 09:43:35] No changes detected.
[2026-05-15 09:44:06] No changes detected.
[2026-05-15 09:44:36] No changes detected.
[2026-05-15 09:52:52] No changes detected.
[2026-05-15 09:53:22] No changes detected.
[2026-05-15 09:53:22] Pushed        1 commit(s) to remote.
[main 625b844] Auto-commit: 2026-05-15 09:53:54
 1 file changed, 0 insertions(+), 0 deletions(-)
[2026-05-15 09:53:54] Changes committed locally.
[2026-05-15 09:54:24] No changes detected.
[2026-05-15 09:54:54] No changes detected.
[2026-05-15 09:55:24] No changes detected.
[2026-05-15 09:55:54] No changes detected.
[2026-05-15 09:56:25] No changes detected.
[2026-05-15 09:56:55] No changes detected.
[main 26e6f63] Auto-commit: 2026-05-15 09:57:25
 2 files changed, 5 insertions(+)
[2026-05-15 09:57:25] Changes committed locally.
[2026-05-15 09:57:55] No changes detected.
[2026-05-15 09:58:25] No changes detected.
[2026-05-15 09:58:55] No changes detected.
[main 6e17f93] Auto-commit: 2026-05-15 09:59:25
 2 files changed, 1 insertion(+), 1 deletion(-)
[2026-05-15 09:59:25] Changes committed locally.
[2026-05-15 09:59:55] No changes detected.
[2026-05-15 10:00:26] No changes detected.
[main 83f4afd] Auto-commit: 2026-05-15 10:00:56
 2 files changed, 2 insertions(+), 1 deletion(-)
[2026-05-15 10:00:56] Changes committed locally.
[main 3112bdd] Auto-commit: 2026-05-15 10:01:26
 2 files changed, 1 insertion(+), 1 deletion(-)
[2026-05-15 10:01:26] Changes committed locally.
[main e0becd4] Auto-commit: 2026-05-15 10:01:56
 1 file changed, 0 insertions(+), 0 deletions(-)
[2026-05-15 10:01:56] Changes committed locally.
[main 43a0398] Auto-commit: 2026-05-15 10:02:27
 2 files changed, 2 insertions(+), 1 deletion(-)
[2026-05-15 10:02:27] Changes committed locally.
[main a781076] Auto-commit: 2026-05-15 10:02:57
 2 files changed, 1 insertion(+)
[2026-05-15 10:02:57] Changes committed locally.
[main 7130a14] Auto-commit: 2026-05-15 10:03:27
 1 file changed, 0 insertions(+), 0 deletions(-)
[2026-05-15 10:03:27] Changes committed locally.
[2026-05-15 10:03:27] Pushed        1 commit(s) to remote.
[2026-05-15 10:04:00] No changes detected.
[2026-05-15 10:04:31] No changes detected.
[main 2c8f21d] Auto-commit: 2026-05-15 10:05:02
 1 file changed, 1 insertion(+), 2 deletions(-)
[2026-05-15 10:05:02] Changes committed locally.
[2026-05-15 10:05:32] No changes detected.
[2026-05-15 10:06:02] No changes detected.
[2026-05-15 10:06:32] No changes detected.
[2026-05-15 10:07:03] No changes detected.
[2026-05-15 10:07:33] No changes detected.
[2026-05-15 10:08:03] No changes detected.
[2026-05-15 10:08:33] No changes detected.
[2026-05-15 10:09:03] No changes detected.
[main c5e6370] Auto-commit: 2026-05-15 10:09:33
 4 files changed, 136 insertions(+)
 create mode 100644 template.out
 create mode 100644 template.pdf
 create mode 100644 template.tex
 create mode 100644 template.toc
[2026-05-15 10:09:33] Changes committed locally.
[2026-05-15 10:10:04] No changes detected.
[2026-05-15 10:10:34] No changes detected.
[2026-05-15 10:11:04] No changes detected.
[2026-05-15 10:11:34] No changes detected.
[2026-05-15 10:12:04] No changes detected.
[main 82282bd] Auto-commit: 2026-05-15 10:12:34
 3 files changed, 7 deletions(-)
 delete mode 100644 template.out
 delete mode 100644 template.toc
[2026-05-15 10:12:34] Changes committed locally.
[main 8008148] Auto-commit: 2026-05-15 10:13:05
 1 file changed, 0 insertions(+), 0 deletions(-)
[2026-05-15 10:13:05] Changes committed locally.
[2026-05-15 10:13:35] No changes detected.
[2026-05-15 10:13:35] Pushed        4 commit(s) to remote.
[2026-05-15 10:14:07] No changes detected.
[main 774dd69] Auto-commit: 2026-05-15 10:14:37
 5 files changed, 1 insertion(+), 1 deletion(-)
 create mode 100644 template.out
 create mode 100644 template.synctex(busy)
 create mode 100644 template.toc
[2026-05-15 10:14:37] Changes committed locally.
[main c1c98c5] Auto-commit: 2026-05-15 10:15:08
 4 files changed, 7 insertions(+)
 delete mode 100644 template.synctex(busy)
[2026-05-15 10:15:08] Changes committed locally.
[2026-05-15 10:15:38] No changes detected.
[main 38e006b] Auto-commit: 2026-05-15 10:16:08
 1 file changed, 30 insertions(+), 1 deletion(-)
[2026-05-15 10:16:08] Changes committed locally.
[2026-05-15 10:16:38] No changes detected.
[main 2544a2f] Auto-commit: 2026-05-15 10:17:08
 4 files changed, 11 insertions(+)
 create mode 100644 Extended Essay/Johannes - Mathematics Extended Essay - Probabilistic method.out
 create mode 100644 Extended Essay/Johannes - Mathematics Extended Essay - Probabilistic method.pdf
 create mode 100644 Extended Essay/Johannes - Mathematics Extended Essay - Probabilistic method.synctex(busy)
[2026-05-15 10:17:08] Changes committed locally.
[main c802dfb] Auto-commit: 2026-05-15 10:17:38
 4 files changed, 4 insertions(+)
 delete mode 100644 Extended Essay/Johannes - Mathematics Extended Essay - Probabilistic method.synctex(busy)
 create mode 100644 Extended Essay/Johannes - Mathematics Extended Essay - Probabilistic method.toc
[2026-05-15 10:17:38] Changes committed locally.
[2026-05-15 10:18:08] No changes detected.
[main fa2cba0] Auto-commit: 2026-05-15 10:18:39
 4 files changed, 3 insertions(+), 1 deletion(-)
[2026-05-15 10:18:39] Changes committed locally.
On branch main
Your branch is ahead of 'origin/main' by 6 commits.
  (use "git push" to publish your local commits)

Untracked files:
  (use "git add <file>..." to include in what will be committed)
	Extended Essay/Johannes - Mathematics Extended Essay - Probabilistic method 2.out
	template 2.out
	template 2.toc

nothing added to commit but untracked files present (use "git add" to track)
[2026-05-15 10:19:09] Changes committed locally.
On branch main
Your branch is ahead of 'origin/main' by 6 commits.
  (use "git push" to publish your local commits)

Changes not staged for commit:
  (use "git add <file>..." to update what will be committed)
  (use "git restore <file>..." to discard changes in working directory)
	modified:   Extended Essay/Johannes - Mathematics Extended Essay - Probabilistic method.out
	modified:   Extended Essay/Johannes - Mathematics Extended Essay - Probabilistic method.pdf
	modified:   Extended Essay/Johannes - Mathematics Extended Essay - Probabilistic method.tex
	modified:   Extended Essay/Johannes - Mathematics Extended Essay - Probabilistic method.toc

Untracked files:
  (use "git add <file>..." to include in what will be committed)
	Extended Essay/Johannes - Mathematics Extended Essay - Probabilistic method 2.out
	template 2.out
	template 2.toc

no changes added to commit (use "git add" and/or "git commit -a")
[2026-05-15 10:19:39] Changes committed locally.
On branch main
Your branch is ahead of 'origin/main' by 6 commits.
  (use "git push" to publish your local commits)

Changes not staged for commit:
  (use "git add <file>..." to update what will be committed)
  (use "git restore <file>..." to discard changes in working directory)
	modified:   Extended Essay/Johannes - Mathematics Extended Essay - Probabilistic method.out
	modified:   Extended Essay/Johannes - Mathematics Extended Essay - Probabilistic method.pdf
	modified:   Extended Essay/Johannes - Mathematics Extended Essay - Probabilistic method.tex
	modified:   Extended Essay/Johannes - Mathematics Extended Essay - Probabilistic method.toc

Untracked files:
  (use "git add <file>..." to include in what will be committed)
	Extended Essay/Johannes - Mathematics Extended Essay - Probabilistic method 2.out
	Extended Essay/Johannes - Mathematics Extended Essay - Probabilistic method.synctex(busy)
	template 2.out
	template 2.toc

no changes added to commit (use "git add" and/or "git commit -a")
[2026-05-15 10:20:09] Changes committed locally.
On branch main
Your branch is ahead of 'origin/main' by 6 commits.
  (use "git push" to publish your local commits)

Changes not staged for commit:
  (use "git add <file>..." to update what will be committed)
  (use "git restore <file>..." to discard changes in working directory)
	modified:   Extended Essay/Johannes - Mathematics Extended Essay - Probabilistic method.out
	modified:   Extended Essay/Johannes - Mathematics Extended Essay - Probabilistic method.pdf
	modified:   Extended Essay/Johannes - Mathematics Extended Essay - Probabilistic method.tex
	modified:   Extended Essay/Johannes - Mathematics Extended Essay - Probabilistic method.toc

Untracked files:
  (use "git add <file>..." to include in what will be committed)
	Extended Essay/Johannes - Mathematics Extended Essay - Probabilistic method 2.out
	template 2.out
	template 2.toc

no changes added to commit (use "git add" and/or "git commit -a")
[2026-05-15 10:20:39] Changes committed locally.
On branch main
Your branch is ahead of 'origin/main' by 6 commits.
  (use "git push" to publish your local commits)

Changes not staged for commit:
  (use "git add <file>..." to update what will be committed)
  (use "git restore <file>..." to discard changes in working directory)
	modified:   Extended Essay/Johannes - Mathematics Extended Essay - Probabilistic method.out
	modified:   Extended Essay/Johannes - Mathematics Extended Essay - Probabilistic method.pdf
	modified:   Extended Essay/Johannes - Mathematics Extended Essay - Probabilistic method.tex
	modified:   Extended Essay/Johannes - Mathematics Extended Essay - Probabilistic method.toc

Untracked files:
  (use "git add <file>..." to include in what will be committed)
	Extended Essay/Johannes - Mathematics Extended Essay - Probabilistic method 2.out
	template 2.out
	template 2.toc

no changes added to commit (use "git add" and/or "git commit -a")
[2026-05-15 10:21:10] Changes committed locally.
On branch main
Your branch is ahead of 'origin/main' by 6 commits.
  (use "git push" to publish your local commits)

Changes not staged for commit:
  (use "git add <file>..." to update what will be committed)
  (use "git restore <file>..." to discard changes in working directory)
	modified:   Extended Essay/Johannes - Mathematics Extended Essay - Probabilistic method.out
	modified:   Extended Essay/Johannes - Mathematics Extended Essay - Probabilistic method.pdf
	modified:   Extended Essay/Johannes - Mathematics Extended Essay - Probabilistic method.tex
	modified:   Extended Essay/Johannes - Mathematics Extended Essay - Probabilistic method.toc

Untracked files:
  (use "git add <file>..." to include in what will be committed)
	Extended Essay/Johannes - Mathematics Extended Essay - Probabilistic method 2.out
	template 2.out
	template 2.toc

no changes added to commit (use "git add" and/or "git commit -a")
[2026-05-15 10:21:40] Changes committed locally.
On branch main
Your branch is ahead of 'origin/main' by 6 commits.
  (use "git push" to publish your local commits)

Changes not staged for commit:
  (use "git add <file>..." to update what will be committed)
  (use "git restore <file>..." to discard changes in working directory)
	modified:   Extended Essay/Johannes - Mathematics Extended Essay - Probabilistic method.out
	modified:   Extended Essay/Johannes - Mathematics Extended Essay - Probabilistic method.pdf
	modified:   Extended Essay/Johannes - Mathematics Extended Essay - Probabilistic method.tex
	modified:   Extended Essay/Johannes - Mathematics Extended Essay - Probabilistic method.toc

Untracked files:
  (use "git add <file>..." to include in what will be committed)
	Extended Essay/Johannes - Mathematics Extended Essay - Probabilistic method 2.out
	template 2.out
	template 2.toc

no changes added to commit (use "git add" and/or "git commit -a")
[2026-05-15 10:22:10] Changes committed locally.
On branch main
Your branch is ahead of 'origin/main' by 6 commits.
  (use "git push" to publish your local commits)

Changes not staged for commit:
  (use "git add <file>..." to update what will be committed)
  (use "git restore <file>..." to discard changes in working directory)
	modified:   Extended Essay/Johannes - Mathematics Extended Essay - Probabilistic method.out
	modified:   Extended Essay/Johannes - Mathematics Extended Essay - Probabilistic method.pdf
	modified:   Extended Essay/Johannes - Mathematics Extended Essay - Probabilistic method.tex
	modified:   Extended Essay/Johannes - Mathematics Extended Essay - Probabilistic method.toc

Untracked files:
  (use "git add <file>..." to include in what will be committed)
	Extended Essay/Johannes - Mathematics Extended Essay - Probabilistic method 2.out
	template 2.out
	template 2.toc

no changes added to commit (use "git add" and/or "git commit -a")
[2026-05-15 10:22:40] Changes committed locally.
On branch main
Your branch is ahead of 'origin/main' by 6 commits.
  (use "git push" to publish your local commits)

Changes not staged for commit:
  (use "git add <file>..." to update what will be committed)
  (use "git restore <file>..." to discard changes in working directory)
	modified:   Extended Essay/Johannes - Mathematics Extended Essay - Probabilistic method.out
	modified:   Extended Essay/Johannes - Mathematics Extended Essay - Probabilistic method.pdf
	modified:   Extended Essay/Johannes - Mathematics Extended Essay - Probabilistic method.tex
	modified:   Extended Essay/Johannes - Mathematics Extended Essay - Probabilistic method.toc

Untracked files:
  (use "git add <file>..." to include in what will be committed)
	template 2.out
	template 2.toc

no changes added to commit (use "git add" and/or "git commit -a")
[2026-05-15 10:23:10] Changes committed locally.
On branch main
Your branch is ahead of 'origin/main' by 6 commits.
  (use "git push" to publish your local commits)

Changes not staged for commit:
  (use "git add <file>..." to update what will be committed)
  (use "git restore <file>..." to discard changes in working directory)
	modified:   Extended Essay/Johannes - Mathematics Extended Essay - Probabilistic method.out
	modified:   Extended Essay/Johannes - Mathematics Extended Essay - Probabilistic method.pdf
	modified:   Extended Essay/Johannes - Mathematics Extended Essay - Probabilistic method.tex
	modified:   Extended Essay/Johannes - Mathematics Extended Essay - Probabilistic method.toc

Untracked files:
  (use "git add <file>..." to include in what will be committed)
	template 2.out
	template 2.toc

no changes added to commit (use "git add" and/or "git commit -a")
[2026-05-15 10:23:41] Changes committed locally.
[2026-05-15 10:23:41] Pushed        6 commit(s) to remote.
On branch main
Your branch is up to date with 'origin/main'.

Changes not staged for commit:
  (use "git add <file>..." to update what will be committed)
  (use "git restore <file>..." to discard changes in working directory)
	modified:   Extended Essay/Johannes - Mathematics Extended Essay - Probabilistic method.out
	modified:   Extended Essay/Johannes - Mathematics Extended Essay - Probabilistic method.pdf
	modified:   Extended Essay/Johannes - Mathematics Extended Essay - Probabilistic method.tex
	modified:   Extended Essay/Johannes - Mathematics Extended Essay - Probabilistic method.toc

Untracked files:
  (use "git add <file>..." to include in what will be committed)
	template 2.out
	template 2.toc

no changes added to commit (use "git add" and/or "git commit -a")
[2026-05-15 10:24:13] Changes committed locally.
On branch main
Your branch is up to date with 'origin/main'.

Changes not staged for commit:
  (use "git add <file>..." to update what will be committed)
  (use "git restore <file>..." to discard changes in working directory)
	modified:   Extended Essay/Johannes - Mathematics Extended Essay - Probabilistic method.out
	modified:   Extended Essay/Johannes - Mathematics Extended Essay - Probabilistic method.pdf
	modified:   Extended Essay/Johannes - Mathematics Extended Essay - Probabilistic method.tex
	modified:   Extended Essay/Johannes - Mathematics Extended Essay - Probabilistic method.toc

Untracked files:
  (use "git add <file>..." to include in what will be committed)
	template 2.out
	template 2.toc

no changes added to commit (use "git add" and/or "git commit -a")
[2026-05-15 10:24:43] Changes committed locally.
On branch main
Your branch is up to date with 'origin/main'.

Changes not staged for commit:
  (use "git add <file>..." to update what will be committed)
  (use "git restore <file>..." to discard changes in working directory)
	modified:   Extended Essay/Johannes - Mathematics Extended Essay - Probabilistic method.out
	modified:   Extended Essay/Johannes - Mathematics Extended Essay - Probabilistic method.pdf
	modified:   Extended Essay/Johannes - Mathematics Extended Essay - Probabilistic method.tex
	modified:   Extended Essay/Johannes - Mathematics Extended Essay - Probabilistic method.toc

Untracked files:
  (use "git add <file>..." to include in what will be committed)
	template 2.out
	template 2.toc

no changes added to commit (use "git add" and/or "git commit -a")
[2026-05-15 10:25:13] Changes committed locally.
On branch main
Your branch is up to date with 'origin/main'.

Changes not staged for commit:
  (use "git add <file>..." to update what will be committed)
  (use "git restore <file>..." to discard changes in working directory)
	modified:   Extended Essay/Johannes - Mathematics Extended Essay - Probabilistic method.out
	modified:   Extended Essay/Johannes - Mathematics Extended Essay - Probabilistic method.pdf
	modified:   Extended Essay/Johannes - Mathematics Extended Essay - Probabilistic method.tex
	modified:   Extended Essay/Johannes - Mathematics Extended Essay - Probabilistic method.toc

Untracked files:
  (use "git add <file>..." to include in what will be committed)
	template 2.out
	template 2.toc

no changes added to commit (use "git add" and/or "git commit -a")
[2026-05-15 10:25:43] Changes committed locally.
On branch main
Your branch is up to date with 'origin/main'.

Changes not staged for commit:
  (use "git add <file>..." to update what will be committed)
  (use "git restore <file>..." to discard changes in working directory)
	modified:   Extended Essay/Johannes - Mathematics Extended Essay - Probabilistic method.out
	modified:   Extended Essay/Johannes - Mathematics Extended Essay - Probabilistic method.pdf
	modified:   Extended Essay/Johannes - Mathematics Extended Essay - Probabilistic method.tex
	modified:   Extended Essay/Johannes - Mathematics Extended Essay - Probabilistic method.toc

Untracked files:
  (use "git add <file>..." to include in what will be committed)
	template 2.out
	template 2.toc

no changes added to commit (use "git add" and/or "git commit -a")
[2026-05-15 10:26:13] Changes committed locally.
On branch main
Your branch is up to date with 'origin/main'.

Changes not staged for commit:
  (use "git add <file>..." to update what will be committed)
  (use "git restore <file>..." to discard changes in working directory)
	modified:   Extended Essay/Johannes - Mathematics Extended Essay - Probabilistic method.out
	modified:   Extended Essay/Johannes - Mathematics Extended Essay - Probabilistic method.pdf
	modified:   Extended Essay/Johannes - Mathematics Extended Essay - Probabilistic method.tex
	modified:   Extended Essay/Johannes - Mathematics Extended Essay - Probabilistic method.toc

Untracked files:
  (use "git add <file>..." to include in what will be committed)
	template 2.out
	template 2.toc

no changes added to commit (use "git add" and/or "git commit -a")
[2026-05-15 10:26:44] Changes committed locally.
[main 7e6fd5c] Auto-commit: 2026-05-15 10:27:14
 6 files changed, 46 insertions(+), 3 deletions(-)
 create mode 100644 template 2.out
 create mode 100644 template 2.toc
[2026-05-15 10:27:14] Changes committed locally.
[2026-05-15 10:27:44] No changes detected.
[2026-05-15 10:28:14] No changes detected.
[main e973112] Auto-commit: 2026-05-15 10:28:44
 1 file changed, 0 insertions(+), 0 deletions(-)
[2026-05-15 10:28:44] Changes committed locally.
[main b852589] Auto-commit: 2026-05-15 10:29:15
 2 files changed, 4 insertions(+), 1 deletion(-)
[2026-05-15 10:29:15] Changes committed locally.
[2026-05-15 10:29:45] No changes detected.
[2026-05-15 10:30:15] No changes detected.
[main 6f2771a] Auto-commit: 2026-05-15 10:30:45
 4 files changed, 2491 insertions(+)
 create mode 100644 Extended Essay/Johannes - Mathematics Extended Essay - Probabilistic method.bcf
 create mode 100644 Extended Essay/Johannes - Mathematics Extended Essay - Probabilistic method.run.xml
[2026-05-15 10:30:45] Changes committed locally.
[main f0538d7] Auto-commit: 2026-05-15 10:31:15
 6 files changed, 36 insertions(+), 3 deletions(-)
 create mode 100644 Extended Essay/Johannes - Mathematics Extended Essay - Probabilistic method.bbl
 create mode 100644 Extended Essay/Johannes - Mathematics Extended Essay - Probabilistic method.blg
[2026-05-15 10:31:15] Changes committed locally.
[2026-05-15 10:31:46] No changes detected.
[2026-05-15 10:32:16] No changes detected.
[2026-05-15 10:32:46] No changes detected.
[main b423fe2] Auto-commit: 2026-05-15 10:33:16
 1 file changed, 9 insertions(+), 2 deletions(-)
[2026-05-15 10:33:16] Changes committed locally.
[2026-05-15 10:33:46] No changes detected.
[2026-05-15 10:33:46] Pushed        6 commit(s) to remote.
[2026-05-15 10:34:18] No changes detected.
[main e1c5323] Auto-commit: 2026-05-15 10:34:49
 12 files changed, 2550 deletions(-)
 delete mode 100644 Extended Essay/Johannes - Mathematics Extended Essay - Probabilistic method.bbl
 delete mode 100644 Extended Essay/Johannes - Mathematics Extended Essay - Probabilistic method.bcf
 delete mode 100644 Extended Essay/Johannes - Mathematics Extended Essay - Probabilistic method.blg
 delete mode 100644 Extended Essay/Johannes - Mathematics Extended Essay - Probabilistic method.out
 delete mode 100644 Extended Essay/Johannes - Mathematics Extended Essay - Probabilistic method.pdf
 delete mode 100644 Extended Essay/Johannes - Mathematics Extended Essay - Probabilistic method.run.xml
 delete mode 100644 Extended Essay/Johannes - Mathematics Extended Essay - Probabilistic method.toc
 delete mode 100644 template 2.out
 delete mode 100644 template 2.toc
 delete mode 100644 template.out
 delete mode 100644 template.pdf
 delete mode 100644 template.toc
[2026-05-15 10:34:49] Changes committed locally.
[2026-05-15 10:35:19] No changes detected.
[2026-05-15 10:35:49] No changes detected.
[main f29bcff] Auto-commit: 2026-05-15 10:36:19
 1 file changed, 2 insertions(+)
[2026-05-15 10:36:19] Changes committed locally.
[main 0306322] Auto-commit: 2026-05-15 10:36:49
 1 file changed, 1 insertion(+)
[2026-05-15 10:36:49] Changes committed locally.
[main 66fc460] Auto-commit: 2026-05-15 10:37:19
 1 file changed, 2 insertions(+)
[2026-05-15 10:37:19] Changes committed locally.
[main ad58ff7] Auto-commit: 2026-05-15 10:37:49
 1 file changed, 1 insertion(+), 1 deletion(-)
[2026-05-15 10:37:49] Changes committed locally.
[2026-05-15 10:38:21] No changes detected.
[2026-05-15 10:38:51] No changes detected.
[2026-05-15 10:39:21] No changes detected.
[2026-05-15 10:39:51] No changes detected.
[2026-05-15 10:40:21] No changes detected.
[2026-05-15 10:40:52] No changes detected.
[2026-05-15 10:41:22] No changes detected.
[2026-05-15 10:45:05] No changes detected.
[2026-05-15 10:45:35] No changes detected.
[main 2442045] Auto-commit: 2026-05-15 10:46:06
 1 file changed, 2 insertions(+)
[2026-05-15 10:46:06] Changes committed locally.
[main 526dadb] Auto-commit: 2026-05-15 10:46:36
 1 file changed, 1 insertion(+), 1 deletion(-)
[2026-05-15 10:46:36] Changes committed locally.
[2026-05-15 10:47:07] No changes detected.
[2026-05-15 10:47:07] Pushed        7 commit(s) to remote.
[2026-05-15 10:47:39] No changes detected.
[2026-05-15 10:48:09] No changes detected.
[2026-05-15 10:48:39] No changes detected.
[2026-05-15 10:49:09] No changes detected.
[2026-05-15 10:49:40] No changes detected.
[main c719f20] Auto-commit: 2026-05-15 10:50:11
 2 files changed, 2 insertions(+)
 create mode 100644 Extended Essay/Johannes - Mathematics Extended Essay - Probabilistic method.synctex(busy)
[2026-05-15 10:50:11] Changes committed locally.
[main ef17624] Auto-commit: 2026-05-15 10:50:41
 1 file changed, 0 insertions(+), 0 deletions(-)
 delete mode 100644 Extended Essay/Johannes - Mathematics Extended Essay - Probabilistic method.synctex(busy)
[2026-05-15 10:50:41] Changes committed locally.
[2026-05-15 10:51:11] No changes detected.
[main 6bd8b30] Auto-commit: 2026-05-15 10:51:41
 1 file changed, 2 insertions(+)
[2026-05-15 10:51:41] Changes committed locally.
[2026-05-15 10:52:12] No changes detected.
[main dbd1ab0] Auto-commit: 2026-05-15 10:52:42
 1 file changed, 3 insertions(+)
[2026-05-15 10:52:42] Changes committed locally.
[2026-05-15 10:53:12] No changes detected.
[2026-05-15 10:53:42] No changes detected.
[2026-05-15 10:54:12] No changes detected.
[2026-05-15 10:54:42] No changes detected.
[2026-05-15 10:55:13] No changes detected.
[2026-05-15 10:55:43] No changes detected.
[2026-05-15 10:56:13] No changes detected.
[2026-05-15 10:56:43] No changes detected.
[2026-05-15 10:57:13] No changes detected.
[2026-05-15 10:57:14] Pushed        4 commit(s) to remote.
[2026-05-15 10:57:45] No changes detected.
[2026-05-15 10:58:16] No changes detected.
[2026-05-15 10:58:46] No changes detected.
[2026-05-15 10:59:17] No changes detected.
[2026-05-15 10:59:52] No changes detected.
[2026-05-15 11:15:48] No changes detected.
[2026-05-15 11:16:54] No changes detected.
[2026-05-15 11:17:25] No changes detected.
[2026-05-15 11:18:45] No changes detected.
[2026-05-15 11:46:50] No changes detected.
[2026-05-15 12:03:16] No changes detected.
[2026-05-15 12:04:29] No changes detected.
[2026-05-15 12:20:24] No changes detected.
[2026-05-15 12:20:54] No changes detected.
[2026-05-15 12:41:41] No changes detected.
[2026-05-15 12:47:56] No changes detected.
[2026-05-15 12:48:27] No changes detected.
[2026-05-15 12:49:25] No changes detected.
[2026-05-15 12:53:58] No changes detected.
[2026-05-15 12:54:38] No changes detected.
[2026-05-15 12:55:08] No changes detected.
[2026-05-15 12:55:39] No changes detected.
[2026-05-15 12:56:12] No changes detected.
[2026-05-15 13:00:39] No changes detected.
[2026-05-15 13:20:38] No changes detected.
[2026-05-15 13:30:42] No changes detected.
[2026-05-15 13:31:13] No changes detected.
[2026-05-15 13:31:43] No changes detected.
[2026-05-15 13:32:13] No changes detected.
[2026-05-15 13:32:43] No changes detected.
[2026-05-15 13:33:13] No changes detected.
[2026-05-15 13:33:43] No changes detected.
[2026-05-15 13:34:13] No changes detected.
[2026-05-15 13:34:44] No changes detected.
[2026-05-15 13:35:14] No changes detected.
[2026-05-15 13:38:20] No changes detected.
[2026-05-15 13:38:50] No changes detected.
[2026-05-15 13:39:20] No changes detected.
[2026-05-15 13:39:50] No changes detected.
[2026-05-15 13:40:20] No changes detected.
[2026-05-15 13:40:51] No changes detected.
[2026-05-15 13:41:21] No changes detected.
[2026-05-15 13:41:51] No changes detected.
[2026-05-15 13:42:21] No changes detected.
[2026-05-15 13:42:52] No changes detected.
[2026-05-15 13:43:22] No changes detected.
[2026-05-15 13:43:52] No changes detected.
[2026-05-15 13:44:22] No changes detected.
[2026-05-15 13:44:52] No changes detected.
[2026-05-15 13:45:23] No changes detected.
[2026-05-15 13:45:53] No changes detected.
[2026-05-15 13:46:23] No changes detected.
[2026-05-15 13:46:53] No changes detected.
[2026-05-15 13:47:23] No changes detected.
[2026-05-15 13:47:53] No changes detected.
[2026-05-15 13:48:24] No changes detected.
[2026-05-15 13:48:54] No changes detected.
[2026-05-15 13:49:24] No changes detected.
[2026-05-15 13:49:54] No changes detected.
[2026-05-15 13:50:24] No changes detected.
[2026-05-15 13:50:54] No changes detected.
[2026-05-15 13:51:24] No changes detected.
[2026-05-15 13:51:55] No changes detected.
[2026-05-15 13:52:25] No changes detected.
[2026-05-15 13:52:55] No changes detected.
[2026-05-15 13:53:25] No changes detected.
[2026-05-15 13:53:55] No changes detected.
[2026-05-15 13:54:25] No changes detected.
[2026-05-15 13:54:55] No changes detected.
[2026-05-15 13:55:26] No changes detected.
[2026-05-15 13:55:56] No changes detected.
[2026-05-15 13:56:26] No changes detected.
[2026-05-15 13:56:56] No changes detected.
[2026-05-15 13:57:26] No changes detected.
[2026-05-15 13:57:57] No changes detected.
[2026-05-15 13:58:27] No changes detected.
[2026-05-15 13:58:57] No changes detected.
[2026-05-15 13:59:27] No changes detected.
[2026-05-15 13:59:57] No changes detected.
[2026-05-15 14:00:27] No changes detected.
[2026-05-15 14:00:58] No changes detected.
[2026-05-15 14:01:28] No changes detected.
[2026-05-15 14:01:58] No changes detected.
[2026-05-15 14:02:28] No changes detected.
[2026-05-15 14:02:58] No changes detected.
[2026-05-15 14:03:28] No changes detected.
[2026-05-15 14:03:58] No changes detected.
[2026-05-15 14:04:28] No changes detected.
[2026-05-15 14:04:59] No changes detected.
[2026-05-15 14:05:29] No changes detected.
[2026-05-15 14:05:59] No changes detected.
[2026-05-15 14:06:29] No changes detected.
[2026-05-15 14:06:59] No changes detected.
[2026-05-15 14:07:29] No changes detected.
[2026-05-15 14:07:59] No changes detected.
[2026-05-15 14:08:29] No changes detected.
[2026-05-15 14:09:00] No changes detected.
[2026-05-15 14:09:30] No changes detected.
[2026-05-15 14:10:00] No changes detected.
[2026-05-15 14:10:30] No changes detected.
[2026-05-15 14:11:00] No changes detected.
[2026-05-15 14:11:30] No changes detected.
[2026-05-15 14:12:01] No changes detected.
[2026-05-15 14:12:31] No changes detected.
[2026-05-15 14:13:01] No changes detected.
[2026-05-15 14:13:31] No changes detected.
[2026-05-15 14:14:01] No changes detected.
[2026-05-15 14:14:32] No changes detected.
[2026-05-15 14:15:02] No changes detected.
[2026-05-15 14:15:32] No changes detected.
[2026-05-15 14:16:03] No changes detected.
[2026-05-15 14:16:33] No changes detected.
[2026-05-15 14:17:03] No changes detected.
[2026-05-15 14:17:33] No changes detected.
[2026-05-15 14:18:04] No changes detected.
[2026-05-15 14:18:34] No changes detected.
[2026-05-15 14:19:04] No changes detected.
[2026-05-15 14:19:34] No changes detected.
[2026-05-15 14:20:04] No changes detected.
[2026-05-15 14:20:35] No changes detected.
[2026-05-15 14:21:05] No changes detected.
[2026-05-15 14:21:35] No changes detected.
[2026-05-15 14:22:05] No changes detected.
[2026-05-15 14:22:36] No changes detected.
[2026-05-15 14:23:06] No changes detected.
[2026-05-15 14:23:36] No changes detected.
[2026-05-15 14:24:06] No changes detected.
[2026-05-15 14:24:36] No changes detected.
[2026-05-15 14:25:07] No changes detected.
[2026-05-15 14:25:37] No changes detected.
[2026-05-15 14:26:07] No changes detected.
[2026-05-15 14:26:37] No changes detected.
[2026-05-15 14:27:08] No changes detected.
[2026-05-15 14:27:38] No changes detected.
[2026-05-15 14:29:17] No changes detected.
[2026-05-15 14:29:48] No changes detected.
[2026-05-15 14:30:18] No changes detected.
[2026-05-15 14:30:48] No changes detected.
[2026-05-15 14:31:19] No changes detected.
[2026-05-15 14:31:49] No changes detected.
[2026-05-15 14:32:20] No changes detected.
[2026-05-15 14:32:50] No changes detected.
[2026-05-15 14:33:20] No changes detected.
[2026-05-15 14:33:51] No changes detected.
[2026-05-15 14:34:21] No changes detected.
[2026-05-15 14:34:51] No changes detected.
[2026-05-15 14:35:24] No changes detected.
[2026-05-15 14:35:54] No changes detected.
[2026-05-15 14:36:25] No changes detected.
[2026-05-15 14:36:59] No changes detected.
[2026-05-15 14:37:30] No changes detected.
[2026-05-15 14:38:00] No changes detected.
[2026-05-15 14:38:31] No changes detected.
[2026-05-15 14:39:01] No changes detected.
[2026-05-15 14:39:31] No changes detected.
[2026-05-15 14:40:01] No changes detected.
[2026-05-15 14:40:31] No changes detected.
[2026-05-15 14:41:01] No changes detected.
[2026-05-15 14:41:32] No changes detected.
[2026-05-15 14:42:02] No changes detected.
[2026-05-15 14:42:32] No changes detected.
[2026-05-15 14:43:03] No changes detected.
[2026-05-15 14:43:33] No changes detected.
[2026-05-15 14:44:03] No changes detected.
[2026-05-15 14:44:33] No changes detected.
[2026-05-15 14:45:04] No changes detected.
[2026-05-15 14:45:34] No changes detected.
[2026-05-15 14:46:05] No changes detected.
[2026-05-15 14:46:35] No changes detected.
[2026-05-15 14:47:05] No changes detected.
[2026-05-15 14:47:36] No changes detected.
[2026-05-15 14:48:06] No changes detected.
[2026-05-15 14:48:36] No changes detected.
[2026-05-15 14:49:06] No changes detected.
[2026-05-15 14:49:37] No changes detected.
[2026-05-15 14:50:09] No changes detected.
[2026-05-15 14:52:03] No changes detected.
[2026-05-15 14:52:33] No changes detected.
[2026-05-15 14:53:04] No changes detected.
[2026-05-15 14:53:34] No changes detected.
[2026-05-15 14:54:06] No changes detected.
[2026-05-15 14:54:36] No changes detected.
[2026-05-15 14:55:07] No changes detected.
[2026-05-15 14:55:37] No changes detected.
[2026-05-15 14:56:08] No changes detected.
[2026-05-15 14:56:38] No changes detected.
[2026-05-15 14:57:11] No changes detected.
[2026-05-15 14:57:43] No changes detected.
[2026-05-15 14:58:13] No changes detected.
[2026-05-15 14:58:44] No changes detected.
[2026-05-15 14:59:14] No changes detected.
[2026-05-15 14:59:44] No changes detected.
[2026-05-15 15:00:14] No changes detected.
[2026-05-15 15:00:44] No changes detected.
[2026-05-15 15:01:14] No changes detected.
[2026-05-15 15:01:44] No changes detected.
[2026-05-15 15:02:15] No changes detected.
[2026-05-15 15:02:45] No changes detected.
[2026-05-15 15:03:15] No changes detected.
[2026-05-15 15:03:45] No changes detected.
[2026-05-15 15:04:15] No changes detected.
[2026-05-15 15:04:45] No changes detected.
[2026-05-15 15:05:16] No changes detected.
[2026-05-15 15:05:46] No changes detected.
[2026-05-15 15:06:16] No changes detected.
[2026-05-15 15:06:47] No changes detected.
[2026-05-15 15:07:17] No changes detected.
[2026-05-15 15:07:47] No changes detected.
[2026-05-15 15:08:17] No changes detected.
[2026-05-15 15:08:48] No changes detected.
[2026-05-15 15:09:18] No changes detected.
[2026-05-15 15:09:49] No changes detected.
[2026-05-15 15:10:19] No changes detected.
[2026-05-15 15:10:49] No changes detected.
[2026-05-15 15:11:19] No changes detected.
[2026-05-15 15:11:49] No changes detected.
[2026-05-15 15:12:19] No changes detected.
[2026-05-15 15:12:49] No changes detected.
[2026-05-15 15:13:20] No changes detected.
[2026-05-15 15:13:50] No changes detected.
[2026-05-15 15:14:20] No changes detected.
[2026-05-15 15:14:50] No changes detected.
[2026-05-15 15:15:20] No changes detected.
[2026-05-15 15:15:50] No changes detected.
[2026-05-15 15:16:21] No changes detected.
[2026-05-15 15:16:51] No changes detected.
[2026-05-15 15:17:21] No changes detected.
[2026-05-15 15:17:51] No changes detected.
[2026-05-15 15:18:21] No changes detected.
[2026-05-15 15:18:51] No changes detected.
[2026-05-15 15:19:22] No changes detected.
[2026-05-15 15:19:52] No changes detected.
[2026-05-15 15:20:22] No changes detected.
[2026-05-15 15:20:52] No changes detected.
[2026-05-15 15:21:22] No changes detected.
[2026-05-15 15:21:52] No changes detected.
[2026-05-15 15:22:23] No changes detected.
[2026-05-15 15:22:53] No changes detected.
[2026-05-15 15:23:23] No changes detected.
[2026-05-15 15:23:53] No changes detected.
[2026-05-15 15:24:23] No changes detected.
[2026-05-15 15:24:54] No changes detected.
[2026-05-15 15:25:24] No changes detected.
[2026-05-15 15:25:54] No changes detected.
[2026-05-15 15:26:24] No changes detected.
[2026-05-15 15:26:54] No changes detected.
[2026-05-15 15:27:24] No changes detected.
[2026-05-15 15:27:54] No changes detected.
[2026-05-15 15:28:24] No changes detected.
[2026-05-15 15:28:57] No changes detected.
[2026-05-15 15:29:28] No changes detected.
[2026-05-15 15:29:58] No changes detected.
[2026-05-15 15:30:28] No changes detected.
[2026-05-15 15:30:58] No changes detected.
[2026-05-15 15:31:28] No changes detected.
[2026-05-15 15:31:58] No changes detected.
[2026-05-15 15:32:29] No changes detected.
[2026-05-15 15:32:59] No changes detected.
[2026-05-15 15:33:29] No changes detected.
[2026-05-15 15:33:59] No changes detected.
[2026-05-15 15:34:29] No changes detected.
[2026-05-15 15:34:59] No changes detected.
[2026-05-15 15:35:30] No changes detected.
[2026-05-15 15:36:00] No changes detected.
[2026-05-15 15:36:30] No changes detected.
[2026-05-15 15:37:00] No changes detected.
[2026-05-15 15:37:30] No changes detected.
[2026-05-15 15:38:00] No changes detected.
[2026-05-15 15:38:31] No changes detected.
[2026-05-15 15:39:01] No changes detected.
[2026-05-15 15:39:31] No changes detected.
[2026-05-15 15:40:01] No changes detected.
[2026-05-15 15:40:31] No changes detected.
[2026-05-15 15:41:02] No changes detected.
[2026-05-15 15:41:32] No changes detected.
[2026-05-15 15:42:02] No changes detected.
[2026-05-15 15:42:32] No changes detected.
[2026-05-15 15:43:02] No changes detected.
[2026-05-15 15:43:32] No changes detected.
[2026-05-15 15:44:02] No changes detected.
[2026-05-15 15:44:33] No changes detected.
[2026-05-15 15:45:03] No changes detected.
[2026-05-15 15:45:33] No changes detected.
[2026-05-15 15:46:03] No changes detected.
[2026-05-15 15:46:33] No changes detected.
[2026-05-15 15:47:03] No changes detected.
[2026-05-15 15:47:34] No changes detected.
[2026-05-15 15:48:04] No changes detected.
[2026-05-15 15:48:34] No changes detected.
[2026-05-15 15:49:04] No changes detected.
[2026-05-15 15:49:35] No changes detected.
[2026-05-15 15:50:05] No changes detected.
[2026-05-15 15:50:36] No changes detected.
[2026-05-15 15:51:06] No changes detected.
[2026-05-15 16:17:14] No changes detected.
[2026-05-15 16:17:44] No changes detected.
[2026-05-15 16:18:14] No changes detected.
[2026-05-15 16:20:06] No changes detected.
[2026-05-15 16:20:36] No changes detected.
[2026-05-15 16:21:06] No changes detected.
[2026-05-15 16:21:36] No changes detected.
[2026-05-15 16:22:06] No changes detected.
[2026-05-15 16:22:36] No changes detected.
[2026-05-15 16:23:06] No changes detected.
[2026-05-15 16:23:37] No changes detected.
[2026-05-15 16:24:07] No changes detected.
[2026-05-15 16:24:37] No changes detected.
[2026-05-15 16:25:07] No changes detected.
[2026-05-15 16:25:37] No changes detected.
[2026-05-15 16:26:07] No changes detected.
[2026-05-15 16:26:37] No changes detected.
[2026-05-15 16:27:08] No changes detected.
[2026-05-15 16:30:34] No changes detected.
[2026-05-15 16:31:04] No changes detected.
[2026-05-15 16:33:10] No changes detected.
[2026-05-15 16:33:40] No changes detected.
[2026-05-15 16:34:11] No changes detected.
[2026-05-15 16:34:41] No changes detected.
[2026-05-15 16:35:11] No changes detected.
[2026-05-15 16:35:42] No changes detected.
[2026-05-15 16:36:12] No changes detected.
[2026-05-15 16:36:42] No changes detected.
[2026-05-15 16:37:12] No changes detected.
[2026-05-15 16:37:42] No changes detected.
[2026-05-15 16:38:12] No changes detected.
[2026-05-15 16:38:42] No changes detected.
[2026-05-15 16:39:13] No changes detected.
[2026-05-15 16:39:43] No changes detected.
[2026-05-15 16:40:14] No changes detected.
[2026-05-15 16:40:44] No changes detected.
[2026-05-15 16:41:14] No changes detected.
[2026-05-15 16:41:44] No changes detected.
[2026-05-15 16:42:15] No changes detected.
[2026-05-15 16:42:45] No changes detected.
[2026-05-15 16:43:15] No changes detected.
[2026-05-15 16:43:45] No changes detected.
[2026-05-15 16:44:15] No changes detected.
[2026-05-15 16:44:45] No changes detected.
[2026-05-15 16:45:16] No changes detected.
[2026-05-15 16:45:46] No changes detected.
[2026-05-15 16:46:16] No changes detected.
[2026-05-15 16:46:46] No changes detected.
[2026-05-15 16:47:17] No changes detected.
[2026-05-15 16:47:47] No changes detected.
[2026-05-15 16:48:17] No changes detected.
[2026-05-15 16:48:47] No changes detected.
[2026-05-15 16:49:18] No changes detected.
[2026-05-15 16:49:48] No changes detected.
[2026-05-15 16:50:18] No changes detected.
[2026-05-15 16:50:48] No changes detected.
[2026-05-15 16:51:18] No changes detected.
[2026-05-15 16:51:48] No changes detected.
[2026-05-15 16:52:19] No changes detected.
[2026-05-15 16:52:49] No changes detected.
[2026-05-15 16:53:19] No changes detected.
[2026-05-15 16:53:49] No changes detected.
[2026-05-15 16:54:19] No changes detected.
[2026-05-15 16:54:49] No changes detected.
[2026-05-15 16:55:19] No changes detected.
[2026-05-15 16:55:50] No changes detected.
[2026-05-15 16:56:20] No changes detected.
[2026-05-15 16:56:50] No changes detected.
[2026-05-15 16:57:20] No changes detected.
[2026-05-15 16:57:50] No changes detected.
[2026-05-15 16:58:20] No changes detected.
[2026-05-15 16:58:51] No changes detected.
[2026-05-15 16:59:21] No changes detected.
[2026-05-15 16:59:51] No changes detected.
[2026-05-15 17:00:21] No changes detected.
[2026-05-15 17:00:51] No changes detected.
[2026-05-15 17:01:21] No changes detected.
[2026-05-15 17:01:51] No changes detected.
[2026-05-15 17:02:22] No changes detected.
[2026-05-15 17:02:52] No changes detected.
[2026-05-15 17:03:22] No changes detected.
[2026-05-15 17:03:52] No changes detected.
[2026-05-15 17:04:22] No changes detected.
[2026-05-15 17:04:52] No changes detected.
[2026-05-15 17:05:22] No changes detected.
[2026-05-15 17:05:53] No changes detected.
[2026-05-15 17:06:23] No changes detected.
[2026-05-15 17:06:53] No changes detected.
[2026-05-15 17:07:23] No changes detected.
[2026-05-15 17:07:53] No changes detected.
[2026-05-15 17:08:23] No changes detected.
[2026-05-15 17:08:53] No changes detected.
[2026-05-15 17:09:24] No changes detected.
[2026-05-15 17:09:54] No changes detected.
[2026-05-15 17:10:24] No changes detected.
[2026-05-15 17:10:54] No changes detected.
[2026-05-15 17:11:24] No changes detected.
[2026-05-15 17:11:54] No changes detected.
[2026-05-15 17:12:24] No changes detected.
[2026-05-15 17:12:55] No changes detected.
[2026-05-15 17:13:25] No changes detected.
[2026-05-15 17:13:55] No changes detected.
[2026-05-15 17:14:25] No changes detected.
[2026-05-15 17:14:55] No changes detected.
[2026-05-15 17:15:25] No changes detected.
[2026-05-15 17:15:55] No changes detected.
[2026-05-15 17:16:26] No changes detected.
[2026-05-15 17:16:56] No changes detected.
[2026-05-15 17:17:26] No changes detected.
[2026-05-15 17:19:30] No changes detected.
[2026-05-15 17:20:00] No changes detected.
[2026-05-15 17:21:24] No changes detected.
[2026-05-15 17:21:56] No changes detected.
[2026-05-15 17:22:26] No changes detected.
[2026-05-15 17:22:56] No changes detected.
[2026-05-15 17:23:26] No changes detected.
[2026-05-15 17:23:57] No changes detected.
[2026-05-15 17:24:27] No changes detected.
[2026-05-15 17:24:57] No changes detected.
[2026-05-15 17:25:27] No changes detected.
[2026-05-15 17:25:57] No changes detected.
[2026-05-15 17:26:27] No changes detected.
[2026-05-15 17:26:57] No changes detected.
[2026-05-15 17:27:28] No changes detected.
[2026-05-15 17:27:58] No changes detected.
[2026-05-15 17:28:28] No changes detected.
[2026-05-15 17:28:58] No changes detected.
[2026-05-15 17:29:28] No changes detected.
[2026-05-15 17:29:58] No changes detected.
[2026-05-15 17:30:28] No changes detected.
[2026-05-15 17:30:59] No changes detected.
[2026-05-15 17:31:29] No changes detected.
[2026-05-15 17:31:59] No changes detected.
[2026-05-15 17:32:29] No changes detected.
[2026-05-15 17:32:59] No changes detected.
[2026-05-15 17:33:29] No changes detected.
[2026-05-15 17:34:00] No changes detected.
[2026-05-15 17:34:30] No changes detected.
[2026-05-15 17:35:00] No changes detected.
[2026-05-15 17:35:30] No changes detected.
[2026-05-15 17:36:00] No changes detected.
[2026-05-15 17:36:31] No changes detected.
[2026-05-15 17:37:01] No changes detected.
[2026-05-15 17:37:31] No changes detected.
[2026-05-15 17:38:01] No changes detected.
[2026-05-15 17:38:31] No changes detected.
[2026-05-15 17:39:01] No changes detected.
[2026-05-15 17:39:31] No changes detected.
[2026-05-15 17:40:02] No changes detected.
[2026-05-15 17:40:32] No changes detected.
[2026-05-15 17:41:02] No changes detected.
[2026-05-15 17:41:32] No changes detected.
[2026-05-15 17:42:02] No changes detected.
[2026-05-15 17:42:32] No changes detected.
[2026-05-15 17:43:02] No changes detected.
[2026-05-15 17:43:33] No changes detected.
[2026-05-15 17:44:03] No changes detected.
[2026-05-15 17:44:33] No changes detected.
[2026-05-15 17:45:03] No changes detected.
[2026-05-15 17:45:33] No changes detected.
[2026-05-15 17:46:03] No changes detected.
[2026-05-15 17:46:33] No changes detected.
[2026-05-15 17:47:03] No changes detected.
[2026-05-15 17:47:33] No changes detected.
[2026-05-15 17:48:04] No changes detected.
[2026-05-15 17:48:34] No changes detected.
[2026-05-15 17:49:04] No changes detected.
[2026-05-15 17:49:34] No changes detected.
[2026-05-15 17:50:04] No changes detected.
[2026-05-15 17:50:34] No changes detected.
[2026-05-15 17:51:04] No changes detected.
[2026-05-15 17:51:34] No changes detected.
[2026-05-15 17:52:05] No changes detected.
[2026-05-15 17:52:35] No changes detected.
[2026-05-15 17:53:05] No changes detected.
[2026-05-15 17:53:35] No changes detected.
[2026-05-15 17:54:05] No changes detected.
[2026-05-15 17:54:35] No changes detected.
[2026-05-15 17:55:05] No changes detected.
[2026-05-15 17:55:35] No changes detected.
[2026-05-15 17:56:05] No changes detected.
[2026-05-15 17:56:36] No changes detected.
[2026-05-15 17:57:06] No changes detected.
[2026-05-15 17:57:36] No changes detected.
[2026-05-15 17:58:06] No changes detected.
[2026-05-15 17:58:36] No changes detected.
[2026-05-15 17:59:06] No changes detected.
[2026-05-15 17:59:36] No changes detected.
[2026-05-15 18:00:06] No changes detected.
[2026-05-15 18:00:36] No changes detected.
[2026-05-15 18:01:07] No changes detected.
[2026-05-15 18:01:37] No changes detected.
[2026-05-15 18:02:07] No changes detected.
[2026-05-15 18:02:37] No changes detected.
[2026-05-15 18:03:07] No changes detected.
[2026-05-15 18:03:37] No changes detected.
[2026-05-15 18:04:07] No changes detected.
[2026-05-15 18:04:37] No changes detected.
[2026-05-15 18:05:07] No changes detected.
[2026-05-15 18:05:38] No changes detected.
[2026-05-15 18:06:08] No changes detected.
[2026-05-15 18:06:38] No changes detected.
[2026-05-15 18:07:08] No changes detected.
[2026-05-15 18:07:38] No changes detected.
[2026-05-15 18:08:09] No changes detected.
[2026-05-15 18:08:39] No changes detected.
[2026-05-15 18:09:09] No changes detected.
[2026-05-15 18:09:39] No changes detected.
[2026-05-15 18:10:09] No changes detected.
[2026-05-15 18:10:40] No changes detected.
[2026-05-15 18:11:10] No changes detected.
[2026-05-15 18:11:40] No changes detected.
[2026-05-15 18:12:10] No changes detected.
[2026-05-15 18:12:40] No changes detected.
[2026-05-15 18:13:10] No changes detected.
[2026-05-15 18:13:41] No changes detected.
[2026-05-15 18:14:11] No changes detected.
[2026-05-15 18:14:41] No changes detected.
[2026-05-15 18:15:11] No changes detected.
[2026-05-15 18:15:41] No changes detected.
[2026-05-15 18:16:12] No changes detected.
[2026-05-15 18:16:42] No changes detected.
[2026-05-15 18:17:12] No changes detected.
[2026-05-15 18:17:42] No changes detected.
[2026-05-15 18:18:12] No changes detected.
[2026-05-15 18:18:42] No changes detected.
[2026-05-15 18:19:13] No changes detected.
[2026-05-15 18:19:43] No changes detected.
[2026-05-15 18:20:14] No changes detected.
[2026-05-15 18:20:44] No changes detected.
[2026-05-15 18:21:14] No changes detected.
[2026-05-15 18:21:44] No changes detected.
[2026-05-15 18:22:14] No changes detected.
[main bd7b4ff] Auto-commit: 2026-05-15 18:22:44
 1 file changed, 1 insertion(+), 1 deletion(-)
[2026-05-15 18:22:44] Changes committed locally.
[2026-05-15 18:23:15] No changes detected.
[2026-05-15 18:23:47] No changes detected.
[2026-05-15 18:24:17] No changes detected.
[2026-05-15 18:24:48] No changes detected.
[2026-05-15 18:25:18] No changes detected.
[2026-05-15 18:29:30] No changes detected.
[2026-05-15 18:30:02] No changes detected.
[2026-05-15 18:30:33] No changes detected.
[2026-05-15 18:31:03] No changes detected.
[2026-05-15 18:31:33] No changes detected.
[2026-05-15 18:32:03] No changes detected.
[2026-05-15 18:32:34] No changes detected.
[2026-05-15 18:32:34] Pushed        1 commit(s) to remote.
[2026-05-15 18:33:06] No changes detected.
[2026-05-15 18:33:36] No changes detected.
[2026-05-15 18:34:06] No changes detected.
[2026-05-15 18:34:37] No changes detected.
[2026-05-15 18:35:07] No changes detected.
[2026-05-15 18:35:37] No changes detected.
[2026-05-15 18:36:07] No changes detected.
[2026-05-15 18:36:37] No changes detected.
[2026-05-15 18:37:07] No changes detected.
[2026-05-15 18:37:37] No changes detected.
[2026-05-15 18:38:07] No changes detected.
[2026-05-15 18:38:38] No changes detected.
[2026-05-15 18:39:08] No changes detected.
[2026-05-15 18:39:38] No changes detected.
[2026-05-15 18:40:08] No changes detected.
[2026-05-15 18:40:38] No changes detected.
[2026-05-15 18:41:08] No changes detected.
[2026-05-15 18:41:38] No changes detected.
[2026-05-15 18:42:08] No changes detected.
[2026-05-15 18:42:38] No changes detected.
[2026-05-15 18:43:09] No changes detected.
[2026-05-15 18:43:39] No changes detected.
[2026-05-15 18:44:09] No changes detected.
[2026-05-15 18:44:39] No changes detected.
[2026-05-15 18:45:09] No changes detected.
[2026-05-15 18:45:39] No changes detected.
[2026-05-15 18:46:09] No changes detected.
[2026-05-15 18:46:39] No changes detected.
[2026-05-15 18:47:09] No changes detected.
[2026-05-15 18:47:40] No changes detected.
[2026-05-15 18:48:10] No changes detected.
[2026-05-15 18:48:40] No changes detected.
[2026-05-15 18:49:10] No changes detected.
[2026-05-15 18:49:40] No changes detected.
[2026-05-15 18:50:10] No changes detected.
[2026-05-15 18:50:40] No changes detected.
[2026-05-15 18:51:10] No changes detected.
[2026-05-15 18:51:41] No changes detected.
[2026-05-15 18:52:11] No changes detected.
[2026-05-15 18:52:41] No changes detected.
[2026-05-15 18:53:11] No changes detected.
[2026-05-15 19:05:35] No changes detected.
[2026-05-15 19:36:25] No changes detected.
[2026-05-15 19:36:55] No changes detected.
[2026-05-15 19:37:25] No changes detected.
[2026-05-15 19:37:55] No changes detected.
[2026-05-15 19:38:25] No changes detected.
[2026-05-15 19:38:56] No changes detected.
[2026-05-15 19:39:26] No changes detected.
[2026-05-15 19:39:56] No changes detected.
[2026-05-15 19:40:26] No changes detected.
[2026-05-15 19:40:56] No changes detected.
[2026-05-15 19:41:26] No changes detected.
[2026-05-15 19:41:56] No changes detected.
[2026-05-15 19:42:27] No changes detected.
[2026-05-15 19:42:57] No changes detected.
[2026-05-15 19:43:27] No changes detected.
[2026-05-15 19:43:57] No changes detected.
[2026-05-15 19:44:27] No changes detected.
[2026-05-15 19:44:57] No changes detected.
[2026-05-15 19:45:27] No changes detected.
[2026-05-15 19:45:58] No changes detected.
[2026-05-15 19:46:28] No changes detected.
[2026-05-15 19:46:58] No changes detected.
[2026-05-15 19:47:28] No changes detected.
[2026-05-15 19:47:58] No changes detected.
[2026-05-15 19:48:28] No changes detected.
[2026-05-15 19:48:58] No changes detected.
[2026-05-15 19:49:29] No changes detected.
[2026-05-15 19:49:59] No changes detected.
[2026-05-15 19:50:29] No changes detected.
[2026-05-15 19:50:59] No changes detected.
[2026-05-15 19:51:29] No changes detected.
[2026-05-15 19:51:59] No changes detected.
[2026-05-15 19:52:29] No changes detected.
[2026-05-15 19:53:00] No changes detected.
[2026-05-15 19:53:30] No changes detected.
[2026-05-15 19:54:00] No changes detected.
[2026-05-15 19:54:30] No changes detected.
[2026-05-15 19:55:01] No changes detected.
[2026-05-15 19:55:31] No changes detected.
[2026-05-15 19:56:01] No changes detected.
[2026-05-15 19:56:31] No changes detected.
[2026-05-15 19:57:02] No changes detected.
[2026-05-15 19:57:32] No changes detected.
[2026-05-15 19:58:03] No changes detected.
[2026-05-15 19:58:33] No changes detected.
[2026-05-15 19:59:03] No changes detected.
[2026-05-15 19:59:33] No changes detected.
[2026-05-15 20:00:03] No changes detected.
[2026-05-15 20:00:33] No changes detected.
[2026-05-15 20:01:03] No changes detected.
[2026-05-15 20:01:33] No changes detected.
[2026-05-15 20:02:04] No changes detected.
[2026-05-15 20:02:34] No changes detected.
[2026-05-15 20:03:04] No changes detected.
[2026-05-15 20:03:35] No changes detected.
[2026-05-15 20:04:05] No changes detected.
[2026-05-15 20:04:35] No changes detected.
[2026-05-15 20:05:05] No changes detected.
[2026-05-15 20:05:35] No changes detected.
[2026-05-15 20:06:06] No changes detected.
[2026-05-15 20:06:36] No changes detected.
[2026-05-15 20:07:06] No changes detected.
[2026-05-15 20:07:36] No changes detected.
[2026-05-15 20:08:06] No changes detected.
[2026-05-15 20:08:36] No changes detected.
[2026-05-15 20:09:06] No changes detected.
[2026-05-15 20:09:37] No changes detected.
[2026-05-15 20:10:07] No changes detected.
[2026-05-15 20:10:37] No changes detected.
[2026-05-15 20:11:07] No changes detected.
[2026-05-15 20:11:37] No changes detected.
[2026-05-15 20:12:07] No changes detected.
[2026-05-15 20:12:37] No changes detected.
[2026-05-15 20:13:08] No changes detected.
[2026-05-15 20:13:38] No changes detected.
[2026-05-15 20:14:08] No changes detected.
[2026-05-15 20:14:38] No changes detected.
[2026-05-15 20:15:08] No changes detected.
[2026-05-15 20:15:38] No changes detected.
[2026-05-15 20:16:08] No changes detected.
[2026-05-15 20:16:38] No changes detected.
[2026-05-15 20:17:09] No changes detected.
[2026-05-15 20:17:39] No changes detected.
[2026-05-15 20:18:09] No changes detected.
[2026-05-15 20:18:39] No changes detected.
[2026-05-15 20:19:09] No changes detected.
[2026-05-15 20:19:39] No changes detected.
[2026-05-15 20:20:09] No changes detected.
[2026-05-15 20:20:40] No changes detected.
[2026-05-15 20:21:10] No changes detected.
[2026-05-15 20:21:40] No changes detected.
[2026-05-15 20:22:10] No changes detected.
[2026-05-15 20:22:40] No changes detected.
[2026-05-15 20:23:10] No changes detected.
[2026-05-15 20:23:40] No changes detected.
[2026-05-15 20:24:10] No changes detected.
[2026-05-15 20:24:41] No changes detected.
[2026-05-15 20:25:11] No changes detected.
[2026-05-15 20:25:41] No changes detected.
[2026-05-15 20:26:11] No changes detected.
[2026-05-15 20:26:41] No changes detected.
[2026-05-15 20:27:11] No changes detected.
[2026-05-15 20:27:41] No changes detected.
[2026-05-15 20:28:12] No changes detected.
[2026-05-15 20:28:42] No changes detected.
[2026-05-15 20:29:12] No changes detected.
[2026-05-15 20:29:42] No changes detected.
[2026-05-15 20:30:12] No changes detected.
[2026-05-15 20:30:42] No changes detected.
[2026-05-15 20:31:13] No changes detected.
[2026-05-15 20:31:43] No changes detected.
[2026-05-15 20:32:13] No changes detected.
[2026-05-15 20:32:43] No changes detected.
[2026-05-15 20:33:13] No changes detected.
[2026-05-15 20:33:43] No changes detected.
[2026-05-15 20:34:13] No changes detected.
[2026-05-15 20:34:43] No changes detected.
[2026-05-15 20:35:14] No changes detected.
[2026-05-15 20:35:44] No changes detected.
[2026-05-15 20:36:14] No changes detected.
[2026-05-15 20:36:44] No changes detected.
[2026-05-15 20:37:14] No changes detected.
[2026-05-15 20:37:45] No changes detected.
[2026-05-15 20:38:15] No changes detected.
[2026-05-15 20:38:45] No changes detected.
[2026-05-15 20:39:15] No changes detected.
[2026-05-15 20:39:45] No changes detected.
[2026-05-15 20:40:15] No changes detected.
[2026-05-15 20:40:46] No changes detected.
[2026-05-15 20:41:16] No changes detected.
[2026-05-15 20:41:46] No changes detected.
[2026-05-15 20:42:16] No changes detected.
[2026-05-15 20:42:47] No changes detected.
[2026-05-15 20:43:17] No changes detected.
[2026-05-15 20:43:47] No changes detected.
[2026-05-15 20:44:17] No changes detected.
[2026-05-15 20:44:47] No changes detected.
[2026-05-15 20:45:17] No changes detected.
[2026-05-15 20:45:48] No changes detected.
[2026-05-15 20:46:18] No changes detected.
[2026-05-15 20:46:48] No changes detected.
[2026-05-15 20:47:18] No changes detected.
[2026-05-15 20:47:48] No changes detected.
[2026-05-15 20:48:18] No changes detected.
[2026-05-15 20:48:48] No changes detected.
[2026-05-15 20:49:18] No changes detected.
[2026-05-15 20:49:49] No changes detected.
[2026-05-15 20:50:19] No changes detected.
[2026-05-15 20:50:49] No changes detected.
[2026-05-15 20:51:19] No changes detected.
[2026-05-15 20:51:49] No changes detected.
[2026-05-15 20:52:19] No changes detected.
[2026-05-15 20:52:49] No changes detected.
[2026-05-15 20:53:19] No changes detected.
[2026-05-15 20:53:49] No changes detected.
[2026-05-15 20:54:20] No changes detected.
[2026-05-15 20:54:50] No changes detected.
[2026-05-15 20:55:20] No changes detected.
[2026-05-15 20:55:50] No changes detected.
[2026-05-15 20:56:20] No changes detected.
[2026-05-15 20:56:50] No changes detected.
[2026-05-15 20:57:21] No changes detected.
[2026-05-15 20:57:51] No changes detected.
[2026-05-15 20:58:21] No changes detected.
[2026-05-15 20:58:51] No changes detected.
[2026-05-15 20:59:21] No changes detected.
[2026-05-15 20:59:51] No changes detected.
[2026-05-15 21:00:21] No changes detected.
[2026-05-15 21:00:51] No changes detected.
[2026-05-15 21:01:21] No changes detected.
[2026-05-15 21:01:52] No changes detected.
[2026-05-15 21:02:22] No changes detected.
[2026-05-15 21:02:52] No changes detected.
[2026-05-15 21:03:22] No changes detected.
[2026-05-15 21:03:52] No changes detected.
[2026-05-15 21:04:22] No changes detected.
[2026-05-15 21:04:52] No changes detected.
[2026-05-15 21:05:23] No changes detected.
[2026-05-15 21:05:53] No changes detected.
[2026-05-15 21:06:23] No changes detected.
[2026-05-15 21:06:53] No changes detected.
[2026-05-15 21:07:23] No changes detected.
[2026-05-15 21:07:53] No changes detected.
[2026-05-15 21:08:23] No changes detected.
[2026-05-15 21:08:53] No changes detected.
[2026-05-15 21:09:24] No changes detected.
[2026-05-15 21:09:54] No changes detected.
[2026-05-15 21:10:24] No changes detected.
[2026-05-15 21:10:54] No changes detected.
[2026-05-15 21:11:24] No changes detected.
[2026-05-15 21:11:54] No changes detected.
[2026-05-15 21:12:25] No changes detected.
[2026-05-15 21:12:55] No changes detected.
[2026-05-15 21:13:25] No changes detected.
[2026-05-15 21:13:55] No changes detected.
[2026-05-15 21:14:25] No changes detected.
[2026-05-15 21:14:55] No changes detected.
[2026-05-15 21:15:25] No changes detected.
[2026-05-15 21:15:55] No changes detected.
[2026-05-15 21:16:26] No changes detected.
[2026-05-15 21:16:56] No changes detected.
[2026-05-15 21:17:26] No changes detected.
[2026-05-15 21:17:56] No changes detected.
[2026-05-15 21:18:26] No changes detected.
[2026-05-15 21:18:56] No changes detected.
[2026-05-15 21:19:26] No changes detected.
[2026-05-15 21:19:56] No changes detected.
[2026-05-15 21:20:27] No changes detected.
[2026-05-15 21:20:57] No changes detected.
[2026-05-15 21:21:27] No changes detected.
[2026-05-15 21:21:57] No changes detected.
[2026-05-15 21:22:27] No changes detected.
[2026-05-15 21:22:57] No changes detected.
[2026-05-15 21:23:27] No changes detected.
[2026-05-15 21:23:58] No changes detected.
[2026-05-15 21:24:30] No changes detected.
[2026-05-15 21:25:00] No changes detected.
[2026-05-15 21:25:30] No changes detected.
[2026-05-15 21:26:00] No changes detected.
[2026-05-15 21:26:31] No changes detected.
[2026-05-15 21:27:01] No changes detected.
[2026-05-15 21:27:31] No changes detected.
[2026-05-15 21:28:01] No changes detected.
[2026-05-15 21:28:31] No changes detected.
[2026-05-15 21:29:01] No changes detected.
[2026-05-15 21:29:32] No changes detected.
[2026-05-15 21:30:04] No changes detected.
[2026-05-15 21:30:35] No changes detected.
[2026-05-15 21:31:05] No changes detected.
[2026-05-15 21:31:35] No changes detected.
[2026-05-15 21:32:05] No changes detected.
[2026-05-15 21:32:36] No changes detected.
[2026-05-15 21:33:06] No changes detected.
[2026-05-15 21:33:36] No changes detected.
[2026-05-15 21:34:06] No changes detected.
[2026-05-15 21:34:36] No changes detected.
[2026-05-15 21:35:06] No changes detected.
[2026-05-15 21:35:36] No changes detected.
[2026-05-15 21:36:07] No changes detected.
[2026-05-15 21:36:37] No changes detected.
[2026-05-15 21:37:07] No changes detected.
[2026-05-15 21:37:37] No changes detected.
[2026-05-15 21:38:07] No changes detected.
[2026-05-15 21:38:37] No changes detected.
[2026-05-15 21:39:07] No changes detected.
[2026-05-15 21:39:38] No changes detected.
[2026-05-15 21:40:08] No changes detected.
[2026-05-15 21:40:38] No changes detected.
[2026-05-15 21:41:08] No changes detected.
[2026-05-15 21:41:38] No changes detected.
[2026-05-15 21:42:08] No changes detected.
[2026-05-15 21:42:38] No changes detected.
[2026-05-15 21:43:08] No changes detected.
[2026-05-15 21:43:39] No changes detected.
[2026-05-15 21:44:09] No changes detected.
[2026-05-15 21:44:39] No changes detected.
[2026-05-15 21:45:09] No changes detected.
[2026-05-15 21:45:39] No changes detected.
[2026-05-15 21:46:09] No changes detected.
[2026-05-15 21:46:39] No changes detected.
[2026-05-15 21:47:09] No changes detected.
[2026-05-15 21:47:40] No changes detected.
[2026-05-15 21:48:10] No changes detected.
[2026-05-15 21:48:40] No changes detected.
[2026-05-15 21:49:10] No changes detected.
[2026-05-15 21:49:40] No changes detected.
[2026-05-15 21:50:10] No changes detected.
[2026-05-15 21:50:40] No changes detected.
[2026-05-15 21:51:10] No changes detected.
[2026-05-15 21:51:41] No changes detected.
[2026-05-15 21:52:11] No changes detected.
[2026-05-15 21:52:41] No changes detected.
[2026-05-15 21:53:11] No changes detected.
[2026-05-15 21:53:43] No changes detected.
[2026-05-15 21:54:14] No changes detected.
[2026-05-15 21:54:44] No changes detected.
[2026-05-15 21:55:16] No changes detected.
[2026-05-15 21:55:46] No changes detected.
[2026-05-15 21:56:37] No changes detected.
[2026-05-15 21:57:30] No changes detected.
[2026-05-15 21:58:00] No changes detected.
[2026-05-15 21:58:55] No changes detected.
[2026-05-15 21:59:25] No changes detected.
[2026-05-15 21:59:55] No changes detected.
[2026-05-15 22:00:51] No changes detected.
[2026-05-15 22:01:43] No changes detected.
[2026-05-15 22:02:13] No changes detected.
[2026-05-15 22:03:06] No changes detected.
[2026-05-15 22:03:36] No changes detected.
[2026-05-15 22:04:30] No changes detected.
[2026-05-15 22:05:22] No changes detected.
[2026-05-15 22:05:52] No changes detected.
[2026-05-15 22:06:46] No changes detected.
[2026-05-15 22:07:39] No changes detected.
[2026-05-15 22:08:09] No changes detected.
[2026-05-15 22:09:03] No changes detected.
[2026-05-15 22:09:56] No changes detected.
[2026-05-15 22:10:26] No changes detected.
[2026-05-15 22:11:18] No changes detected.
[2026-05-15 22:11:49] No changes detected.
[2026-05-15 22:12:38] No changes detected.
[2026-05-15 22:13:08] No changes detected.
[2026-05-15 22:13:38] No changes detected.
[2026-05-15 22:14:09] No changes detected.
[2026-05-15 22:14:39] No changes detected.
[2026-05-15 22:15:09] No changes detected.
[2026-05-15 22:15:40] No changes detected.
[2026-05-15 22:16:10] No changes detected.
[2026-05-15 22:16:40] No changes detected.
[2026-05-15 22:17:10] No changes detected.
[2026-05-15 22:17:40] No changes detected.
[2026-05-15 22:18:10] No changes detected.
[2026-05-15 22:18:41] No changes detected.
[2026-05-15 22:19:11] No changes detected.
[2026-05-15 22:25:34] No changes detected.
[2026-05-15 22:26:04] No changes detected.
[2026-05-15 22:26:53] No changes detected.
[2026-05-15 22:27:23] No changes detected.
[2026-05-15 22:27:53] No changes detected.
[2026-05-15 22:28:24] No changes detected.
[2026-05-15 22:28:54] No changes detected.
[2026-05-15 22:29:24] No changes detected.
[2026-05-15 22:29:54] No changes detected.
[2026-05-15 22:30:24] No changes detected.
[2026-05-15 22:30:54] No changes detected.
[2026-05-15 22:31:24] No changes detected.
[2026-05-15 22:37:59] No changes detected.
[2026-05-15 22:38:30] No changes detected.
[2026-05-15 22:39:14] No changes detected.
[2026-05-15 22:40:05] No changes detected.
[2026-05-15 22:40:36] No changes detected.
[2026-05-15 22:41:14] No changes detected.
[2026-05-15 22:41:44] No changes detected.
[2026-05-15 22:42:14] No changes detected.
[2026-05-15 22:42:44] No changes detected.
[2026-05-15 22:43:15] No changes detected.
[2026-05-15 22:51:15] No changes detected.
[2026-05-15 22:51:45] No changes detected.
[2026-05-15 22:52:15] No changes detected.
[2026-05-15 22:52:45] No changes detected.
[2026-05-15 22:53:16] No changes detected.
[2026-05-15 22:53:46] No changes detected.
[2026-05-15 22:54:16] No changes detected.
[2026-05-15 22:54:46] No changes detected.
[2026-05-15 22:55:16] No changes detected.
[2026-05-15 22:55:46] No changes detected.
[2026-05-15 22:56:17] No changes detected.
[2026-05-15 22:56:47] No changes detected.
[2026-05-15 22:57:17] No changes detected.
[2026-05-15 22:57:47] No changes detected.
[2026-05-15 22:58:17] No changes detected.
[2026-05-15 22:58:48] No changes detected.
[2026-05-15 22:59:18] No changes detected.
[2026-05-15 22:59:48] No changes detected.
[2026-05-15 23:00:18] No changes detected.
[2026-05-15 23:00:48] No changes detected.
[2026-05-15 23:01:18] No changes detected.
[2026-05-15 23:01:49] No changes detected.
[2026-05-15 23:02:19] No changes detected.
[2026-05-15 23:02:49] No changes detected.
[2026-05-15 23:03:19] No changes detected.
[2026-05-15 23:03:49] No changes detected.
[2026-05-15 23:04:19] No changes detected.
[2026-05-15 23:04:50] No changes detected.
[2026-05-15 23:05:20] No changes detected.
[2026-05-15 23:05:50] No changes detected.
[2026-05-15 23:06:20] No changes detected.
[2026-05-15 23:06:50] No changes detected.
[2026-05-15 23:07:20] No changes detected.
[2026-05-15 23:07:51] No changes detected.
[2026-05-15 23:08:21] No changes detected.
[2026-05-15 23:08:51] No changes detected.
[2026-05-15 23:09:21] No changes detected.
[2026-05-15 23:09:52] No changes detected.
[2026-05-15 23:10:22] No changes detected.
[2026-05-15 23:10:52] No changes detected.
[2026-05-15 23:11:22] No changes detected.
[2026-05-15 23:11:52] No changes detected.
[2026-05-15 23:12:23] No changes detected.
[2026-05-15 23:12:53] No changes detected.
[2026-05-15 23:13:23] No changes detected.
[2026-05-15 23:13:53] No changes detected.
[2026-05-15 23:14:24] No changes detected.
[2026-05-15 23:14:54] No changes detected.
[2026-05-15 23:15:25] No changes detected.
[2026-05-15 23:15:56] No changes detected.
[2026-05-15 23:16:26] No changes detected.
[2026-05-15 23:16:56] No changes detected.
[2026-05-15 23:17:26] No changes detected.
[2026-05-15 23:17:56] No changes detected.
[2026-05-15 23:18:26] No changes detected.
[2026-05-15 23:18:56] No changes detected.
[2026-05-15 23:19:27] No changes detected.
[2026-05-15 23:19:57] No changes detected.
[2026-05-15 23:20:27] No changes detected.
[2026-05-15 23:20:58] No changes detected.
[2026-05-15 23:21:28] No changes detected.
[2026-05-15 23:21:58] No changes detected.
[2026-05-15 23:22:29] No changes detected.
[2026-05-15 23:22:59] No changes detected.
[2026-05-15 23:23:29] No changes detected.
[2026-05-15 23:23:59] No changes detected.
[2026-05-15 23:24:29] No changes detected.
[2026-05-15 23:25:00] No changes detected.
[2026-05-15 23:25:30] No changes detected.
[2026-05-15 23:26:00] No changes detected.
[2026-05-15 23:26:30] No changes detected.
[2026-05-15 23:27:00] No changes detected.
[2026-05-15 23:27:30] No changes detected.
[2026-05-15 23:28:01] No changes detected.
[2026-05-15 23:28:35] No changes detected.
[2026-05-15 23:29:05] No changes detected.
[2026-05-15 23:29:36] No changes detected.
[2026-05-15 23:30:06] No changes detected.
[2026-05-15 23:30:36] No changes detected.
[2026-05-15 23:31:06] No changes detected.
[2026-05-15 23:31:36] No changes detected.
[2026-05-15 23:32:08] No changes detected.
[2026-05-15 23:32:39] No changes detected.
[2026-05-15 23:33:09] No changes detected.
[2026-05-15 23:33:39] No changes detected.
[2026-05-15 23:34:09] No changes detected.
[2026-05-15 23:34:40] No changes detected.
[2026-05-15 23:35:10] No changes detected.
[2026-05-15 23:35:40] No changes detected.
[2026-05-15 23:36:10] No changes detected.
[2026-05-15 23:36:40] No changes detected.
[2026-05-15 23:37:10] No changes detected.
[2026-05-15 23:37:40] No changes detected.
[2026-05-15 23:38:11] No changes detected.
[2026-05-15 23:38:41] No changes detected.
[2026-05-15 23:39:11] No changes detected.
[2026-05-15 23:39:41] No changes detected.
[2026-05-15 23:40:11] No changes detected.
[2026-05-15 23:40:41] No changes detected.
[2026-05-15 23:41:11] No changes detected.
[2026-05-15 23:41:41] No changes detected.
[2026-05-15 23:42:12] No changes detected.
[2026-05-15 23:42:42] No changes detected.
[2026-05-15 23:43:12] No changes detected.
[2026-05-15 23:43:42] No changes detected.
[2026-05-15 23:44:13] No changes detected.
[2026-05-15 23:44:43] No changes detected.
[2026-05-15 23:45:13] No changes detected.
[2026-05-15 23:45:43] No changes detected.
[2026-05-15 23:46:13] No changes detected.
[2026-05-15 23:46:43] No changes detected.
[2026-05-15 23:47:13] No changes detected.
[2026-05-15 23:47:44] No changes detected.
[2026-05-15 23:48:14] No changes detected.
[2026-05-15 23:48:44] No changes detected.
[2026-05-15 23:49:14] No changes detected.
[2026-05-15 23:49:44] No changes detected.
[2026-05-15 23:50:15] No changes detected.
[2026-05-15 23:50:45] No changes detected.
[2026-05-15 23:51:15] No changes detected.
[2026-05-15 23:51:45] No changes detected.
[2026-05-15 23:52:15] No changes detected.
[2026-05-15 23:52:45] No changes detected.
[2026-05-15 23:53:16] No changes detected.
[2026-05-15 23:53:46] No changes detected.
[2026-05-15 23:54:16] No changes detected.
[2026-05-15 23:54:48] No changes detected.
[2026-05-16 00:00:20] No changes detected.
[2026-05-16 00:07:27] No changes detected.
[2026-05-16 00:28:24] No changes detected.
[2026-05-16 00:37:39] No changes detected.
[2026-05-16 00:38:09] No changes detected.
[2026-05-16 00:38:39] No changes detected.
[2026-05-16 00:39:09] No changes detected.
[2026-05-16 00:39:41] No changes detected.
[2026-05-16 00:40:11] No changes detected.
[2026-05-16 00:40:41] No changes detected.
[2026-05-16 00:41:11] No changes detected.
[2026-05-16 00:41:41] No changes detected.
[2026-05-16 00:42:11] No changes detected.
[2026-05-16 00:42:41] No changes detected.
[2026-05-16 00:43:12] No changes detected.
[2026-05-16 00:43:42] No changes detected.
[2026-05-16 00:44:12] No changes detected.
[2026-05-16 00:44:42] No changes detected.
[2026-05-16 00:45:12] No changes detected.
[2026-05-16 00:45:42] No changes detected.
[2026-05-16 00:46:13] No changes detected.
[2026-05-16 00:46:43] No changes detected.
[2026-05-16 00:47:13] No changes detected.
[2026-05-16 00:47:43] No changes detected.
[2026-05-16 00:48:13] No changes detected.
[2026-05-16 00:48:43] No changes detected.
[2026-05-16 00:49:13] No changes detected.
[2026-05-16 00:49:44] No changes detected.
[2026-05-16 00:50:14] No changes detected.
[2026-05-16 00:50:44] No changes detected.
[2026-05-16 00:51:16] No changes detected.
[2026-05-16 00:51:46] No changes detected.
[2026-05-16 00:52:16] No changes detected.
[2026-05-16 00:52:46] No changes detected.
[2026-05-16 00:53:17] No changes detected.
[2026-05-16 00:53:47] No changes detected.
[2026-05-16 00:54:17] No changes detected.
[2026-05-16 00:54:47] No changes detected.
[2026-05-16 00:55:17] No changes detected.
[2026-05-16 00:55:47] No changes detected.
[2026-05-16 00:56:17] No changes detected.
[2026-05-16 00:56:47] No changes detected.
[2026-05-16 00:57:18] No changes detected.
[2026-05-16 00:57:48] No changes detected.
[2026-05-16 00:58:18] No changes detected.
[2026-05-16 00:58:48] No changes detected.
[2026-05-16 00:59:19] No changes detected.
[2026-05-16 00:59:49] No changes detected.
[2026-05-16 01:00:19] No changes detected.
[2026-05-16 01:00:49] No changes detected.
[2026-05-16 01:01:19] No changes detected.
[2026-05-16 01:01:49] No changes detected.
[2026-05-16 01:02:20] No changes detected.
[2026-05-16 01:02:50] No changes detected.
[2026-05-16 01:03:20] No changes detected.
[2026-05-16 01:03:50] No changes detected.
[2026-05-16 01:04:21] No changes detected.
[2026-05-16 01:04:51] No changes detected.
[2026-05-16 01:05:21] No changes detected.
[2026-05-16 01:05:52] No changes detected.
[2026-05-16 01:06:22] No changes detected.
[2026-05-16 01:06:52] No changes detected.
[2026-05-16 01:07:22] No changes detected.
[2026-05-16 01:07:53] No changes detected.
[2026-05-16 01:08:23] No changes detected.
[2026-05-16 01:08:54] No changes detected.
[2026-05-16 01:09:24] No changes detected.
[2026-05-16 01:09:54] No changes detected.
[2026-05-16 01:10:25] No changes detected.
[2026-05-16 01:10:55] No changes detected.
[2026-05-16 01:11:26] No changes detected.
[2026-05-16 01:11:56] No changes detected.
[2026-05-16 01:12:26] No changes detected.
[2026-05-16 01:12:57] No changes detected.
[2026-05-16 01:13:27] No changes detected.
[2026-05-16 01:13:57] No changes detected.
[2026-05-16 01:14:27] No changes detected.
[2026-05-16 01:14:58] No changes detected.
[2026-05-16 01:15:28] No changes detected.
[2026-05-16 01:15:58] No changes detected.
[2026-05-16 01:16:28] No changes detected.
[2026-05-16 01:16:58] No changes detected.
[2026-05-16 01:17:29] No changes detected.
[2026-05-16 01:18:02] No changes detected.
[2026-05-16 01:18:32] No changes detected.
[2026-05-16 01:19:02] No changes detected.
[2026-05-16 01:19:33] No changes detected.
[2026-05-16 01:20:03] No changes detected.
[2026-05-16 01:20:33] No changes detected.
[2026-05-16 01:21:03] No changes detected.
[2026-05-16 01:21:33] No changes detected.
[2026-05-16 01:22:03] No changes detected.
[2026-05-16 01:22:33] No changes detected.
[2026-05-16 01:23:04] No changes detected.
[2026-05-16 01:23:34] No changes detected.
[2026-05-16 01:24:04] No changes detected.
[2026-05-16 01:24:34] No changes detected.
[2026-05-16 01:25:04] No changes detected.
[2026-05-16 01:25:34] No changes detected.
[2026-05-16 01:26:04] No changes detected.
[2026-05-16 01:26:35] No changes detected.
[2026-05-16 01:27:05] No changes detected.
[2026-05-16 01:27:35] No changes detected.
[2026-05-16 01:28:05] No changes detected.
[2026-05-16 01:28:36] No changes detected.
[2026-05-16 01:29:06] No changes detected.
[2026-05-16 01:29:38] No changes detected.
[2026-05-16 01:30:08] No changes detected.
[2026-05-16 01:30:38] No changes detected.
[2026-05-16 01:31:08] No changes detected.
[2026-05-16 01:31:39] No changes detected.
[2026-05-16 01:32:09] No changes detected.
[2026-05-16 01:32:39] No changes detected.
[2026-05-16 01:33:10] No changes detected.
[2026-05-16 01:33:40] No changes detected.
[2026-05-16 01:34:11] No changes detected.
[2026-05-16 01:34:42] No changes detected.
[2026-05-16 01:35:13] No changes detected.
[2026-05-16 01:35:43] No changes detected.
[2026-05-16 01:36:14] No changes detected.
[2026-05-16 01:36:45] No changes detected.
[2026-05-16 01:37:15] No changes detected.
[2026-05-16 01:37:46] No changes detected.
[2026-05-16 01:38:17] No changes detected.
[2026-05-16 01:38:47] No changes detected.
[2026-05-16 01:39:18] No changes detected.
[2026-05-16 01:39:48] No changes detected.
[2026-05-16 01:40:18] No changes detected.
[2026-05-16 01:40:49] No changes detected.
[2026-05-16 01:41:19] No changes detected.
[2026-05-16 01:41:49] No changes detected.
[2026-05-16 01:42:19] No changes detected.
[2026-05-16 01:42:50] No changes detected.
[2026-05-16 01:43:20] No changes detected.
[2026-05-16 01:43:51] No changes detected.
[2026-05-16 01:44:21] No changes detected.
[2026-05-16 01:44:52] No changes detected.
[2026-05-16 01:45:22] No changes detected.
[2026-05-16 01:45:52] No changes detected.
[2026-05-16 01:46:22] No changes detected.
[2026-05-16 01:46:53] No changes detected.
[2026-05-16 01:47:23] No changes detected.
[2026-05-16 01:47:53] No changes detected.
[2026-05-16 01:48:23] No changes detected.
[2026-05-16 01:48:54] No changes detected.
[2026-05-16 01:49:24] No changes detected.
[2026-05-16 01:49:54] No changes detected.
[2026-05-16 01:50:26] No changes detected.
[2026-05-16 01:50:56] No changes detected.
[2026-05-16 01:51:26] No changes detected.
[2026-05-16 01:51:57] No changes detected.
[2026-05-16 01:52:27] No changes detected.
[2026-05-16 01:52:57] No changes detected.
[2026-05-16 01:53:29] No changes detected.
[2026-05-16 01:54:00] No changes detected.
[2026-05-16 01:54:30] No changes detected.
[2026-05-16 01:55:00] No changes detected.
[2026-05-16 01:55:31] No changes detected.
[2026-05-16 01:56:01] No changes detected.
[2026-05-16 01:56:31] No changes detected.
[2026-05-16 01:57:01] No changes detected.
[2026-05-16 01:57:31] No changes detected.
[2026-05-16 01:58:02] No changes detected.
[2026-05-16 01:58:33] No changes detected.
[2026-05-16 01:59:03] No changes detected.
[2026-05-16 01:59:34] No changes detected.
[2026-05-16 02:00:04] No changes detected.
[2026-05-16 02:00:34] No changes detected.
[2026-05-16 02:01:04] No changes detected.
[2026-05-16 02:01:35] No changes detected.
[2026-05-16 02:02:05] No changes detected.
[2026-05-16 02:02:35] No changes detected.
[2026-05-16 02:03:05] No changes detected.
[2026-05-16 02:03:35] No changes detected.
[2026-05-16 02:04:06] No changes detected.
[2026-05-16 02:04:36] No changes detected.
[2026-05-16 02:05:06] No changes detected.
[2026-05-16 02:05:37] No changes detected.
[2026-05-16 02:06:07] No changes detected.
[2026-05-16 02:06:37] No changes detected.
[2026-05-16 02:07:07] No changes detected.
[2026-05-16 02:07:37] No changes detected.
[2026-05-16 02:08:08] No changes detected.
[2026-05-16 02:08:38] No changes detected.
[2026-05-16 02:09:09] No changes detected.
[2026-05-16 02:09:39] No changes detected.
[2026-05-16 02:10:10] No changes detected.
[2026-05-16 02:10:40] No changes detected.
[2026-05-16 02:11:11] No changes detected.
[2026-05-16 02:11:41] No changes detected.
[2026-05-16 02:12:11] No changes detected.
[2026-05-16 02:12:42] No changes detected.
[2026-05-16 02:13:12] No changes detected.
[2026-05-16 02:13:42] No changes detected.
[2026-05-16 02:14:13] No changes detected.
[2026-05-16 02:14:43] No changes detected.
[2026-05-16 02:15:14] No changes detected.
[2026-05-16 02:15:44] No changes detected.
[2026-05-16 02:16:14] No changes detected.
[2026-05-16 02:16:45] No changes detected.
[2026-05-16 02:17:15] No changes detected.
[2026-05-16 02:17:45] No changes detected.
[2026-05-16 02:18:15] No changes detected.
[2026-05-16 02:18:46] No changes detected.
[2026-05-16 02:19:16] No changes detected.
[2026-05-16 02:19:46] No changes detected.
[2026-05-16 02:20:16] No changes detected.
[2026-05-16 02:20:46] No changes detected.
[2026-05-16 02:21:16] No changes detected.
[2026-05-16 02:21:46] No changes detected.
[2026-05-16 02:22:17] No changes detected.
[2026-05-16 02:22:47] No changes detected.
[2026-05-16 02:23:17] No changes detected.
[2026-05-16 02:23:47] No changes detected.
[2026-05-16 02:24:17] No changes detected.
[2026-05-16 02:24:48] No changes detected.
[2026-05-16 02:25:18] No changes detected.
[2026-05-16 02:25:48] No changes detected.
[2026-05-16 02:26:18] No changes detected.
[2026-05-16 02:26:49] No changes detected.
[2026-05-16 02:27:19] No changes detected.
[2026-05-16 02:27:50] No changes detected.
[2026-05-16 02:28:20] No changes detected.
[2026-05-16 02:28:50] No changes detected.
[2026-05-16 02:29:21] No changes detected.
[2026-05-16 02:29:51] No changes detected.
[2026-05-16 02:30:21] No changes detected.
[2026-05-16 02:30:51] No changes detected.
[2026-05-16 02:31:21] No changes detected.
[2026-05-16 02:31:52] No changes detected.
[2026-05-16 02:32:22] No changes detected.
[2026-05-16 02:32:54] No changes detected.
[2026-05-16 02:33:24] No changes detected.
[2026-05-16 02:33:54] No changes detected.
[2026-05-16 02:34:24] No changes detected.
[2026-05-16 02:34:55] No changes detected.
[2026-05-16 02:35:25] No changes detected.
[2026-05-16 02:35:56] No changes detected.
[2026-05-16 02:36:26] No changes detected.
[2026-05-16 02:36:57] No changes detected.
[2026-05-16 02:37:27] No changes detected.
[2026-05-16 02:37:57] No changes detected.
[2026-05-16 02:38:27] No changes detected.
[2026-05-16 02:38:58] No changes detected.
[2026-05-16 02:39:28] No changes detected.
[2026-05-16 02:39:58] No changes detected.
[2026-05-16 02:40:28] No changes detected.
[2026-05-16 02:40:59] No changes detected.
[2026-05-16 02:41:29] No changes detected.
[2026-05-16 02:41:59] No changes detected.
[2026-05-16 02:42:30] No changes detected.
[2026-05-16 02:43:00] No changes detected.
[2026-05-16 02:43:30] No changes detected.
[2026-05-16 02:44:00] No changes detected.
[2026-05-16 02:44:30] No changes detected.
[2026-05-16 02:45:00] No changes detected.
[2026-05-16 02:45:30] No changes detected.
[2026-05-16 02:46:01] No changes detected.
[2026-05-16 02:46:31] No changes detected.
[2026-05-16 02:47:01] No changes detected.
[2026-05-16 02:47:31] No changes detected.
[2026-05-16 02:48:01] No changes detected.
[2026-05-16 02:48:32] No changes detected.
[2026-05-16 02:49:02] No changes detected.
[2026-05-16 02:49:32] No changes detected.
[2026-05-16 02:50:02] No changes detected.
[2026-05-16 02:50:32] No changes detected.
[2026-05-16 02:51:02] No changes detected.
[2026-05-16 02:51:33] No changes detected.
[2026-05-16 02:52:03] No changes detected.
[2026-05-16 02:52:33] No changes detected.
[2026-05-16 02:53:03] No changes detected.
[2026-05-16 02:53:33] No changes detected.
[2026-05-16 02:54:03] No changes detected.
[2026-05-16 02:54:33] No changes detected.
[2026-05-16 02:55:04] No changes detected.
[2026-05-16 02:55:34] No changes detected.
[2026-05-16 02:56:04] No changes detected.
[2026-05-16 02:56:34] No changes detected.
[2026-05-16 02:57:04] No changes detected.
[2026-05-16 02:57:35] No changes detected.
[2026-05-16 02:58:05] No changes detected.
[2026-05-16 02:58:35] No changes detected.
[2026-05-16 03:04:00] No changes detected.
[2026-05-16 03:04:46] No changes detected.
[2026-05-16 03:05:27] No changes detected.
[2026-05-16 03:06:30] No changes detected.
[2026-05-16 03:41:29] No changes detected.
[2026-05-16 03:41:59] No changes detected.
[2026-05-16 03:42:30] No changes detected.
[2026-05-16 03:43:00] No changes detected.
[2026-05-16 03:49:24] No changes detected.
[2026-05-16 03:51:35] No changes detected.
[2026-05-16 04:25:04] No changes detected.
[2026-05-16 04:37:17] No changes detected.
[2026-05-16 04:59:57] No changes detected.
[2026-05-16 05:08:19] No changes detected.
[2026-05-16 05:09:11] No changes detected.
[2026-05-16 06:00:58] No changes detected.
[2026-05-16 06:17:18] No changes detected.
[2026-05-16 07:19:19] No changes detected.
[2026-05-16 08:20:42] No changes detected.
[2026-05-16 09:12:28] No changes detected.
[2026-05-16 10:05:03] No changes detected.
[2026-05-16 10:31:54] No changes detected.
[2026-05-16 10:52:05] No changes detected.
[2026-05-16 11:29:22] No changes detected.
[2026-05-16 11:45:43] No changes detected.
[2026-05-16 11:46:13] No changes detected.
[2026-05-16 11:46:44] No changes detected.
[2026-05-16 11:47:14] No changes detected.
[2026-05-16 11:47:45] No changes detected.
[2026-05-16 11:48:15] No changes detected.
[2026-05-16 11:48:46] No changes detected.
[2026-05-16 11:49:16] No changes detected.
[2026-05-16 11:49:46] No changes detected.
[2026-05-16 11:50:16] No changes detected.
[2026-05-16 11:50:47] No changes detected.
[2026-05-16 11:51:17] No changes detected.
[2026-05-16 11:51:47] No changes detected.
[2026-05-16 11:52:17] No changes detected.
[2026-05-16 11:52:48] No changes detected.
[2026-05-16 11:53:47] No changes detected.
[2026-05-16 11:54:42] No changes detected.
[2026-05-16 11:55:13] No changes detected.
[2026-05-16 12:04:09] No changes detected.
[2026-05-16 12:04:59] No changes detected.
[2026-05-16 12:05:30] No changes detected.
[2026-05-16 12:06:22] No changes detected.
[2026-05-16 12:07:14] No changes detected.
[2026-05-16 12:07:45] No changes detected.
[2026-05-16 12:08:37] No changes detected.
[2026-05-16 12:09:08] No changes detected.
[2026-05-16 12:09:39] No changes detected.
[2026-05-16 12:10:09] No changes detected.
[2026-05-16 12:10:39] No changes detected.
[2026-05-16 12:11:10] No changes detected.
[2026-05-16 12:11:57] No changes detected.
[2026-05-16 12:12:28] No changes detected.
[2026-05-16 12:12:58] No changes detected.
[2026-05-16 12:13:28] No changes detected.
[2026-05-16 12:13:58] No changes detected.
[2026-05-16 12:14:28] No changes detected.
[2026-05-16 12:14:59] No changes detected.
[2026-05-16 12:15:29] No changes detected.
[2026-05-16 12:15:59] No changes detected.
[2026-05-16 12:16:29] No changes detected.
[2026-05-16 12:17:00] No changes detected.
[2026-05-16 12:17:30] No changes detected.
[2026-05-16 12:18:00] No changes detected.
[2026-05-16 12:18:30] No changes detected.
[2026-05-16 12:19:00] No changes detected.
[2026-05-16 12:19:31] No changes detected.
[2026-05-16 12:20:01] No changes detected.
[2026-05-16 12:20:31] No changes detected.
[2026-05-16 12:21:02] No changes detected.
[2026-05-16 12:21:32] No changes detected.
[2026-05-16 12:22:02] No changes detected.
[2026-05-16 12:22:32] No changes detected.
[2026-05-16 12:23:11] No changes detected.
[2026-05-16 12:26:06] No changes detected.
[2026-05-16 12:26:36] No changes detected.
[2026-05-16 12:27:06] No changes detected.
[2026-05-16 12:27:37] No changes detected.
[2026-05-16 12:28:07] No changes detected.
[2026-05-16 12:28:38] No changes detected.
[2026-05-16 12:29:08] No changes detected.
[2026-05-16 12:29:38] No changes detected.
[2026-05-16 12:30:08] No changes detected.
[2026-05-16 12:30:38] No changes detected.
[2026-05-16 12:31:08] No changes detected.
[2026-05-16 12:31:38] No changes detected.
[2026-05-16 12:32:08] No changes detected.
[2026-05-16 12:32:39] No changes detected.
[2026-05-16 12:33:09] No changes detected.
[2026-05-16 12:33:39] No changes detected.
[2026-05-16 12:34:09] No changes detected.
[2026-05-16 12:34:39] No changes detected.
[2026-05-16 12:35:09] No changes detected.
[2026-05-16 12:35:39] No changes detected.
[2026-05-16 12:36:10] No changes detected.
[2026-05-16 12:36:40] No changes detected.
[2026-05-16 12:37:10] No changes detected.
[2026-05-16 12:37:40] No changes detected.
[2026-05-16 12:38:10] No changes detected.
[2026-05-16 12:38:40] No changes detected.
[2026-05-16 12:39:11] No changes detected.
[2026-05-16 12:39:41] No changes detected.
[2026-05-16 12:40:11] No changes detected.
[2026-05-16 12:40:41] No changes detected.
[2026-05-16 12:41:11] No changes detected.
[2026-05-16 12:41:41] No changes detected.
[2026-05-16 12:42:12] No changes detected.
[2026-05-16 12:42:42] No changes detected.
[2026-05-16 12:43:12] No changes detected.
[2026-05-16 12:43:42] No changes detected.
[2026-05-16 12:44:12] No changes detected.
[2026-05-16 12:44:43] No changes detected.
[2026-05-16 12:45:13] No changes detected.
[2026-05-16 12:45:43] No changes detected.
[2026-05-16 12:46:13] No changes detected.
[2026-05-16 12:46:44] No changes detected.
[2026-05-16 12:47:14] No changes detected.
[2026-05-16 12:47:44] No changes detected.
[2026-05-16 12:48:14] No changes detected.
[2026-05-16 12:48:44] No changes detected.
[2026-05-16 12:49:15] No changes detected.
[2026-05-16 12:49:45] No changes detected.
[2026-05-16 12:50:15] No changes detected.
[2026-05-16 12:50:45] No changes detected.
[2026-05-16 12:51:15] No changes detected.
[2026-05-16 12:51:46] No changes detected.
[2026-05-16 12:52:16] No changes detected.
[2026-05-16 12:52:46] No changes detected.
[2026-05-16 12:53:16] No changes detected.
[2026-05-16 12:53:46] No changes detected.
[2026-05-16 12:54:16] No changes detected.
[2026-05-16 12:54:46] No changes detected.
[2026-05-16 12:55:16] No changes detected.
[2026-05-16 12:55:47] No changes detected.
[2026-05-16 12:56:17] No changes detected.
[2026-05-16 12:56:47] No changes detected.
[2026-05-16 12:57:17] No changes detected.
[2026-05-16 12:57:47] No changes detected.
[2026-05-16 12:58:17] No changes detected.
[2026-05-16 12:58:47] No changes detected.
[2026-05-16 12:59:18] No changes detected.
[2026-05-16 12:59:48] No changes detected.
[2026-05-16 13:00:18] No changes detected.
[2026-05-16 13:00:48] No changes detected.
[2026-05-16 13:01:18] No changes detected.
[2026-05-16 13:01:48] No changes detected.
[2026-05-16 13:02:18] No changes detected.
[2026-05-16 13:02:48] No changes detected.
[2026-05-16 13:03:18] No changes detected.
[2026-05-16 13:03:49] No changes detected.
[2026-05-16 13:04:19] No changes detected.
[2026-05-16 13:05:11] No changes detected.
[2026-05-16 13:05:41] No changes detected.
[2026-05-16 13:06:11] No changes detected.
[2026-05-16 13:06:41] No changes detected.
[2026-05-16 13:07:11] No changes detected.
[2026-05-16 13:07:45] No changes detected.
[2026-05-16 13:08:15] No changes detected.
[2026-05-16 13:08:45] No changes detected.
[2026-05-16 13:09:15] No changes detected.
[2026-05-16 13:09:45] No changes detected.
[2026-05-16 13:10:15] No changes detected.
[2026-05-16 13:10:46] No changes detected.
[2026-05-16 13:11:16] No changes detected.
[2026-05-16 13:11:46] No changes detected.
[2026-05-16 13:12:16] No changes detected.
[2026-05-16 13:12:47] No changes detected.
[2026-05-16 13:13:17] No changes detected.
[2026-05-16 13:13:47] No changes detected.
[2026-05-16 13:14:17] No changes detected.
[2026-05-16 13:14:48] No changes detected.
[2026-05-16 13:15:18] No changes detected.
[2026-05-16 13:15:48] No changes detected.
[2026-05-16 13:16:18] No changes detected.
[2026-05-16 13:16:48] No changes detected.
[2026-05-16 13:17:19] No changes detected.
[2026-05-16 13:17:49] No changes detected.
[2026-05-16 13:18:19] No changes detected.
[2026-05-16 13:18:49] No changes detected.
[2026-05-16 13:19:19] No changes detected.
[2026-05-16 13:19:49] No changes detected.
[2026-05-16 13:20:20] No changes detected.
[2026-05-16 13:20:50] No changes detected.
[2026-05-16 13:21:20] No changes detected.
[2026-05-16 13:21:51] No changes detected.
[2026-05-16 13:22:21] No changes detected.
[2026-05-16 13:22:51] No changes detected.
[2026-05-16 13:23:21] No changes detected.
[2026-05-16 13:23:51] No changes detected.
[2026-05-16 13:24:21] No changes detected.
[2026-05-16 13:24:52] No changes detected.
[2026-05-16 13:25:22] No changes detected.
[2026-05-16 13:25:52] No changes detected.
[2026-05-16 13:26:22] No changes detected.
[2026-05-16 13:26:52] No changes detected.
[2026-05-16 13:27:23] No changes detected.
[2026-05-16 13:27:53] No changes detected.
[2026-05-16 13:28:23] No changes detected.
[2026-05-16 13:28:53] No changes detected.
[2026-05-16 13:29:23] No changes detected.
[2026-05-16 13:29:54] No changes detected.
[2026-05-16 13:30:24] No changes detected.
[2026-05-16 13:30:54] No changes detected.
[2026-05-16 13:31:24] No changes detected.
[2026-05-16 13:31:54] No changes detected.
[2026-05-16 13:32:24] No changes detected.
[2026-05-16 13:32:55] No changes detected.
[2026-05-16 13:33:25] No changes detected.
[2026-05-16 13:33:55] No changes detected.
[2026-05-16 13:34:25] No changes detected.
[2026-05-16 13:34:55] No changes detected.
[2026-05-16 13:35:25] No changes detected.
[2026-05-16 13:35:56] No changes detected.
[2026-05-16 13:36:26] No changes detected.
[2026-05-16 13:36:56] No changes detected.
[2026-05-16 13:37:26] No changes detected.
[2026-05-16 13:37:56] No changes detected.
[2026-05-16 13:38:27] No changes detected.
[2026-05-16 13:38:57] No changes detected.
[2026-05-16 13:39:27] No changes detected.
[2026-05-16 13:39:57] No changes detected.
[2026-05-16 13:40:27] No changes detected.
[2026-05-16 13:40:58] No changes detected.
[2026-05-16 13:41:28] No changes detected.
[2026-05-16 13:41:58] No changes detected.
[2026-05-16 13:42:28] No changes detected.
[2026-05-16 13:42:58] No changes detected.
[2026-05-16 13:43:28] No changes detected.
[2026-05-16 13:43:59] No changes detected.
[2026-05-16 13:44:29] No changes detected.
[2026-05-16 13:44:59] No changes detected.
[2026-05-16 13:45:29] No changes detected.
[2026-05-16 13:46:00] No changes detected.
[2026-05-16 13:46:30] No changes detected.
[2026-05-16 13:47:00] No changes detected.
[2026-05-16 13:47:30] No changes detected.
[2026-05-16 13:48:00] No changes detected.
[2026-05-16 13:48:30] No changes detected.
[2026-05-16 13:49:00] No changes detected.
[2026-05-16 13:49:30] No changes detected.
[2026-05-16 13:50:01] No changes detected.
[2026-05-16 13:50:31] No changes detected.
[2026-05-16 13:51:01] No changes detected.
[2026-05-16 13:51:31] No changes detected.
[2026-05-16 13:52:01] No changes detected.
[2026-05-16 13:52:31] No changes detected.
[2026-05-16 13:53:02] No changes detected.
[2026-05-16 13:53:32] No changes detected.
[2026-05-16 13:54:02] No changes detected.
[2026-05-16 13:54:32] No changes detected.
[2026-05-16 13:55:02] No changes detected.
[2026-05-16 13:55:33] No changes detected.
[2026-05-16 13:56:03] No changes detected.
[2026-05-16 13:56:33] No changes detected.
[2026-05-16 13:57:03] No changes detected.
[2026-05-16 13:57:33] No changes detected.
[2026-05-16 13:58:04] No changes detected.
[2026-05-16 14:01:39] No changes detected.
[2026-05-16 14:02:09] No changes detected.
[2026-05-16 14:02:39] No changes detected.
[2026-05-16 14:03:09] No changes detected.
[2026-05-16 14:03:39] No changes detected.
[2026-05-16 14:04:09] No changes detected.
[2026-05-16 14:04:40] No changes detected.
[2026-05-16 14:05:10] No changes detected.
[2026-05-16 14:05:40] No changes detected.
[2026-05-16 14:06:10] No changes detected.
[2026-05-16 14:06:40] No changes detected.
[2026-05-16 14:07:10] No changes detected.
[2026-05-16 14:07:40] No changes detected.
[2026-05-16 14:08:11] No changes detected.
[2026-05-16 14:08:41] No changes detected.
[2026-05-16 14:09:11] No changes detected.
[2026-05-16 14:09:41] No changes detected.
[2026-05-16 14:10:11] No changes detected.
[2026-05-16 14:10:41] No changes detected.
[2026-05-16 14:11:11] No changes detected.
[2026-05-16 14:11:41] No changes detected.
[2026-05-16 14:12:11] No changes detected.
[2026-05-16 14:12:41] No changes detected.
[2026-05-16 14:13:12] No changes detected.
[2026-05-16 14:13:42] No changes detected.
[2026-05-16 14:14:12] No changes detected.
[2026-05-16 14:14:42] No changes detected.
[2026-05-16 14:15:12] No changes detected.
[2026-05-16 14:15:42] No changes detected.
[2026-05-16 14:16:12] No changes detected.
[2026-05-16 14:16:42] No changes detected.
[2026-05-16 14:17:12] No changes detected.
[2026-05-16 14:17:43] No changes detected.
[2026-05-16 14:18:13] No changes detected.
[2026-05-16 14:18:43] No changes detected.
[2026-05-16 14:19:13] No changes detected.
[2026-05-16 14:21:05] No changes detected.
[2026-05-16 14:21:35] No changes detected.
[2026-05-16 14:22:31] No changes detected.
[2026-05-16 14:23:39] No changes detected.
[2026-05-16 14:24:10] No changes detected.
[2026-05-16 14:24:40] No changes detected.
[2026-05-16 14:25:10] No changes detected.
[2026-05-16 14:25:40] No changes detected.
[2026-05-16 14:26:11] No changes detected.
[2026-05-16 14:26:41] No changes detected.
[2026-05-16 14:27:11] No changes detected.
[2026-05-16 14:27:41] No changes detected.
[2026-05-16 14:28:12] No changes detected.
[2026-05-16 14:28:42] No changes detected.
[2026-05-16 14:29:12] No changes detected.
[2026-05-16 14:29:43] No changes detected.
[2026-05-16 14:30:13] No changes detected.
[2026-05-16 14:30:45] No changes detected.
[2026-05-16 14:31:15] No changes detected.
[2026-05-16 14:31:45] No changes detected.
[2026-05-16 14:32:15] No changes detected.
[2026-05-16 14:32:46] No changes detected.
[2026-05-16 14:33:16] No changes detected.
[2026-05-16 14:33:46] No changes detected.
[2026-05-16 14:34:16] No changes detected.
[2026-05-16 14:34:47] No changes detected.
[2026-05-16 14:35:17] No changes detected.
[2026-05-16 14:35:48] No changes detected.
[2026-05-16 14:36:18] No changes detected.
[2026-05-16 14:36:48] No changes detected.
[2026-05-16 14:37:19] No changes detected.
[2026-05-16 14:37:51] No changes detected.
[2026-05-16 14:38:21] No changes detected.
[2026-05-16 14:38:52] No changes detected.
[2026-05-16 14:39:22] No changes detected.
[2026-05-16 14:39:52] No changes detected.
[2026-05-16 14:40:23] No changes detected.
[2026-05-16 14:40:53] No changes detected.
[2026-05-16 14:41:23] No changes detected.
[2026-05-16 14:41:53] No changes detected.
[2026-05-16 14:42:23] No changes detected.
[2026-05-16 14:42:53] No changes detected.
[2026-05-16 14:43:24] No changes detected.
[2026-05-16 14:43:54] No changes detected.
[2026-05-16 14:44:24] No changes detected.
[2026-05-16 14:44:54] No changes detected.
[2026-05-16 14:45:24] No changes detected.
[2026-05-16 14:45:54] No changes detected.
[2026-05-16 14:46:25] No changes detected.
[2026-05-16 14:46:55] No changes detected.
[2026-05-16 14:47:25] No changes detected.
[2026-05-16 14:47:55] No changes detected.
[2026-05-16 14:48:25] No changes detected.
[2026-05-16 14:48:55] No changes detected.
[2026-05-16 14:49:25] No changes detected.
[2026-05-16 14:49:55] No changes detected.
[2026-05-16 14:50:26] No changes detected.
[2026-05-16 14:50:56] No changes detected.
[2026-05-16 14:51:26] No changes detected.
[2026-05-16 14:51:56] No changes detected.
[2026-05-16 14:52:26] No changes detected.
[2026-05-16 14:52:56] No changes detected.
[2026-05-16 14:53:27] No changes detected.
[2026-05-16 14:53:57] No changes detected.
[2026-05-16 14:54:27] No changes detected.
[2026-05-16 14:54:57] No changes detected.
[2026-05-16 14:55:27] No changes detected.
[2026-05-16 14:55:58] No changes detected.
[2026-05-16 14:56:28] No changes detected.
[2026-05-16 14:56:58] No changes detected.
[2026-05-16 14:57:29] No changes detected.
[2026-05-16 14:57:59] No changes detected.
[2026-05-16 14:58:29] No changes detected.
[2026-05-16 14:58:59] No changes detected.
[2026-05-16 14:59:29] No changes detected.
[2026-05-16 15:00:00] No changes detected.
[2026-05-16 15:00:30] No changes detected.
[2026-05-16 15:01:00] No changes detected.
[2026-05-16 15:01:30] No changes detected.
[2026-05-16 15:02:01] No changes detected.
[2026-05-16 15:02:31] No changes detected.
[2026-05-16 15:03:01] No changes detected.
[2026-05-16 15:03:31] No changes detected.
[2026-05-16 15:04:01] No changes detected.
[2026-05-16 15:04:32] No changes detected.
[2026-05-16 15:05:02] No changes detected.
[2026-05-16 15:05:32] No changes detected.
[2026-05-16 15:06:02] No changes detected.
[2026-05-16 15:06:33] No changes detected.
[2026-05-16 15:07:03] No changes detected.
[2026-05-16 15:07:34] No changes detected.
[2026-05-16 15:08:04] No changes detected.
[2026-05-16 15:08:34] No changes detected.
[2026-05-16 15:09:05] No changes detected.
[2026-05-16 15:09:35] No changes detected.
[2026-05-16 15:10:05] No changes detected.
[2026-05-16 15:10:35] No changes detected.
[2026-05-16 15:11:06] No changes detected.
[2026-05-16 15:11:36] No changes detected.
[2026-05-16 15:12:06] No changes detected.
[2026-05-16 15:12:36] No changes detected.
[2026-05-16 15:13:06] No changes detected.
[2026-05-16 15:13:36] No changes detected.
[2026-05-16 15:14:07] No changes detected.
[2026-05-16 15:14:37] No changes detected.
[2026-05-16 15:15:07] No changes detected.
[2026-05-16 15:15:38] No changes detected.
[2026-05-16 15:16:08] No changes detected.
[2026-05-16 15:16:38] No changes detected.
[2026-05-16 15:17:09] No changes detected.
[2026-05-16 15:17:39] No changes detected.
[2026-05-16 15:18:10] No changes detected.
[2026-05-16 15:18:40] No changes detected.
[2026-05-16 15:19:10] No changes detected.
[2026-05-16 15:19:40] No changes detected.
[2026-05-16 15:20:11] No changes detected.
[2026-05-16 15:20:41] No changes detected.
[2026-05-16 15:21:11] No changes detected.
[2026-05-16 15:21:42] No changes detected.
[2026-05-16 15:22:12] No changes detected.
[2026-05-16 15:22:42] No changes detected.
[2026-05-16 15:23:13] No changes detected.
[2026-05-16 15:23:43] No changes detected.
[2026-05-16 15:24:13] No changes detected.
[2026-05-16 15:24:43] No changes detected.
[2026-05-16 15:25:14] No changes detected.
[2026-05-16 15:25:44] No changes detected.
[2026-05-16 15:26:14] No changes detected.
[2026-05-16 15:26:44] No changes detected.
[2026-05-16 15:27:15] No changes detected.
[2026-05-16 15:27:45] No changes detected.
[2026-05-16 15:28:15] No changes detected.
[2026-05-16 15:28:45] No changes detected.
[2026-05-16 15:29:15] No changes detected.
[2026-05-16 15:29:45] No changes detected.
[2026-05-16 15:30:15] No changes detected.
[2026-05-16 15:30:46] No changes detected.
[2026-05-16 15:31:16] No changes detected.
[2026-05-16 15:31:46] No changes detected.
[2026-05-16 15:32:16] No changes detected.
[2026-05-16 15:32:46] No changes detected.
[2026-05-16 15:33:17] No changes detected.
[2026-05-16 15:33:47] No changes detected.
[2026-05-16 15:34:17] No changes detected.
[2026-05-16 15:34:47] No changes detected.
[2026-05-16 15:35:17] No changes detected.
[2026-05-16 15:35:47] No changes detected.
[2026-05-16 15:36:17] No changes detected.
[2026-05-16 15:36:47] No changes detected.
[2026-05-16 15:37:17] No changes detected.
[2026-05-16 15:37:48] No changes detected.
[2026-05-16 15:38:18] No changes detected.
[2026-05-16 15:38:48] No changes detected.
[2026-05-16 15:39:18] No changes detected.
[2026-05-16 15:39:48] No changes detected.
[2026-05-16 15:40:19] No changes detected.
[2026-05-16 15:40:49] No changes detected.
[2026-05-16 15:41:19] No changes detected.
[2026-05-16 15:41:50] No changes detected.
[2026-05-16 15:42:20] No changes detected.
[2026-05-16 15:42:50] No changes detected.
[2026-05-16 15:43:21] No changes detected.
[2026-05-16 15:43:51] No changes detected.
[2026-05-16 15:44:24] No changes detected.
[2026-05-16 15:44:54] No changes detected.
[2026-05-16 15:45:25] No changes detected.
[2026-05-16 15:45:55] No changes detected.
[2026-05-16 15:46:25] No changes detected.
[2026-05-16 15:46:55] No changes detected.
[2026-05-16 15:47:25] No changes detected.
[2026-05-16 15:47:55] No changes detected.
[2026-05-16 15:48:26] No changes detected.
[2026-05-16 15:48:56] No changes detected.
[2026-05-16 15:49:26] No changes detected.
[2026-05-16 15:49:56] No changes detected.
[2026-05-16 15:50:27] No changes detected.
[2026-05-16 15:50:57] No changes detected.
[2026-05-16 15:51:27] No changes detected.
[2026-05-16 15:51:57] No changes detected.
[2026-05-16 15:52:28] No changes detected.
[2026-05-16 15:52:58] No changes detected.
[2026-05-16 15:53:28] No changes detected.
[2026-05-16 15:53:58] No changes detected.
[2026-05-16 15:54:28] No changes detected.
[2026-05-16 15:54:58] No changes detected.
[2026-05-16 15:55:28] No changes detected.
[2026-05-16 15:55:59] No changes detected.
[2026-05-16 15:56:29] No changes detected.
[2026-05-16 15:56:59] No changes detected.
[2026-05-16 15:57:29] No changes detected.
[2026-05-16 15:57:59] No changes detected.
[2026-05-16 15:58:29] No changes detected.
[2026-05-16 15:59:00] No changes detected.
[2026-05-16 15:59:30] No changes detected.
[2026-05-16 16:00:00] No changes detected.
[2026-05-16 16:00:30] No changes detected.
[2026-05-16 16:01:00] No changes detected.
[2026-05-16 16:01:31] No changes detected.
[2026-05-16 16:02:01] No changes detected.
[2026-05-16 16:02:31] No changes detected.
[2026-05-16 16:03:01] No changes detected.
[2026-05-16 16:03:31] No changes detected.
[2026-05-16 16:04:02] No changes detected.
[2026-05-16 16:04:32] No changes detected.
[2026-05-16 16:05:02] No changes detected.
[2026-05-16 16:05:32] No changes detected.
[2026-05-16 16:06:02] No changes detected.
[2026-05-16 16:06:33] No changes detected.
[2026-05-16 16:07:03] No changes detected.
[2026-05-16 16:07:33] No changes detected.
[2026-05-16 16:08:03] No changes detected.
[2026-05-16 16:08:34] No changes detected.
[2026-05-16 16:09:05] No changes detected.
[2026-05-16 16:09:35] No changes detected.
[2026-05-16 16:10:06] No changes detected.
[2026-05-16 16:10:39] No changes detected.
[2026-05-16 16:11:10] No changes detected.
[2026-05-16 16:11:40] No changes detected.
[2026-05-16 16:12:11] No changes detected.
[2026-05-16 16:12:41] No changes detected.
[2026-05-16 16:13:11] No changes detected.
[2026-05-16 16:13:41] No changes detected.
[2026-05-16 16:14:11] No changes detected.
[2026-05-16 16:14:41] No changes detected.
[2026-05-16 16:15:12] No changes detected.
[2026-05-16 16:15:42] No changes detected.
[2026-05-16 16:16:12] No changes detected.
[2026-05-16 16:16:42] No changes detected.
[2026-05-16 16:17:12] No changes detected.
[2026-05-16 16:17:42] No changes detected.
[2026-05-16 16:18:13] No changes detected.
[2026-05-16 16:18:43] No changes detected.
[2026-05-16 16:19:13] No changes detected.
[2026-05-16 16:19:43] No changes detected.
[2026-05-16 16:20:13] No changes detected.
[2026-05-16 16:20:43] No changes detected.
[2026-05-16 16:21:13] No changes detected.
[2026-05-16 16:21:44] No changes detected.
[2026-05-16 16:22:14] No changes detected.
[2026-05-16 16:22:44] No changes detected.
[2026-05-16 16:23:14] No changes detected.
[2026-05-16 16:23:46] No changes detected.
[2026-05-16 16:24:16] No changes detected.
[2026-05-16 16:24:46] No changes detected.
[2026-05-16 16:25:16] No changes detected.
[2026-05-16 16:25:46] No changes detected.
[2026-05-16 16:26:16] No changes detected.
[2026-05-16 16:26:47] No changes detected.
[2026-05-16 16:27:17] No changes detected.
[2026-05-16 16:27:47] No changes detected.
[2026-05-16 16:28:17] No changes detected.
[2026-05-16 16:28:47] No changes detected.
[2026-05-16 16:29:17] No changes detected.
[2026-05-16 16:29:47] No changes detected.
[2026-05-16 16:30:17] No changes detected.
[2026-05-16 16:30:48] No changes detected.
[2026-05-16 16:31:18] No changes detected.
[2026-05-16 16:31:48] No changes detected.
[2026-05-16 16:32:18] No changes detected.
[2026-05-16 16:32:48] No changes detected.
[2026-05-16 16:33:19] No changes detected.
[2026-05-16 16:33:49] No changes detected.
[2026-05-16 16:34:19] No changes detected.
[2026-05-16 16:34:49] No changes detected.
[2026-05-16 16:35:19] No changes detected.
[2026-05-16 16:35:49] No changes detected.
[2026-05-16 16:36:20] No changes detected.
[2026-05-16 16:36:50] No changes detected.
[2026-05-16 16:37:20] No changes detected.
[2026-05-16 16:37:50] No changes detected.
[2026-05-16 16:38:20] No changes detected.
[2026-05-16 16:38:50] No changes detected.
[2026-05-16 16:39:21] No changes detected.
[2026-05-16 16:39:51] No changes detected.
[2026-05-16 16:40:21] No changes detected.
[2026-05-16 16:40:51] No changes detected.
[2026-05-16 16:41:21] No changes detected.
[2026-05-16 16:41:52] No changes detected.
[2026-05-16 16:42:22] No changes detected.
[2026-05-16 16:42:52] No changes detected.
[2026-05-16 16:43:24] No changes detected.
[2026-05-16 16:43:54] No changes detected.
[2026-05-16 16:44:24] No changes detected.
[2026-05-16 16:44:54] No changes detected.
[2026-05-16 16:45:24] No changes detected.
[2026-05-16 16:45:54] No changes detected.
[2026-05-16 16:46:25] No changes detected.
[2026-05-16 16:46:55] No changes detected.
[2026-05-16 16:47:25] No changes detected.
[2026-05-16 16:47:55] No changes detected.
[2026-05-16 16:48:25] No changes detected.
[2026-05-16 16:48:55] No changes detected.
[2026-05-16 16:49:25] No changes detected.
[2026-05-16 16:49:55] No changes detected.
[2026-05-16 16:50:25] No changes detected.
[2026-05-16 16:50:56] No changes detected.
[2026-05-16 16:51:26] No changes detected.
[2026-05-16 16:51:56] No changes detected.
[2026-05-16 16:52:26] No changes detected.
[2026-05-16 16:52:56] No changes detected.
[2026-05-16 16:53:26] No changes detected.
[2026-05-16 16:53:56] No changes detected.
[2026-05-16 16:54:27] No changes detected.
[2026-05-16 16:54:57] No changes detected.
[2026-05-16 16:55:27] No changes detected.
[2026-05-16 16:55:57] No changes detected.
[2026-05-16 16:56:27] No changes detected.
[2026-05-16 16:56:57] No changes detected.
[2026-05-16 16:57:27] No changes detected.
[2026-05-16 16:57:57] No changes detected.
[2026-05-16 16:58:28] No changes detected.
[2026-05-16 16:58:58] No changes detected.
[2026-05-16 16:59:28] No changes detected.
[2026-05-16 16:59:58] No changes detected.
[2026-05-16 17:00:28] No changes detected.
[2026-05-16 17:00:58] No changes detected.
[2026-05-16 17:01:28] No changes detected.
[2026-05-16 17:01:59] No changes detected.
[2026-05-16 17:02:29] No changes detected.
[2026-05-16 17:02:59] No changes detected.
[2026-05-16 17:03:29] No changes detected.
[2026-05-16 17:03:59] No changes detected.
[2026-05-16 17:04:29] No changes detected.
[2026-05-16 17:05:00] No changes detected.
[2026-05-16 17:05:31] No changes detected.
[2026-05-16 17:06:01] No changes detected.
[2026-05-16 17:06:31] No changes detected.
[2026-05-16 17:07:01] No changes detected.
[2026-05-16 17:07:32] No changes detected.
[2026-05-16 17:08:02] No changes detected.
[2026-05-16 17:08:32] No changes detected.
[2026-05-16 17:09:02] No changes detected.
[2026-05-16 17:09:32] No changes detected.
[2026-05-16 17:10:03] No changes detected.
[2026-05-16 17:10:33] No changes detected.
[2026-05-16 17:11:03] No changes detected.
[2026-05-16 17:11:33] No changes detected.
[2026-05-16 17:12:03] No changes detected.
[2026-05-16 17:12:33] No changes detected.
[2026-05-16 17:13:03] No changes detected.
[2026-05-16 17:13:34] No changes detected.
[2026-05-16 17:14:04] No changes detected.
[2026-05-16 17:14:34] No changes detected.
[2026-05-16 17:15:04] No changes detected.
[2026-05-16 17:15:34] No changes detected.
[2026-05-16 17:16:04] No changes detected.
[2026-05-16 17:16:35] No changes detected.
[2026-05-16 17:17:05] No changes detected.
[2026-05-16 17:17:35] No changes detected.
[2026-05-16 17:18:05] No changes detected.
[2026-05-16 17:18:35] No changes detected.
[2026-05-16 17:19:05] No changes detected.
[2026-05-16 17:19:36] No changes detected.
[2026-05-16 17:20:06] No changes detected.
[2026-05-16 17:20:36] No changes detected.
[2026-05-16 17:21:06] No changes detected.
[2026-05-16 17:21:36] No changes detected.
[2026-05-16 17:22:07] No changes detected.
[2026-05-16 17:22:37] No changes detected.
[2026-05-16 17:23:07] No changes detected.
[2026-05-16 17:23:37] No changes detected.
[2026-05-16 17:24:08] No changes detected.
[2026-05-16 17:24:38] No changes detected.
[2026-05-16 17:25:10] No changes detected.
[2026-05-16 17:25:40] No changes detected.
[2026-05-16 17:26:11] No changes detected.
[2026-05-16 17:26:41] No changes detected.
[2026-05-16 17:27:11] No changes detected.
[2026-05-16 17:27:41] No changes detected.
[2026-05-16 17:28:12] No changes detected.
[2026-05-16 17:28:42] No changes detected.
[2026-05-16 17:29:12] No changes detected.
[2026-05-16 17:29:43] No changes detected.
[2026-05-16 17:30:13] No changes detected.
[2026-05-16 17:30:43] No changes detected.
[2026-05-16 17:31:13] No changes detected.
[2026-05-16 17:31:43] No changes detected.
[2026-05-16 17:32:14] No changes detected.
[2026-05-16 17:32:44] No changes detected.
[2026-05-16 17:33:14] No changes detected.
[2026-05-16 17:33:44] No changes detected.
[2026-05-16 17:34:15] No changes detected.
[2026-05-16 17:34:45] No changes detected.
[2026-05-16 17:35:17] No changes detected.
[2026-05-16 17:35:47] No changes detected.
[2026-05-16 17:36:18] No changes detected.
[2026-05-16 17:36:48] No changes detected.
[2026-05-16 17:37:18] No changes detected.
[2026-05-16 17:37:49] No changes detected.
[2026-05-16 17:38:19] No changes detected.
[2026-05-16 17:38:49] No changes detected.
[2026-05-16 17:39:19] No changes detected.
[2026-05-16 17:39:49] No changes detected.
[2026-05-16 17:40:19] No changes detected.
[2026-05-16 17:40:49] No changes detected.
[2026-05-16 17:41:20] No changes detected.
[2026-05-16 17:41:50] No changes detected.
[2026-05-16 17:42:20] No changes detected.
[2026-05-16 17:42:50] No changes detected.
[2026-05-16 17:43:21] No changes detected.
[2026-05-16 17:43:51] No changes detected.
[2026-05-16 17:44:21] No changes detected.
[2026-05-16 17:44:51] No changes detected.
[2026-05-16 17:45:22] No changes detected.
[2026-05-16 17:45:52] No changes detected.
[2026-05-16 17:46:22] No changes detected.
[2026-05-16 17:46:52] No changes detected.
[2026-05-16 17:47:22] No changes detected.
[2026-05-16 17:47:53] No changes detected.
[2026-05-16 17:48:23] No changes detected.
[2026-05-16 17:48:53] No changes detected.
[2026-05-16 17:49:23] No changes detected.
[2026-05-16 17:49:53] No changes detected.
[2026-05-16 17:50:23] No changes detected.
[2026-05-16 17:50:53] No changes detected.
[2026-05-16 17:51:23] No changes detected.
[2026-05-16 17:51:54] No changes detected.
[2026-05-16 17:52:24] No changes detected.
[2026-05-16 17:52:54] No changes detected.
[2026-05-16 17:53:24] No changes detected.
[2026-05-16 17:53:54] No changes detected.
[2026-05-16 17:54:24] No changes detected.
[2026-05-16 17:54:54] No changes detected.
[2026-05-16 17:55:24] No changes detected.
[2026-05-16 17:55:55] No changes detected.
[2026-05-16 17:56:25] No changes detected.
[2026-05-16 17:56:55] No changes detected.
[2026-05-16 17:57:25] No changes detected.
[2026-05-16 17:57:55] No changes detected.
[2026-05-16 17:58:25] No changes detected.
[2026-05-16 17:58:56] No changes detected.
[2026-05-16 17:59:26] No changes detected.
[2026-05-16 17:59:56] No changes detected.
[2026-05-16 18:00:26] No changes detected.
[2026-05-16 18:00:56] No changes detected.
[2026-05-16 18:01:27] No changes detected.
[2026-05-16 18:01:57] No changes detected.
[2026-05-16 18:02:27] No changes detected.
[2026-05-16 18:02:57] No changes detected.
[2026-05-16 18:03:27] No changes detected.
[2026-05-16 18:03:58] No changes detected.
[2026-05-16 18:04:28] No changes detected.
[2026-05-16 18:04:58] No changes detected.
[2026-05-16 18:05:28] No changes detected.
[2026-05-16 18:05:58] No changes detected.
[2026-05-16 18:06:28] No changes detected.
[2026-05-16 18:06:59] No changes detected.
[2026-05-16 18:07:29] No changes detected.
[2026-05-16 18:07:59] No changes detected.
[2026-05-16 18:08:29] No changes detected.
[2026-05-16 18:09:00] No changes detected.
[2026-05-16 18:09:30] No changes detected.
[2026-05-16 18:10:00] No changes detected.
[2026-05-16 18:10:30] No changes detected.
[2026-05-16 18:11:00] No changes detected.
[2026-05-16 18:11:30] No changes detected.
[2026-05-16 18:12:01] No changes detected.
[2026-05-16 18:12:31] No changes detected.
[2026-05-16 18:13:01] No changes detected.
[2026-05-16 18:13:31] No changes detected.
[2026-05-16 18:14:01] No changes detected.
[2026-05-16 18:14:31] No changes detected.
[2026-05-16 18:15:01] No changes detected.
[2026-05-16 18:15:32] No changes detected.
[2026-05-16 18:16:02] No changes detected.
[2026-05-16 18:16:32] No changes detected.
[2026-05-16 18:17:02] No changes detected.
[2026-05-16 18:17:32] No changes detected.
[2026-05-16 18:18:02] No changes detected.
[2026-05-16 18:18:33] No changes detected.
[2026-05-16 18:19:03] No changes detected.
[2026-05-16 18:19:33] No changes detected.
[2026-05-16 18:20:03] No changes detected.
[2026-05-16 18:20:33] No changes detected.
[2026-05-16 18:21:03] No changes detected.
[2026-05-16 18:21:33] No changes detected.
[2026-05-16 18:22:04] No changes detected.
[2026-05-16 18:22:34] No changes detected.
[2026-05-16 18:23:04] No changes detected.
[2026-05-16 18:23:34] No changes detected.
[2026-05-16 18:24:04] No changes detected.
[2026-05-16 18:24:34] No changes detected.
[2026-05-16 18:25:04] No changes detected.
[2026-05-16 18:25:35] No changes detected.
[2026-05-16 18:26:05] No changes detected.
[2026-05-16 18:26:35] No changes detected.
[2026-05-16 18:27:05] No changes detected.
[2026-05-16 18:27:35] No changes detected.
[2026-05-16 18:28:05] No changes detected.
[2026-05-16 18:28:35] No changes detected.
[2026-05-16 18:29:05] No changes detected.
[2026-05-16 18:29:36] No changes detected.
[2026-05-16 18:30:06] No changes detected.
[2026-05-16 18:30:36] No changes detected.
[2026-05-16 18:31:06] No changes detected.
[2026-05-16 18:31:36] No changes detected.
[2026-05-16 18:32:07] No changes detected.
[2026-05-16 18:32:37] No changes detected.
[2026-05-16 18:33:07] No changes detected.
[2026-05-16 18:33:37] No changes detected.
[2026-05-16 18:34:08] No changes detected.
[2026-05-16 18:34:38] No changes detected.
[2026-05-16 18:35:08] No changes detected.
[2026-05-16 18:35:38] No changes detected.
[2026-05-16 18:36:09] No changes detected.
[2026-05-16 18:36:39] No changes detected.
[2026-05-16 18:37:09] No changes detected.
[2026-05-16 18:37:39] No changes detected.
[2026-05-16 18:38:10] No changes detected.
[2026-05-16 18:38:40] No changes detected.
[2026-05-16 18:39:10] No changes detected.
[2026-05-16 18:39:41] No changes detected.
[2026-05-16 18:40:11] No changes detected.
[2026-05-16 18:40:41] No changes detected.
[2026-05-16 18:41:11] No changes detected.
[2026-05-16 18:41:41] No changes detected.
[2026-05-16 18:42:11] No changes detected.
[2026-05-16 18:42:42] No changes detected.
[2026-05-16 18:43:12] No changes detected.
[2026-05-16 18:43:42] No changes detected.
[2026-05-16 18:44:12] No changes detected.
[2026-05-16 18:44:42] No changes detected.
[2026-05-16 18:45:14] No changes detected.
[2026-05-16 18:45:47] No changes detected.
[2026-05-16 19:23:30] No changes detected.
[2026-05-16 19:24:00] No changes detected.
[2026-05-16 19:24:32] No changes detected.
[2026-05-16 19:25:02] No changes detected.
[2026-05-16 19:25:44] No changes detected.
[2026-05-16 19:36:10] No changes detected.
[2026-05-16 19:36:41] No changes detected.
[2026-05-16 20:46:13] No changes detected.
[2026-05-16 20:46:43] No changes detected.
[2026-05-16 21:35:52] No changes detected.
[2026-05-16 21:47:41] No changes detected.
[2026-05-16 22:37:13] No changes detected.
[2026-05-16 22:48:39] No changes detected.
[2026-05-16 22:58:29] No changes detected.
[2026-05-16 22:58:59] No changes detected.
[2026-05-16 23:00:33] No changes detected.
[2026-05-16 23:01:04] No changes detected.
[2026-05-16 23:01:34] No changes detected.
[2026-05-16 23:23:47] No changes detected.
[2026-05-16 23:24:17] No changes detected.
[2026-05-16 23:49:35] No changes detected.
[2026-05-16 23:53:40] No changes detected.
[2026-05-16 23:54:11] No changes detected.
[2026-05-16 23:55:10] No changes detected.
[2026-05-16 23:55:40] No changes detected.
[2026-05-17 00:01:41] No changes detected.
[2026-05-17 00:16:50] No changes detected.
[2026-05-17 00:17:21] No changes detected.
[2026-05-17 00:17:51] No changes detected.
[2026-05-17 00:18:22] No changes detected.
[2026-05-17 00:18:52] No changes detected.
[2026-05-17 00:19:22] No changes detected.
[2026-05-17 00:19:52] No changes detected.
[2026-05-17 00:20:22] No changes detected.
[2026-05-17 00:20:53] No changes detected.
[2026-05-17 00:21:23] No changes detected.
[2026-05-17 00:21:53] No changes detected.
[2026-05-17 00:22:23] No changes detected.
[2026-05-17 00:22:53] No changes detected.
[2026-05-17 00:23:23] No changes detected.
[2026-05-17 00:23:53] No changes detected.
[2026-05-17 00:24:24] No changes detected.
[2026-05-17 00:24:54] No changes detected.
[2026-05-17 00:25:24] No changes detected.
[2026-05-17 00:25:54] No changes detected.
[2026-05-17 00:26:24] No changes detected.
[2026-05-17 00:26:54] No changes detected.
[2026-05-17 00:27:25] No changes detected.
[2026-05-17 00:27:55] No changes detected.
[2026-05-17 00:28:25] No changes detected.
[2026-05-17 00:28:55] No changes detected.
[2026-05-17 00:29:25] No changes detected.
[2026-05-17 00:29:55] No changes detected.
[2026-05-17 00:30:25] No changes detected.
[2026-05-17 00:30:56] No changes detected.
[2026-05-17 00:31:26] No changes detected.
[2026-05-17 00:31:56] No changes detected.
[2026-05-17 00:32:26] No changes detected.
[2026-05-17 00:32:57] No changes detected.
[2026-05-17 00:33:27] No changes detected.
[2026-05-17 00:33:57] No changes detected.
[2026-05-17 00:34:27] No changes detected.
[2026-05-17 00:34:57] No changes detected.
[2026-05-17 00:35:27] No changes detected.
[2026-05-17 00:35:57] No changes detected.
[2026-05-17 00:36:27] No changes detected.
[2026-05-17 00:36:58] No changes detected.
[2026-05-17 00:37:28] No changes detected.
[2026-05-17 00:37:58] No changes detected.
[2026-05-17 00:38:28] No changes detected.
[2026-05-17 00:38:58] No changes detected.
[2026-05-17 00:39:28] No changes detected.
[2026-05-17 00:39:59] No changes detected.
[2026-05-17 00:40:29] No changes detected.
[2026-05-17 00:40:59] No changes detected.
[2026-05-17 00:41:29] No changes detected.
[2026-05-17 00:41:59] No changes detected.
[2026-05-17 00:42:29] No changes detected.
[2026-05-17 00:42:59] No changes detected.
[2026-05-17 00:43:29] No changes detected.
[2026-05-17 00:44:00] No changes detected.
[2026-05-17 00:44:30] No changes detected.
[2026-05-17 00:45:00] No changes detected.
[2026-05-17 00:45:30] No changes detected.
[2026-05-17 00:46:01] No changes detected.
[2026-05-17 00:46:31] No changes detected.
[2026-05-17 00:47:01] No changes detected.
[2026-05-17 00:47:32] No changes detected.
[2026-05-17 00:48:02] No changes detected.
[2026-05-17 00:48:32] No changes detected.
[2026-05-17 00:49:02] No changes detected.
[2026-05-17 00:49:32] No changes detected.
[2026-05-17 00:50:02] No changes detected.
[2026-05-17 00:50:32] No changes detected.
[2026-05-17 00:51:03] No changes detected.
[2026-05-17 00:51:33] No changes detected.
[2026-05-17 00:52:03] No changes detected.
[2026-05-17 00:52:33] No changes detected.
[2026-05-17 00:53:03] No changes detected.
[2026-05-17 00:53:34] No changes detected.
[2026-05-17 00:54:04] No changes detected.
[2026-05-17 00:54:34] No changes detected.
[2026-05-17 00:55:04] No changes detected.
[2026-05-17 00:55:34] No changes detected.
[2026-05-17 00:56:05] No changes detected.
[2026-05-17 00:56:35] No changes detected.
[2026-05-17 00:57:06] No changes detected.
[2026-05-17 00:59:30] No changes detected.
[2026-05-17 01:00:00] No changes detected.
[2026-05-17 01:02:50] No changes detected.
[2026-05-17 01:03:20] No changes detected.
[2026-05-17 01:05:05] No changes detected.
[2026-05-17 01:08:47] No changes detected.
[2026-05-17 01:09:17] No changes detected.
[2026-05-17 01:10:33] No changes detected.
[2026-05-17 01:11:06] No changes detected.
[2026-05-17 01:11:37] No changes detected.
[2026-05-17 01:12:20] No changes detected.
[2026-05-17 01:16:20] No changes detected.
[2026-05-17 01:16:50] No changes detected.
[2026-05-17 01:17:29] No changes detected.
[2026-05-17 01:17:59] No changes detected.
[2026-05-17 01:19:09] No changes detected.
[2026-05-17 01:31:59] No changes detected.
[2026-05-17 01:32:29] No changes detected.
[2026-05-17 01:32:59] No changes detected.
[2026-05-17 01:34:14] No changes detected.
[2026-05-17 01:34:44] No changes detected.
[2026-05-17 01:35:20] No changes detected.
[2026-05-17 01:39:12] No changes detected.
[2026-05-17 01:39:42] No changes detected.
[2026-05-17 01:52:30] No changes detected.
[2026-05-17 01:53:00] No changes detected.
[2026-05-17 01:53:30] No changes detected.
[2026-05-17 01:54:00] No changes detected.
[2026-05-17 02:09:46] No changes detected.
[2026-05-17 02:10:16] No changes detected.
[2026-05-17 02:48:21] No changes detected.
[2026-05-17 02:48:51] No changes detected.
[2026-05-17 03:34:30] No changes detected.
[2026-05-17 03:50:18] No changes detected.
[2026-05-17 04:35:27] No changes detected.
[2026-05-17 04:35:57] No changes detected.
[2026-05-17 04:57:31] No changes detected.
[2026-05-17 05:31:42] No changes detected.
[2026-05-17 05:36:38] No changes detected.
[2026-05-17 05:37:15] No changes detected.
[2026-05-17 05:37:45] No changes detected.
[2026-05-17 05:38:22] No changes detected.
[2026-05-17 05:38:59] No changes detected.
[2026-05-17 05:39:29] No changes detected.
[2026-05-17 05:40:06] No changes detected.
[2026-05-17 05:40:44] No changes detected.
[2026-05-17 05:41:14] No changes detected.
[2026-05-17 05:41:51] No changes detected.
[2026-05-17 05:42:21] No changes detected.
[2026-05-17 05:42:56] No changes detected.
[2026-05-17 05:43:33] No changes detected.
[2026-05-17 05:44:03] No changes detected.
[2026-05-17 05:44:34] No changes detected.
[2026-05-17 06:17:30] No changes detected.
[2026-05-17 06:37:34] No changes detected.
[2026-05-17 06:55:09] No changes detected.
[2026-05-17 07:38:33] No changes detected.
[2026-05-17 07:55:44] No changes detected.
[2026-05-17 08:39:30] No changes detected.
[2026-05-17 08:40:00] No changes detected.
[2026-05-17 08:45:29] No changes detected.
[2026-05-17 09:32:52] No changes detected.
[2026-05-17 09:40:42] No changes detected.
[2026-05-17 10:12:09] No changes detected.
[2026-05-17 10:41:40] No changes detected.
[2026-05-17 11:00:21] No changes detected.
[2026-05-17 11:00:52] No changes detected.
[2026-05-17 11:22:58] No changes detected.
[2026-05-17 11:23:28] No changes detected.
[2026-05-17 11:26:00] No changes detected.
[2026-05-17 11:26:51] No changes detected.
[2026-05-17 11:27:21] No changes detected.
[2026-05-17 11:27:53] No changes detected.
[2026-05-17 11:28:26] No changes detected.
[2026-05-17 11:28:57] No changes detected.
[2026-05-17 11:29:43] No changes detected.
[2026-05-17 11:30:13] No changes detected.
[2026-05-17 11:31:37] No changes detected.
[2026-05-17 11:35:36] No changes detected.
[2026-05-17 11:36:06] No changes detected.
[2026-05-17 11:38:25] No changes detected.
[2026-05-17 11:39:08] No changes detected.
[2026-05-17 11:39:38] No changes detected.
[2026-05-17 11:40:31] No changes detected.
[2026-05-17 11:41:06] No changes detected.
[2026-05-17 11:41:36] No changes detected.
[2026-05-17 11:42:54] No changes detected.
[2026-05-17 11:43:32] No changes detected.
[2026-05-17 11:44:02] No changes detected.
[2026-05-17 11:44:39] No changes detected.
[2026-05-17 11:45:09] No changes detected.
[2026-05-17 11:45:46] No changes detected.
[2026-05-17 11:46:23] No changes detected.
[2026-05-17 11:46:53] No changes detected.
[2026-05-17 11:47:30] No changes detected.
[2026-05-17 11:48:07] No changes detected.
[2026-05-17 11:48:37] No changes detected.
[2026-05-17 11:50:33] No changes detected.
[2026-05-17 11:51:04] No changes detected.
[2026-05-17 11:51:34] No changes detected.
[2026-05-17 11:52:30] No changes detected.
[2026-05-17 11:53:01] No changes detected.
[2026-05-17 11:53:40] No changes detected.
[2026-05-17 11:54:13] No changes detected.
[2026-05-17 11:54:43] No changes detected.
[2026-05-17 11:55:28] No changes detected.
[2026-05-17 12:06:43] No changes detected.
[2026-05-17 12:07:13] No changes detected.
[2026-05-17 12:39:27] No changes detected.
[2026-05-17 12:39:58] No changes detected.
[2026-05-17 12:40:28] No changes detected.
[2026-05-17 12:40:58] No changes detected.
[2026-05-17 12:41:28] No changes detected.
[2026-05-17 12:41:59] No changes detected.
[2026-05-17 12:42:29] No changes detected.
[2026-05-17 12:42:59] No changes detected.
[2026-05-17 12:43:29] No changes detected.
[2026-05-17 12:44:00] No changes detected.
[2026-05-17 12:44:30] No changes detected.
[2026-05-17 12:45:00] No changes detected.
[2026-05-17 12:45:30] No changes detected.
[2026-05-17 12:46:00] No changes detected.
[2026-05-17 12:46:30] No changes detected.
[2026-05-17 12:47:01] No changes detected.
[2026-05-17 12:47:31] No changes detected.
[2026-05-17 12:48:01] No changes detected.
[2026-05-17 12:48:31] No changes detected.
[2026-05-17 12:49:01] No changes detected.
[2026-05-17 12:49:31] No changes detected.
[2026-05-17 12:50:02] No changes detected.
[2026-05-17 12:50:32] No changes detected.
[2026-05-17 12:51:02] No changes detected.
[2026-05-17 12:51:32] No changes detected.
[2026-05-17 12:52:03] No changes detected.
[2026-05-17 12:52:33] No changes detected.
[2026-05-17 12:53:03] No changes detected.
[2026-05-17 12:53:33] No changes detected.
[2026-05-17 12:54:03] No changes detected.
[2026-05-17 12:54:34] No changes detected.
[2026-05-17 12:55:04] No changes detected.
[2026-05-17 12:55:34] No changes detected.
[2026-05-17 12:56:04] No changes detected.
[2026-05-17 12:56:34] No changes detected.
[2026-05-17 12:57:04] No changes detected.
[2026-05-17 12:57:34] No changes detected.
[2026-05-17 12:58:05] No changes detected.
[2026-05-17 12:58:35] No changes detected.
[2026-05-17 12:59:05] No changes detected.
[2026-05-17 12:59:35] No changes detected.
[2026-05-17 13:00:05] No changes detected.
[2026-05-17 13:00:35] No changes detected.
[2026-05-17 13:01:05] No changes detected.
[2026-05-17 13:01:35] No changes detected.
[2026-05-17 13:02:06] No changes detected.
[2026-05-17 13:02:36] No changes detected.
[2026-05-17 13:03:06] No changes detected.
[2026-05-17 13:03:36] No changes detected.
[2026-05-17 13:04:06] No changes detected.
[2026-05-17 13:04:37] No changes detected.
[2026-05-17 13:05:07] No changes detected.
[2026-05-17 13:05:37] No changes detected.
[2026-05-17 13:06:07] No changes detected.
[2026-05-17 13:06:37] No changes detected.
[2026-05-17 13:07:07] No changes detected.
[2026-05-17 13:07:37] No changes detected.
[2026-05-17 13:08:07] No changes detected.
[2026-05-17 13:08:38] No changes detected.
[2026-05-17 13:09:08] No changes detected.
[2026-05-17 13:09:38] No changes detected.
[2026-05-17 13:10:08] No changes detected.
[2026-05-17 13:10:38] No changes detected.
[2026-05-17 13:11:08] No changes detected.
[2026-05-17 13:11:38] No changes detected.
[2026-05-17 13:12:08] No changes detected.
[2026-05-17 13:12:39] No changes detected.
[2026-05-17 13:13:09] No changes detected.
[2026-05-17 13:13:39] No changes detected.
[2026-05-17 13:14:09] No changes detected.
[2026-05-17 13:14:39] No changes detected.
[2026-05-17 13:15:09] No changes detected.
[2026-05-17 13:15:39] No changes detected.
[2026-05-17 13:16:09] No changes detected.
[2026-05-17 13:16:40] No changes detected.
[2026-05-17 13:17:10] No changes detected.
[2026-05-17 13:17:40] No changes detected.
[2026-05-17 13:18:10] No changes detected.
[2026-05-17 13:18:40] No changes detected.
[2026-05-17 13:19:10] No changes detected.
[2026-05-17 13:19:41] No changes detected.
[2026-05-17 13:20:11] No changes detected.
[2026-05-17 13:20:41] No changes detected.
[2026-05-17 13:21:11] No changes detected.
[2026-05-17 13:21:42] No changes detected.
[2026-05-17 13:22:12] No changes detected.
[2026-05-17 13:22:42] No changes detected.
[2026-05-17 13:23:12] No changes detected.
[2026-05-17 13:23:42] No changes detected.
[2026-05-17 13:24:12] No changes detected.
[2026-05-17 13:24:43] No changes detected.
[2026-05-17 13:25:13] No changes detected.
[2026-05-17 13:25:43] No changes detected.
[2026-05-17 13:26:13] No changes detected.
[2026-05-17 13:26:43] No changes detected.
[2026-05-17 13:27:13] No changes detected.
[2026-05-17 13:27:44] No changes detected.
[2026-05-17 13:28:14] No changes detected.
[2026-05-17 13:28:44] No changes detected.
[2026-05-17 13:29:14] No changes detected.
[2026-05-17 13:29:44] No changes detected.
[2026-05-17 13:30:15] No changes detected.
[2026-05-17 13:30:45] No changes detected.
[2026-05-17 13:31:15] No changes detected.
[2026-05-17 13:31:45] No changes detected.
[2026-05-17 13:32:15] No changes detected.
[2026-05-17 13:32:45] No changes detected.
[2026-05-17 13:33:15] No changes detected.
[2026-05-17 13:33:46] No changes detected.
[2026-05-17 13:34:16] No changes detected.
[2026-05-17 13:34:46] No changes detected.
[2026-05-17 13:35:16] No changes detected.
[2026-05-17 13:35:46] No changes detected.
[2026-05-17 13:36:16] No changes detected.
[2026-05-17 13:36:46] No changes detected.
[2026-05-17 13:37:17] No changes detected.
[2026-05-17 13:37:47] No changes detected.
[2026-05-17 13:38:17] No changes detected.
[2026-05-17 13:38:47] No changes detected.
[2026-05-17 13:39:17] No changes detected.
[2026-05-17 13:39:47] No changes detected.
[2026-05-17 13:40:17] No changes detected.
[2026-05-17 13:40:48] No changes detected.
[2026-05-17 13:41:18] No changes detected.
[2026-05-17 13:41:48] No changes detected.
[2026-05-17 13:42:18] No changes detected.
[2026-05-17 13:42:48] No changes detected.
[2026-05-17 13:43:18] No changes detected.
[2026-05-17 13:43:48] No changes detected.
[2026-05-17 13:44:19] No changes detected.
[2026-05-17 13:44:49] No changes detected.
[2026-05-17 13:45:19] No changes detected.
[2026-05-17 13:45:49] No changes detected.
[2026-05-17 13:46:19] No changes detected.
[2026-05-17 13:46:49] No changes detected.
[2026-05-17 13:47:20] No changes detected.
[2026-05-17 13:47:50] No changes detected.
[2026-05-17 13:48:20] No changes detected.
[2026-05-17 13:48:50] No changes detected.
[2026-05-17 13:49:20] No changes detected.
[2026-05-17 13:49:50] No changes detected.
[2026-05-17 13:50:20] No changes detected.
[2026-05-17 13:50:51] No changes detected.
[2026-05-17 13:51:21] No changes detected.
[2026-05-17 13:51:51] No changes detected.
[2026-05-17 13:52:21] No changes detected.
[2026-05-17 13:52:51] No changes detected.
[2026-05-17 13:53:21] No changes detected.
[2026-05-17 13:53:52] No changes detected.
[2026-05-17 13:54:22] No changes detected.
[2026-05-17 13:54:52] No changes detected.
[2026-05-17 13:55:22] No changes detected.
[2026-05-17 13:55:52] No changes detected.
[2026-05-17 13:56:22] No changes detected.
[2026-05-17 13:56:52] No changes detected.
[2026-05-17 13:57:22] No changes detected.
[2026-05-17 13:57:53] No changes detected.
[2026-05-17 13:58:23] No changes detected.
[2026-05-17 13:58:53] No changes detected.
[2026-05-17 13:59:23] No changes detected.
[2026-05-17 13:59:53] No changes detected.
[2026-05-17 14:00:23] No changes detected.
[2026-05-17 14:00:53] No changes detected.
[2026-05-17 14:01:23] No changes detected.
[2026-05-17 14:01:54] No changes detected.
[2026-05-17 14:02:24] No changes detected.
[2026-05-17 14:02:54] No changes detected.
[2026-05-17 14:03:24] No changes detected.
[2026-05-17 14:03:54] No changes detected.
[2026-05-17 14:04:24] No changes detected.
[2026-05-17 14:04:54] No changes detected.
[2026-05-17 14:05:24] No changes detected.
[2026-05-17 14:05:54] No changes detected.
[2026-05-17 14:06:25] No changes detected.
[2026-05-17 14:06:55] No changes detected.
[2026-05-17 14:07:25] No changes detected.
[2026-05-17 14:07:55] No changes detected.
[2026-05-17 14:08:25] No changes detected.
[2026-05-17 14:08:55] No changes detected.
[2026-05-17 14:09:25] No changes detected.
[2026-05-17 14:09:55] No changes detected.
[2026-05-17 14:10:25] No changes detected.
[2026-05-17 14:10:56] No changes detected.
[2026-05-17 14:11:26] No changes detected.
[2026-05-17 14:11:56] No changes detected.
[2026-05-17 14:12:26] No changes detected.
[2026-05-17 14:12:56] No changes detected.
[2026-05-17 14:13:26] No changes detected.
[2026-05-17 14:13:56] No changes detected.
[2026-05-17 14:14:26] No changes detected.
[2026-05-17 14:14:56] No changes detected.
[2026-05-17 14:15:27] No changes detected.
[2026-05-17 14:15:57] No changes detected.
[2026-05-17 14:16:27] No changes detected.
[2026-05-17 14:16:57] No changes detected.
[2026-05-17 14:17:27] No changes detected.
[2026-05-17 14:17:57] No changes detected.
[2026-05-17 14:18:28] No changes detected.
[2026-05-17 14:18:58] No changes detected.
[2026-05-17 14:19:28] No changes detected.
[2026-05-17 14:19:58] No changes detected.
[2026-05-17 14:20:28] No changes detected.
[2026-05-17 14:20:58] No changes detected.
[2026-05-17 14:21:28] No changes detected.
[2026-05-17 14:21:58] No changes detected.
[2026-05-17 14:22:28] No changes detected.
[2026-05-17 14:22:58] No changes detected.
[2026-05-17 14:23:28] No changes detected.
[2026-05-17 14:23:59] No changes detected.
[2026-05-17 14:24:29] No changes detected.
[2026-05-17 14:24:59] No changes detected.
[2026-05-17 14:25:29] No changes detected.
[2026-05-17 14:25:59] No changes detected.
[2026-05-17 14:26:29] No changes detected.
[2026-05-17 14:26:59] No changes detected.
[2026-05-17 14:27:29] No changes detected.
[2026-05-17 14:28:00] No changes detected.
Starting auto-commit for /Users/johannes/Documents/LaTeX on branch main
Commits every 30s, pushes every 10min
[2026-05-17 14:28:00] No changes detected.
[2026-05-17 14:28:30] No changes detected.
[2026-05-17 14:29:01] No changes detected.
[main 74399a7] Auto-commit: 2026-05-17 14:29:31
 1 file changed, 4 insertions(+)
[2026-05-17 14:29:31] Changes committed locally.
[main ccb6909] Auto-commit: 2026-05-17 14:30:01
 1 file changed, 1 insertion(+), 1 deletion(-)
[2026-05-17 14:30:01] Changes committed locally.
[main 44b6e35] Auto-commit: 2026-05-17 14:30:31
 1 file changed, 1 insertion(+), 1 deletion(-)
[2026-05-17 14:30:31] Changes committed locally.
[2026-05-17 14:31:30] No changes detected.
[2026-05-17 14:32:00] No changes detected.
[2026-05-17 14:32:32] No changes detected.
[2026-05-17 14:48:00] No changes detected.
[2026-05-17 14:48:31] No changes detected.
[2026-05-17 14:49:01] No changes detected.
[2026-05-17 14:49:31] No changes detected.
[2026-05-17 14:50:01] No changes detected.
[2026-05-17 14:50:32] No changes detected.
[2026-05-17 14:53:18] No changes detected.
[2026-05-17 14:53:48] No changes detected.
[2026-05-17 15:09:16] No changes detected.
[2026-05-17 15:09:47] No changes detected.
[2026-05-17 15:20:45] No changes detected.
[2026-05-17 15:20:45] Pushed        3 commit(s) to remote.
[2026-05-17 15:21:18] No changes detected.
[2026-05-17 15:21:48] No changes detected.
[2026-05-17 15:22:18] No changes detected.
[2026-05-17 15:22:48] No changes detected.
[2026-05-17 15:23:19] No changes detected.
[2026-05-17 15:26:31] No changes detected.
[2026-05-17 15:27:01] No changes detected.
[2026-05-17 15:27:38] No changes detected.
[2026-05-17 15:29:38] No changes detected.
[2026-05-17 15:30:08] No changes detected.
[2026-05-17 15:30:38] No changes detected.
[2026-05-17 15:31:09] No changes detected.
[2026-05-17 15:31:39] No changes detected.
[2026-05-17 15:32:09] No changes detected.
[2026-05-17 15:32:39] No changes detected.
[2026-05-17 15:33:09] No changes detected.
[2026-05-17 15:33:40] No changes detected.
[2026-05-17 15:34:10] No changes detected.
[2026-05-17 15:34:40] No changes detected.
[2026-05-17 15:35:10] No changes detected.
[2026-05-17 15:35:41] No changes detected.
[2026-05-17 15:36:11] No changes detected.
[2026-05-17 15:36:41] No changes detected.
[2026-05-17 15:37:11] No changes detected.
[2026-05-17 15:37:41] No changes detected.
[2026-05-17 15:38:12] No changes detected.
[2026-05-17 15:38:42] No changes detected.
[2026-05-17 15:39:12] No changes detected.
[2026-05-17 15:39:42] No changes detected.
[2026-05-17 15:40:13] No changes detected.
[2026-05-17 15:40:43] No changes detected.
[2026-05-17 15:41:13] No changes detected.
[2026-05-17 15:41:43] No changes detected.
[2026-05-17 15:42:13] No changes detected.
[2026-05-17 15:42:44] No changes detected.
[2026-05-17 15:43:14] No changes detected.
[2026-05-17 15:43:44] No changes detected.
[2026-05-17 15:44:14] No changes detected.
[2026-05-17 15:44:44] No changes detected.
[2026-05-17 15:45:14] No changes detected.
[2026-05-17 15:45:45] No changes detected.
[2026-05-17 15:46:15] No changes detected.
[2026-05-17 15:46:45] No changes detected.
[2026-05-17 15:47:15] No changes detected.
[2026-05-17 15:47:45] No changes detected.
[2026-05-17 15:48:15] No changes detected.
[2026-05-17 15:48:45] No changes detected.
[2026-05-17 15:49:16] No changes detected.
[2026-05-17 15:49:46] No changes detected.
[2026-05-17 15:50:16] No changes detected.
[2026-05-17 15:50:46] No changes detected.
[2026-05-17 15:51:16] No changes detected.
[2026-05-17 15:51:46] No changes detected.
[2026-05-17 15:52:17] No changes detected.
[2026-05-17 15:52:47] No changes detected.
[2026-05-17 15:53:17] No changes detected.
[2026-05-17 15:53:47] No changes detected.
[2026-05-17 15:54:17] No changes detected.
[2026-05-17 15:54:47] No changes detected.
[2026-05-17 15:55:17] No changes detected.
[2026-05-17 15:55:48] No changes detected.
[2026-05-17 15:56:18] No changes detected.
[2026-05-17 15:56:48] No changes detected.
[2026-05-17 15:57:18] No changes detected.
[2026-05-17 15:57:48] No changes detected.
[2026-05-17 15:58:18] No changes detected.
[2026-05-17 15:58:48] No changes detected.
[2026-05-17 15:59:18] No changes detected.
[2026-05-17 15:59:49] No changes detected.
[2026-05-17 16:00:19] No changes detected.
[2026-05-17 16:00:49] No changes detected.
[2026-05-17 16:01:19] No changes detected.
[2026-05-17 16:01:49] No changes detected.
[2026-05-17 16:02:19] No changes detected.
[2026-05-17 16:02:50] No changes detected.
[2026-05-17 16:03:20] No changes detected.
[2026-05-17 16:03:50] No changes detected.
[2026-05-17 16:04:20] No changes detected.
[2026-05-17 16:04:50] No changes detected.
[2026-05-17 16:05:20] No changes detected.
[2026-05-17 16:05:50] No changes detected.
[2026-05-17 16:06:20] No changes detected.
[2026-05-17 16:06:51] No changes detected.
[2026-05-17 16:07:21] No changes detected.
[2026-05-17 16:07:51] No changes detected.
[2026-05-17 16:08:21] No changes detected.
[2026-05-17 16:08:51] No changes detected.
[2026-05-17 16:09:21] No changes detected.
[2026-05-17 16:09:52] No changes detected.
[2026-05-17 16:10:22] No changes detected.
[2026-05-17 16:10:52] No changes detected.
[2026-05-17 16:11:22] No changes detected.
[2026-05-17 16:11:52] No changes detected.
[2026-05-17 16:12:22] No changes detected.
[2026-05-17 16:12:52] No changes detected.
[2026-05-17 16:13:23] No changes detected.
[2026-05-17 16:13:53] No changes detected.
[2026-05-17 16:14:23] No changes detected.
[2026-05-17 16:14:53] No changes detected.
[2026-05-17 16:15:23] No changes detected.
[2026-05-17 16:15:53] No changes detected.
[2026-05-17 16:16:23] No changes detected.
[2026-05-17 16:16:54] No changes detected.
[2026-05-17 16:17:24] No changes detected.
[2026-05-17 16:17:54] No changes detected.
[2026-05-17 16:18:24] No changes detected.
[2026-05-17 16:18:54] No changes detected.
[2026-05-17 16:19:24] No changes detected.
[2026-05-17 16:19:54] No changes detected.
[2026-05-17 16:20:25] No changes detected.
[2026-05-17 16:20:55] No changes detected.
[2026-05-17 16:21:25] No changes detected.
[2026-05-17 16:21:55] No changes detected.
[2026-05-17 16:22:25] No changes detected.
[2026-05-17 16:22:56] No changes detected.
[2026-05-17 16:23:26] No changes detected.
[2026-05-17 16:23:56] No changes detected.
[2026-05-17 16:24:26] No changes detected.
[2026-05-17 16:24:56] No changes detected.
[2026-05-17 16:25:26] No changes detected.
[2026-05-17 16:25:56] No changes detected.
[2026-05-17 16:26:27] No changes detected.
[2026-05-17 16:26:57] No changes detected.
[2026-05-17 16:27:27] No changes detected.
[2026-05-17 16:27:57] No changes detected.
[2026-05-17 16:28:27] No changes detected.
[2026-05-17 16:28:57] No changes detected.
[2026-05-17 16:29:27] No changes detected.
[2026-05-17 16:29:58] No changes detected.
[2026-05-17 16:30:28] No changes detected.
[2026-05-17 16:30:58] No changes detected.
[2026-05-17 16:31:28] No changes detected.
[2026-05-17 16:31:58] No changes detected.
[2026-05-17 16:32:28] No changes detected.
[2026-05-17 16:32:59] No changes detected.
[2026-05-17 16:33:29] No changes detected.
[2026-05-17 16:33:59] No changes detected.
[2026-05-17 16:34:29] No changes detected.
[2026-05-17 16:34:59] No changes detected.
[2026-05-17 16:35:29] No changes detected.
[2026-05-17 16:35:59] No changes detected.
[2026-05-17 16:36:30] No changes detected.
[2026-05-17 16:37:00] No changes detected.
[2026-05-17 16:37:30] No changes detected.
[2026-05-17 16:38:00] No changes detected.
[2026-05-17 16:38:30] No changes detected.
[2026-05-17 16:39:00] No changes detected.
[2026-05-17 16:39:30] No changes detected.
[2026-05-17 16:40:01] No changes detected.
[2026-05-17 16:40:31] No changes detected.
[2026-05-17 16:41:01] No changes detected.
[2026-05-17 16:41:31] No changes detected.
[2026-05-17 16:42:01] No changes detected.
[2026-05-17 16:42:31] No changes detected.
[2026-05-17 16:43:01] No changes detected.
[2026-05-17 16:43:32] No changes detected.
[2026-05-17 16:44:02] No changes detected.
[2026-05-17 16:44:32] No changes detected.
[2026-05-17 16:45:02] No changes detected.
[2026-05-17 16:45:32] No changes detected.
[2026-05-17 16:46:03] No changes detected.
[2026-05-17 16:46:33] No changes detected.
[2026-05-17 16:47:03] No changes detected.
[2026-05-17 16:47:33] No changes detected.
[2026-05-17 16:48:03] No changes detected.
[2026-05-17 16:48:33] No changes detected.
[2026-05-17 16:49:04] No changes detected.
[2026-05-17 16:49:34] No changes detected.
[2026-05-17 16:50:04] No changes detected.
[2026-05-17 16:50:34] No changes detected.
[2026-05-17 16:51:04] No changes detected.
[2026-05-17 16:51:34] No changes detected.
[2026-05-17 16:52:04] No changes detected.
[2026-05-17 16:52:34] No changes detected.
[2026-05-17 16:53:05] No changes detected.
[2026-05-17 16:53:35] No changes detected.
[2026-05-17 16:54:05] No changes detected.
[2026-05-17 16:54:35] No changes detected.
[2026-05-17 16:55:05] No changes detected.
[2026-05-17 16:55:35] No changes detected.
[2026-05-17 16:56:05] No changes detected.
[2026-05-17 16:56:36] No changes detected.
[2026-05-17 16:57:06] No changes detected.
[2026-05-17 16:57:36] No changes detected.
[2026-05-17 16:58:06] No changes detected.
[2026-05-17 16:58:36] No changes detected.
[2026-05-17 16:59:06] No changes detected.
[2026-05-17 16:59:36] No changes detected.
[2026-05-17 17:00:07] No changes detected.
[2026-05-17 17:00:37] No changes detected.
[2026-05-17 17:01:07] No changes detected.
[2026-05-17 17:01:37] No changes detected.
[2026-05-17 17:02:07] No changes detected.
[2026-05-17 17:02:37] No changes detected.
[2026-05-17 17:03:08] No changes detected.
[2026-05-17 17:03:38] No changes detected.
[2026-05-17 17:04:08] No changes detected.
[2026-05-17 17:04:38] No changes detected.
[2026-05-17 17:05:08] No changes detected.
[2026-05-17 17:05:38] No changes detected.
[2026-05-17 17:06:09] No changes detected.
[2026-05-17 17:06:39] No changes detected.
[2026-05-17 17:07:09] No changes detected.
[2026-05-17 17:07:39] No changes detected.
[2026-05-17 17:08:09] No changes detected.
[2026-05-17 17:08:39] No changes detected.
[2026-05-17 17:09:10] No changes detected.
[2026-05-17 17:09:40] No changes detected.
[2026-05-17 17:10:10] No changes detected.
[2026-05-17 17:10:40] No changes detected.
[2026-05-17 17:11:10] No changes detected.
[2026-05-17 17:11:40] No changes detected.
[2026-05-17 17:12:10] No changes detected.
[2026-05-17 17:12:41] No changes detected.
[2026-05-17 17:13:11] No changes detected.
[2026-05-17 17:13:41] No changes detected.
[2026-05-17 17:14:11] No changes detected.
[2026-05-17 17:14:41] No changes detected.
[2026-05-17 17:15:11] No changes detected.
[2026-05-17 17:15:41] No changes detected.
[2026-05-17 17:16:12] No changes detected.
[2026-05-17 17:16:42] No changes detected.
[2026-05-17 17:17:12] No changes detected.
[2026-05-17 17:17:42] No changes detected.
[2026-05-17 17:18:12] No changes detected.
[2026-05-17 17:18:42] No changes detected.
[2026-05-17 17:19:12] No changes detected.
[2026-05-17 17:19:43] No changes detected.
[2026-05-17 17:20:13] No changes detected.
[2026-05-17 17:20:43] No changes detected.
[2026-05-17 17:21:13] No changes detected.
[2026-05-17 17:21:43] No changes detected.
[2026-05-17 17:22:13] No changes detected.
[2026-05-17 17:22:44] No changes detected.
[2026-05-17 17:23:14] No changes detected.
[2026-05-17 17:23:44] No changes detected.
[2026-05-17 17:24:14] No changes detected.
[2026-05-17 17:24:44] No changes detected.
[2026-05-17 17:25:14] No changes detected.
[2026-05-17 17:25:44] No changes detected.
[2026-05-17 17:26:15] No changes detected.
[2026-05-17 17:26:45] No changes detected.
[2026-05-17 17:27:15] No changes detected.
[2026-05-17 17:27:45] No changes detected.
[2026-05-17 17:28:15] No changes detected.
[2026-05-17 17:28:46] No changes detected.
[2026-05-17 17:29:16] No changes detected.
[2026-05-17 17:29:46] No changes detected.
[2026-05-17 17:30:16] No changes detected.
[2026-05-17 17:30:46] No changes detected.
[2026-05-17 17:31:16] No changes detected.
[2026-05-17 17:31:46] No changes detected.
[2026-05-17 17:32:17] No changes detected.
[2026-05-17 17:32:47] No changes detected.
[2026-05-17 17:33:17] No changes detected.
[2026-05-17 17:33:47] No changes detected.
[2026-05-17 17:34:17] No changes detected.
[2026-05-17 17:34:47] No changes detected.
[2026-05-17 17:35:17] No changes detected.
[2026-05-17 17:35:48] No changes detected.
[2026-05-17 17:36:18] No changes detected.
[2026-05-17 17:36:48] No changes detected.
[2026-05-17 17:37:18] No changes detected.
[2026-05-17 17:37:48] No changes detected.
[2026-05-17 17:38:18] No changes detected.
[2026-05-17 17:38:49] No changes detected.
[2026-05-17 17:39:19] No changes detected.
[2026-05-17 17:39:49] No changes detected.
[2026-05-17 17:40:19] No changes detected.
[2026-05-17 17:40:49] No changes detected.
[2026-05-17 17:41:19] No changes detected.
[2026-05-17 17:41:50] No changes detected.
[2026-05-17 17:42:20] No changes detected.
[2026-05-17 17:42:50] No changes detected.
[2026-05-17 17:43:20] No changes detected.
[2026-05-17 17:43:50] No changes detected.
[2026-05-17 17:44:20] No changes detected.
[2026-05-17 17:44:50] No changes detected.
[2026-05-17 17:45:21] No changes detected.
[2026-05-17 17:45:51] No changes detected.
[2026-05-17 17:46:21] No changes detected.
[2026-05-17 17:46:51] No changes detected.
[2026-05-17 17:47:21] No changes detected.
[2026-05-17 17:47:51] No changes detected.
[2026-05-17 17:48:21] No changes detected.
[2026-05-17 17:48:52] No changes detected.
[2026-05-17 17:49:22] No changes detected.
[2026-05-17 17:49:52] No changes detected.
[2026-05-17 17:50:22] No changes detected.
[2026-05-17 17:50:52] No changes detected.
[2026-05-17 17:51:22] No changes detected.
[2026-05-17 17:51:53] No changes detected.
[2026-05-17 17:52:23] No changes detected.
[2026-05-17 17:52:53] No changes detected.
[2026-05-17 17:53:23] No changes detected.
[2026-05-17 17:53:53] No changes detected.
[2026-05-17 17:54:23] No changes detected.
[2026-05-17 17:54:53] No changes detected.
[2026-05-17 17:55:24] No changes detected.
[2026-05-17 17:55:54] No changes detected.
[2026-05-17 17:56:24] No changes detected.
[2026-05-17 17:56:54] No changes detected.
[2026-05-17 17:57:24] No changes detected.
[2026-05-17 17:57:54] No changes detected.
[2026-05-17 17:58:25] No changes detected.
[2026-05-17 17:58:55] No changes detected.
[2026-05-17 17:59:25] No changes detected.
[2026-05-17 17:59:55] No changes detected.
[2026-05-17 18:00:25] No changes detected.
[2026-05-17 18:00:55] No changes detected.
[2026-05-17 18:01:25] No changes detected.
[2026-05-17 18:01:55] No changes detected.
[2026-05-17 18:02:26] No changes detected.
[2026-05-17 18:02:56] No changes detected.
[2026-05-17 18:03:26] No changes detected.
[2026-05-17 18:03:56] No changes detected.
[2026-05-17 18:04:26] No changes detected.
[2026-05-17 18:04:56] No changes detected.
[2026-05-17 18:05:26] No changes detected.
[2026-05-17 18:05:57] No changes detected.
[2026-05-17 18:06:27] No changes detected.
[2026-05-17 18:06:57] No changes detected.
[2026-05-17 18:07:27] No changes detected.
[2026-05-17 18:07:57] No changes detected.
[2026-05-17 18:08:27] No changes detected.
[2026-05-17 18:08:58] No changes detected.
[2026-05-17 18:09:28] No changes detected.
[2026-05-17 18:09:58] No changes detected.
[2026-05-17 18:10:28] No changes detected.
[2026-05-17 18:10:58] No changes detected.
[2026-05-17 18:11:28] No changes detected.
[2026-05-17 18:11:58] No changes detected.
[2026-05-17 18:12:29] No changes detected.
[2026-05-17 18:12:59] No changes detected.
[2026-05-17 18:13:29] No changes detected.
[2026-05-17 18:13:59] No changes detected.
[2026-05-17 18:14:29] No changes detected.
[2026-05-17 18:14:59] No changes detected.
[2026-05-17 18:15:30] No changes detected.
[2026-05-17 18:16:00] No changes detected.
[2026-05-17 18:16:30] No changes detected.
[2026-05-17 18:17:00] No changes detected.
[2026-05-17 18:17:30] No changes detected.
[2026-05-17 18:18:00] No changes detected.
[2026-05-17 18:18:31] No changes detected.
[2026-05-17 18:19:01] No changes detected.
[2026-05-17 18:19:31] No changes detected.
[2026-05-17 18:20:01] No changes detected.
[2026-05-17 18:20:31] No changes detected.
[2026-05-17 18:21:01] No changes detected.
[2026-05-17 18:21:32] No changes detected.
[2026-05-17 18:22:02] No changes detected.
[2026-05-17 18:22:32] No changes detected.
[2026-05-17 18:23:02] No changes detected.
[2026-05-17 18:23:32] No changes detected.
[2026-05-17 18:24:02] No changes detected.
[2026-05-17 18:24:33] No changes detected.
[2026-05-17 18:25:03] No changes detected.
[2026-05-17 18:25:33] No changes detected.
[2026-05-17 18:26:03] No changes detected.
[2026-05-17 18:26:33] No changes detected.
[2026-05-17 18:27:03] No changes detected.
[2026-05-17 18:27:33] No changes detected.
[2026-05-17 18:28:04] No changes detected.
[2026-05-17 18:28:34] No changes detected.
[2026-05-17 18:29:04] No changes detected.
[2026-05-17 18:29:34] No changes detected.
[2026-05-17 18:30:04] No changes detected.
[2026-05-17 18:30:34] No changes detected.
[2026-05-17 18:31:05] No changes detected.
[2026-05-17 18:31:35] No changes detected.
[2026-05-17 18:32:05] No changes detected.
[2026-05-17 18:32:35] No changes detected.
[2026-05-17 18:33:05] No changes detected.
[2026-05-17 18:33:35] No changes detected.
[2026-05-17 18:34:05] No changes detected.
[2026-05-17 18:34:36] No changes detected.
[2026-05-17 18:35:06] No changes detected.
[2026-05-17 18:35:36] No changes detected.
[2026-05-17 18:36:06] No changes detected.
[2026-05-17 18:36:37] No changes detected.
[2026-05-17 18:37:07] No changes detected.
[2026-05-17 18:37:37] No changes detected.
[2026-05-17 18:38:07] No changes detected.
[2026-05-17 18:38:37] No changes detected.
[2026-05-17 18:39:08] No changes detected.
[2026-05-17 18:39:38] No changes detected.
[2026-05-17 18:40:08] No changes detected.
[2026-05-17 18:40:38] No changes detected.
[2026-05-17 18:41:08] No changes detected.
[2026-05-17 18:41:38] No changes detected.
[2026-05-17 18:42:09] No changes detected.
[2026-05-17 18:42:39] No changes detected.
[2026-05-17 18:43:09] No changes detected.
[2026-05-17 18:43:39] No changes detected.
[2026-05-17 18:44:09] No changes detected.
[2026-05-17 18:44:39] No changes detected.
[2026-05-17 18:45:10] No changes detected.
[2026-05-17 18:45:40] No changes detected.
[2026-05-17 18:46:10] No changes detected.
[2026-05-17 18:46:40] No changes detected.
[2026-05-17 18:47:10] No changes detected.
[2026-05-17 18:47:40] No changes detected.
[2026-05-17 18:48:10] No changes detected.
[2026-05-17 18:48:41] No changes detected.
[2026-05-17 18:49:11] No changes detected.
[2026-05-17 18:49:41] No changes detected.
[2026-05-17 18:50:11] No changes detected.
[2026-05-17 18:50:41] No changes detected.
[2026-05-17 18:51:12] No changes detected.
[2026-05-17 18:51:42] No changes detected.
[2026-05-17 18:52:12] No changes detected.
[2026-05-17 18:52:42] No changes detected.
[2026-05-17 18:53:12] No changes detected.
[2026-05-17 18:53:42] No changes detected.
[2026-05-17 18:54:12] No changes detected.
[2026-05-17 18:54:43] No changes detected.
[2026-05-17 18:55:13] No changes detected.
[2026-05-17 18:55:43] No changes detected.
[2026-05-17 18:56:13] No changes detected.
[2026-05-17 18:56:43] No changes detected.
[2026-05-17 18:57:13] No changes detected.
[2026-05-17 18:57:43] No changes detected.
[2026-05-17 18:58:14] No changes detected.
[2026-05-17 18:58:44] No changes detected.
[2026-05-17 18:59:14] No changes detected.
[2026-05-17 18:59:44] No changes detected.
[2026-05-17 19:00:14] No changes detected.
[2026-05-17 19:00:44] No changes detected.
[2026-05-17 19:01:14] No changes detected.
[2026-05-17 19:01:44] No changes detected.
[2026-05-17 19:02:15] No changes detected.
[2026-05-17 19:02:45] No changes detected.
[2026-05-17 19:03:15] No changes detected.
[2026-05-17 19:03:45] No changes detected.
[2026-05-17 19:04:15] No changes detected.
[2026-05-17 19:04:45] No changes detected.
[2026-05-17 19:05:16] No changes detected.
[2026-05-17 19:05:46] No changes detected.
[2026-05-17 19:06:16] No changes detected.
[main 7a0bb42] Auto-commit: 2026-05-17 19:06:46
 1 file changed, 2 insertions(+)
[2026-05-17 19:06:46] Changes committed locally.
[main 7dfb306] Auto-commit: 2026-05-17 19:07:16
 1 file changed, 1 insertion(+), 1 deletion(-)
[2026-05-17 19:07:16] Changes committed locally.
[main 48ee416] Auto-commit: 2026-05-17 19:07:46
 1 file changed, 1 insertion(+), 1 deletion(-)
[2026-05-17 19:07:46] Changes committed locally.
[2026-05-17 19:08:17] No changes detected.
[2026-05-17 19:08:47] No changes detected.
[2026-05-17 19:09:17] No changes detected.
[2026-05-17 19:09:47] No changes detected.
[2026-05-17 19:10:17] No changes detected.
[main 3392b78] Auto-commit: 2026-05-17 19:10:47
 1 file changed, 1 insertion(+), 1 deletion(-)
[2026-05-17 19:10:47] Changes committed locally.
[main 5391a35] Auto-commit: 2026-05-17 19:11:17
 1 file changed, 1 insertion(+), 1 deletion(-)
[2026-05-17 19:11:17] Changes committed locally.
[main f65641c] Auto-commit: 2026-05-17 19:11:48
 1 file changed, 1 insertion(+), 1 deletion(-)
[2026-05-17 19:11:48] Changes committed locally.
[main c4e475d] Auto-commit: 2026-05-17 19:12:18
 1 file changed, 1 insertion(+), 1 deletion(-)
[2026-05-17 19:12:18] Changes committed locally.
[main 6de2ee8] Auto-commit: 2026-05-17 19:12:48
 1 file changed, 1 insertion(+), 1 deletion(-)
[2026-05-17 19:12:48] Changes committed locally.
[main f812384] Auto-commit: 2026-05-17 19:13:18
 1 file changed, 1 insertion(+), 1 deletion(-)
[2026-05-17 19:13:18] Changes committed locally.
[main 7326a77] Auto-commit: 2026-05-17 19:13:48
 1 file changed, 1 insertion(+), 1 deletion(-)
[2026-05-17 19:13:48] Changes committed locally.
[main 28c45e3] Auto-commit: 2026-05-17 19:14:19
 1 file changed, 1 insertion(+)
[2026-05-17 19:14:19] Changes committed locally.
[main 5cab40e] Auto-commit: 2026-05-17 19:14:49
 1 file changed, 1 insertion(+)
[2026-05-17 19:14:49] Changes committed locally.
[main 0e1f6e9] Auto-commit: 2026-05-17 19:15:19
 1 file changed, 3 insertions(+), 1 deletion(-)
[2026-05-17 19:15:19] Changes committed locally.
[main 5cec2fc] Auto-commit: 2026-05-17 19:15:49
 1 file changed, 1 insertion(+), 1 deletion(-)
[2026-05-17 19:15:49] Changes committed locally.
[main defbbaf] Auto-commit: 2026-05-17 19:16:19
 1 file changed, 1 insertion(+), 1 deletion(-)
[2026-05-17 19:16:19] Changes committed locally.
[2026-05-17 19:16:19] Pushed       15 commit(s) to remote.
[2026-05-17 19:16:51] No changes detected.
[2026-05-17 19:17:21] No changes detected.
[2026-05-17 19:17:51] No changes detected.
[2026-05-17 19:18:22] No changes detected.
[2026-05-17 19:18:52] No changes detected.
[2026-05-17 19:19:22] No changes detected.
[main 8660b40] Auto-commit: 2026-05-17 19:19:52
 2 files changed, 1 insertion(+), 1 deletion(-)
 create mode 100644 Extended Essay/Johannes - Mathematics Extended Essay - Probabilistic method.synctex(busy)
[2026-05-17 19:19:52] Changes committed locally.
[main dca845f] Auto-commit: 2026-05-17 19:20:22
 2 files changed, 1 insertion(+), 1 deletion(-)
 delete mode 100644 Extended Essay/Johannes - Mathematics Extended Essay - Probabilistic method.synctex(busy)
[2026-05-17 19:20:22] Changes committed locally.
[main e20d6b2] Auto-commit: 2026-05-17 19:20:52
 1 file changed, 1 insertion(+), 1 deletion(-)
[2026-05-17 19:20:52] Changes committed locally.
[2026-05-17 19:21:23] No changes detected.
[2026-05-17 19:21:53] No changes detected.
[2026-05-17 19:22:23] No changes detected.
[2026-05-17 19:22:53] No changes detected.
[2026-05-17 19:23:23] No changes detected.
[2026-05-17 19:23:54] No changes detected.
[2026-05-17 19:24:24] No changes detected.
[2026-05-17 19:24:54] No changes detected.
[2026-05-17 19:25:24] No changes detected.
[2026-05-17 19:25:54] No changes detected.
[2026-05-17 19:26:24] No changes detected.
[2026-05-17 19:26:24] Pushed        3 commit(s) to remote.
[2026-05-17 19:26:56] No changes detected.
[2026-05-17 19:27:26] No changes detected.
[2026-05-17 19:27:56] No changes detected.
[2026-05-17 19:28:26] No changes detected.
[2026-05-17 19:28:57] No changes detected.
[2026-05-17 19:29:27] No changes detected.
[2026-05-17 19:29:57] No changes detected.
[2026-05-17 19:30:27] No changes detected.
[2026-05-17 19:30:57] No changes detected.
[2026-05-17 19:31:27] No changes detected.
[2026-05-17 19:31:57] No changes detected.
[main f2998fc] Auto-commit: 2026-05-17 19:32:28
 1 file changed, 1 insertion(+), 1 deletion(-)
[2026-05-17 19:32:28] Changes committed locally.
[main b919c29] Auto-commit: 2026-05-17 19:32:58
 1 file changed, 1 insertion(+), 1 deletion(-)
[2026-05-17 19:32:58] Changes committed locally.
[main 04e4619] Auto-commit: 2026-05-17 19:33:28
 1 file changed, 1 insertion(+), 1 deletion(-)
[2026-05-17 19:33:28] Changes committed locally.
[2026-05-17 19:33:58] No changes detected.
[2026-05-17 19:34:28] No changes detected.
[2026-05-17 19:34:58] No changes detected.
[2026-05-17 19:35:28] No changes detected.
[2026-05-17 19:35:59] No changes detected.
[2026-05-17 19:36:29] No changes detected.
[2026-05-17 19:36:29] Pushed        3 commit(s) to remote.
[2026-05-17 19:37:00] No changes detected.
[2026-05-17 19:37:30] No changes detected.
[2026-05-17 19:38:01] No changes detected.
[2026-05-17 19:38:31] No changes detected.
[2026-05-17 19:39:01] No changes detected.
[2026-05-17 19:39:31] No changes detected.
[2026-05-17 19:40:01] No changes detected.
[2026-05-17 19:40:31] No changes detected.
[2026-05-17 19:41:01] No changes detected.
[2026-05-17 19:41:32] No changes detected.
[2026-05-17 19:42:02] No changes detected.
[2026-05-17 19:42:32] No changes detected.
[2026-05-17 19:43:02] No changes detected.
[2026-05-17 19:43:32] No changes detected.
[2026-05-17 19:44:02] No changes detected.
[2026-05-17 19:44:32] No changes detected.
[2026-05-17 19:45:03] No changes detected.
[2026-05-17 19:45:33] No changes detected.
[2026-05-17 19:46:03] No changes detected.
[2026-05-17 19:46:33] No changes detected.
[2026-05-17 19:47:03] No changes detected.
[2026-05-17 19:47:33] No changes detected.
[2026-05-17 19:48:04] No changes detected.
[2026-05-17 19:48:34] No changes detected.
[2026-05-17 19:49:04] No changes detected.
[2026-05-17 19:49:34] No changes detected.
[2026-05-17 19:50:04] No changes detected.
[2026-05-17 19:50:34] No changes detected.
[2026-05-17 19:51:04] No changes detected.
[2026-05-17 19:51:35] No changes detected.
[2026-05-17 19:52:05] No changes detected.
[2026-05-17 19:52:35] No changes detected.
[2026-05-17 19:53:05] No changes detected.
[2026-05-17 19:53:35] No changes detected.
[2026-05-17 19:54:05] No changes detected.
[2026-05-17 19:54:36] No changes detected.
[2026-05-17 19:55:06] No changes detected.
[2026-05-17 19:55:36] No changes detected.
[2026-05-17 19:56:06] No changes detected.
[2026-05-17 19:56:36] No changes detected.
[2026-05-17 19:57:06] No changes detected.
[2026-05-17 19:57:36] No changes detected.
[2026-05-17 19:58:07] No changes detected.
[2026-05-17 19:58:37] No changes detected.
[2026-05-17 19:59:07] No changes detected.
[2026-05-17 19:59:37] No changes detected.
[2026-05-17 20:00:07] No changes detected.
[2026-05-17 20:00:37] No changes detected.
[2026-05-17 20:01:07] No changes detected.
[2026-05-17 20:01:38] No changes detected.
[2026-05-17 20:02:08] No changes detected.
[2026-05-17 20:02:38] No changes detected.
[2026-05-17 20:03:08] No changes detected.
[2026-05-17 20:03:38] No changes detected.
[2026-05-17 20:04:08] No changes detected.
[2026-05-17 20:04:39] No changes detected.
[2026-05-17 20:05:09] No changes detected.
[2026-05-17 20:05:39] No changes detected.
[2026-05-17 20:06:09] No changes detected.
[2026-05-17 20:06:39] No changes detected.
[2026-05-17 20:07:10] No changes detected.
[2026-05-17 20:07:40] No changes detected.
[2026-05-17 20:08:10] No changes detected.
[2026-05-17 20:08:40] No changes detected.
[2026-05-17 20:09:10] No changes detected.
[2026-05-17 20:09:40] No changes detected.
[2026-05-17 20:10:10] No changes detected.
[2026-05-17 20:10:41] No changes detected.
[2026-05-17 20:11:11] No changes detected.
[2026-05-17 20:11:41] No changes detected.
[2026-05-17 20:12:11] No changes detected.
[2026-05-17 20:12:41] No changes detected.
[2026-05-17 20:13:11] No changes detected.
[2026-05-17 20:13:41] No changes detected.
[2026-05-17 20:14:12] No changes detected.
[2026-05-17 20:14:42] No changes detected.
[2026-05-17 20:15:12] No changes detected.
[2026-05-17 20:15:42] No changes detected.
[2026-05-17 20:16:12] No changes detected.
[2026-05-17 20:16:42] No changes detected.
[2026-05-17 20:17:12] No changes detected.
[2026-05-17 20:17:43] No changes detected.
[2026-05-17 20:18:13] No changes detected.
[2026-05-17 20:18:43] No changes detected.
[2026-05-17 20:19:13] No changes detected.
[2026-05-17 20:19:43] No changes detected.
[2026-05-17 20:20:13] No changes detected.
[2026-05-17 20:20:43] No changes detected.
[2026-05-17 20:21:14] No changes detected.
[2026-05-17 20:21:44] No changes detected.
[2026-05-17 20:22:14] No changes detected.
[2026-05-17 20:22:44] No changes detected.
[2026-05-17 20:23:14] No changes detected.
[2026-05-17 20:23:44] No changes detected.
[2026-05-17 20:24:15] No changes detected.
[2026-05-17 20:24:45] No changes detected.
[2026-05-17 20:25:15] No changes detected.
[2026-05-17 20:25:45] No changes detected.
[2026-05-17 20:26:15] No changes detected.
[2026-05-17 20:26:45] No changes detected.
[2026-05-17 20:27:15] No changes detected.
[2026-05-17 20:27:46] No changes detected.
[2026-05-17 20:28:16] No changes detected.
[2026-05-17 20:28:46] No changes detected.
[2026-05-17 20:29:16] No changes detected.
[2026-05-17 20:29:46] No changes detected.
[2026-05-17 20:30:16] No changes detected.
[2026-05-17 20:30:46] No changes detected.
[2026-05-17 20:31:16] No changes detected.
[2026-05-17 20:31:47] No changes detected.
[2026-05-17 20:32:17] No changes detected.
[2026-05-17 20:32:47] No changes detected.
[2026-05-17 20:33:17] No changes detected.
[2026-05-17 20:33:47] No changes detected.
[2026-05-17 20:34:17] No changes detected.
[2026-05-17 20:34:47] No changes detected.
[2026-05-17 20:35:18] No changes detected.
[2026-05-17 20:35:48] No changes detected.
[2026-05-17 20:36:18] No changes detected.
[2026-05-17 20:36:48] No changes detected.
[2026-05-17 20:37:18] No changes detected.
[2026-05-17 20:37:48] No changes detected.
[2026-05-17 20:38:19] No changes detected.
[2026-05-17 20:38:49] No changes detected.
[2026-05-17 20:39:19] No changes detected.
[2026-05-17 20:39:49] No changes detected.
[2026-05-17 20:40:19] No changes detected.
[2026-05-17 20:40:49] No changes detected.
[2026-05-17 20:41:19] No changes detected.
[2026-05-17 20:41:49] No changes detected.
[2026-05-17 20:42:20] No changes detected.
[2026-05-17 20:42:50] No changes detected.
[2026-05-17 20:43:20] No changes detected.
[2026-05-17 20:43:50] No changes detected.
[2026-05-17 20:44:20] No changes detected.
[2026-05-17 20:44:50] No changes detected.
[2026-05-17 20:45:20] No changes detected.
[2026-05-17 20:45:50] No changes detected.
[2026-05-17 20:46:21] No changes detected.
[2026-05-17 20:46:51] No changes detected.
[2026-05-17 20:47:21] No changes detected.
[2026-05-17 20:47:51] No changes detected.
[2026-05-17 20:48:21] No changes detected.
[2026-05-17 20:48:51] No changes detected.
[2026-05-17 20:49:21] No changes detected.
[2026-05-17 20:49:51] No changes detected.
[2026-05-17 20:50:22] No changes detected.
[2026-05-17 20:50:52] No changes detected.
[2026-05-17 20:51:22] No changes detected.
[2026-05-17 20:51:52] No changes detected.
[2026-05-17 20:52:22] No changes detected.
[2026-05-17 20:52:52] No changes detected.
[2026-05-17 20:53:22] No changes detected.
[2026-05-17 20:53:52] No changes detected.
[2026-05-17 20:54:22] No changes detected.
[2026-05-17 20:54:53] No changes detected.
[2026-05-17 20:55:23] No changes detected.
[2026-05-17 20:55:53] No changes detected.
[2026-05-17 20:56:23] No changes detected.
[2026-05-17 20:56:53] No changes detected.
[main 216ae90] Auto-commit: 2026-05-17 20:57:24
 1 file changed, 2 insertions(+), 2 deletions(-)
[2026-05-17 20:57:24] Changes committed locally.
[main f49632c] Auto-commit: 2026-05-17 20:57:54
 1 file changed, 1 insertion(+), 1 deletion(-)
[2026-05-17 20:57:54] Changes committed locally.
[2026-05-17 20:58:24] No changes detected.
[2026-05-17 20:58:54] No changes detected.
[2026-05-17 20:59:25] No changes detected.
[2026-05-17 20:59:55] No changes detected.
[2026-05-17 21:00:25] No changes detected.
[2026-05-17 21:00:55] No changes detected.
[2026-05-17 21:01:25] No changes detected.
[2026-05-17 21:01:56] No changes detected.
[2026-05-17 21:02:26] No changes detected.
[2026-05-17 21:02:56] No changes detected.
[2026-05-17 21:03:41] No changes detected.
[2026-05-17 21:04:16] No changes detected.
[2026-05-17 21:04:47] No changes detected.
[2026-05-17 21:05:38] No changes detected.
[2026-05-17 21:06:08] No changes detected.
[2026-05-17 21:07:01] No changes detected.
[2026-05-17 21:07:40] No changes detected.
[2026-05-17 21:08:11] No changes detected.
[2026-05-17 21:08:11] Pushed        2 commit(s) to remote.
[2026-05-17 21:08:59] No changes detected.
[2026-05-17 21:09:36] No changes detected.
[2026-05-17 21:10:07] No changes detected.
[2026-05-17 21:10:54] No changes detected.
[2026-05-17 21:11:37] No changes detected.
[2026-05-17 21:12:07] No changes detected.
[2026-05-17 21:12:37] No changes detected.
[2026-05-17 21:13:08] No changes detected.
[2026-05-17 21:13:38] No changes detected.
[2026-05-17 21:15:32] No changes detected.
[2026-05-17 21:16:02] No changes detected.
[2026-05-17 21:16:55] No changes detected.
[2026-05-17 21:17:25] No changes detected.
[2026-05-17 21:18:03] No changes detected.
[2026-05-17 21:18:34] No changes detected.
[2026-05-17 21:19:04] No changes detected.
[2026-05-17 21:19:34] No changes detected.
[2026-05-17 21:20:05] No changes detected.
[2026-05-17 21:20:35] No changes detected.
[2026-05-17 21:21:05] No changes detected.
[2026-05-17 21:21:35] No changes detected.
[2026-05-17 21:22:05] No changes detected.
[2026-05-17 21:22:35] No changes detected.
[2026-05-17 21:23:06] No changes detected.
[2026-05-17 21:23:36] No changes detected.
[2026-05-17 21:24:06] No changes detected.
[2026-05-17 21:24:36] No changes detected.
[2026-05-17 21:25:06] No changes detected.
[2026-05-17 21:25:36] No changes detected.
[2026-05-17 21:26:06] No changes detected.
[2026-05-17 21:26:36] No changes detected.
[2026-05-17 21:27:07] No changes detected.
[2026-05-17 21:27:37] No changes detected.
[2026-05-17 21:28:07] No changes detected.
[2026-05-17 21:28:37] No changes detected.
[2026-05-17 21:29:07] No changes detected.
[2026-05-17 21:29:37] No changes detected.
[2026-05-17 21:30:08] No changes detected.
[2026-05-17 21:30:38] No changes detected.
[2026-05-17 21:31:08] No changes detected.
[2026-05-17 21:31:38] No changes detected.
[2026-05-17 21:32:08] No changes detected.
[2026-05-17 21:32:39] No changes detected.
[2026-05-17 21:33:09] No changes detected.
[2026-05-17 21:33:39] No changes detected.
[2026-05-17 21:34:09] No changes detected.
[2026-05-17 21:34:39] No changes detected.
[2026-05-17 21:35:09] No changes detected.
[2026-05-17 21:35:40] No changes detected.
[2026-05-17 21:36:10] No changes detected.
[2026-05-17 21:36:40] No changes detected.
[2026-05-17 21:37:10] No changes detected.
[2026-05-17 21:37:40] No changes detected.
[2026-05-17 21:38:10] No changes detected.
[2026-05-17 21:38:41] No changes detected.
[2026-05-17 21:39:11] No changes detected.
[2026-05-17 21:39:41] No changes detected.
[2026-05-17 21:40:11] No changes detected.
[2026-05-17 21:40:41] No changes detected.
[2026-05-17 21:41:11] No changes detected.
[2026-05-17 21:41:42] No changes detected.
[2026-05-17 21:42:12] No changes detected.
[2026-05-17 21:42:42] No changes detected.
[2026-05-17 21:43:12] No changes detected.
[2026-05-17 21:43:42] No changes detected.
[2026-05-17 21:44:12] No changes detected.
[2026-05-17 21:44:43] No changes detected.
[2026-05-17 21:45:13] No changes detected.
[2026-05-17 21:45:43] No changes detected.
[2026-05-17 21:46:13] No changes detected.
[2026-05-17 21:46:43] No changes detected.
[2026-05-17 21:47:13] No changes detected.
[2026-05-17 21:47:43] No changes detected.
[2026-05-17 21:48:14] No changes detected.
[2026-05-17 21:48:44] No changes detected.
[2026-05-17 21:49:14] No changes detected.
[2026-05-17 21:49:44] No changes detected.
[2026-05-17 21:50:14] No changes detected.
[2026-05-17 21:50:45] No changes detected.
[2026-05-17 21:51:15] No changes detected.
[2026-05-17 21:51:45] No changes detected.
[2026-05-17 21:52:15] No changes detected.
[2026-05-17 21:52:46] No changes detected.
[2026-05-17 21:53:16] No changes detected.
[2026-05-17 21:53:46] No changes detected.
[2026-05-17 21:54:16] No changes detected.
[2026-05-17 21:54:47] No changes detected.
[2026-05-17 21:55:17] No changes detected.
[2026-05-17 21:55:47] No changes detected.
[2026-05-17 21:56:17] No changes detected.
[2026-05-17 21:56:47] No changes detected.
[2026-05-17 21:57:17] No changes detected.
[2026-05-17 21:57:48] No changes detected.
[2026-05-17 21:58:18] No changes detected.
[2026-05-17 21:58:48] No changes detected.
[2026-05-17 21:59:18] No changes detected.
[2026-05-17 21:59:48] No changes detected.
[2026-05-17 22:00:19] No changes detected.
[2026-05-17 22:00:49] No changes detected.
[2026-05-17 22:01:19] No changes detected.
[2026-05-17 22:01:49] No changes detected.
[2026-05-17 22:02:19] No changes detected.
[2026-05-17 22:02:49] No changes detected.
[2026-05-17 22:03:20] No changes detected.
[2026-05-17 22:03:50] No changes detected.
[2026-05-17 22:04:20] No changes detected.
[2026-05-17 22:04:50] No changes detected.
[2026-05-17 22:05:20] No changes detected.
[2026-05-17 22:05:51] No changes detected.
[2026-05-17 22:06:21] No changes detected.
[2026-05-17 22:06:51] No changes detected.
[2026-05-17 22:07:21] No changes detected.
[2026-05-17 22:07:51] No changes detected.
[2026-05-17 22:08:22] No changes detected.
[2026-05-17 22:08:52] No changes detected.
[2026-05-17 22:09:22] No changes detected.
[2026-05-17 22:09:52] No changes detected.
[2026-05-17 22:10:22] No changes detected.
[2026-05-17 22:10:52] No changes detected.
[2026-05-17 22:11:23] No changes detected.
[2026-05-17 22:11:53] No changes detected.
[2026-05-17 22:12:23] No changes detected.
[2026-05-17 22:12:53] No changes detected.
[2026-05-17 22:13:23] No changes detected.
[2026-05-17 22:13:54] No changes detected.
[2026-05-17 22:14:24] No changes detected.
[2026-05-17 22:14:54] No changes detected.
[2026-05-17 22:15:24] No changes detected.
[2026-05-17 22:15:54] No changes detected.
[2026-05-17 22:16:25] No changes detected.
[2026-05-17 22:16:55] No changes detected.
[2026-05-17 22:17:25] No changes detected.
[2026-05-17 22:17:55] No changes detected.
[2026-05-17 22:18:26] No changes detected.
[2026-05-17 22:18:56] No changes detected.
[2026-05-17 22:19:26] No changes detected.
[2026-05-17 22:19:56] No changes detected.
[2026-05-17 22:20:26] No changes detected.
[2026-05-17 22:20:57] No changes detected.
[2026-05-17 22:21:27] No changes detected.
[2026-05-17 22:21:57] No changes detected.
[2026-05-17 22:22:27] No changes detected.
[2026-05-17 22:22:57] No changes detected.
[2026-05-17 22:23:27] No changes detected.
[2026-05-17 22:23:58] No changes detected.
[2026-05-17 22:24:28] No changes detected.
[2026-05-17 22:24:58] No changes detected.
[2026-05-17 22:25:28] No changes detected.
[2026-05-17 22:25:58] No changes detected.
[2026-05-17 22:26:28] No changes detected.
[2026-05-17 22:26:58] No changes detected.
[2026-05-17 22:27:29] No changes detected.
[2026-05-17 22:27:59] No changes detected.
[2026-05-17 22:28:29] No changes detected.
[2026-05-17 22:28:59] No changes detected.
[2026-05-17 22:29:29] No changes detected.
[2026-05-17 22:29:59] No changes detected.
[2026-05-17 22:30:30] No changes detected.
[2026-05-17 22:31:00] No changes detected.
[2026-05-17 22:31:30] No changes detected.
[2026-05-17 22:32:00] No changes detected.
[2026-05-17 22:32:30] No changes detected.
[2026-05-17 22:33:00] No changes detected.
[2026-05-17 22:33:30] No changes detected.
[2026-05-17 22:34:01] No changes detected.
[2026-05-17 22:34:31] No changes detected.
[2026-05-17 22:35:01] No changes detected.
[2026-05-17 22:35:31] No changes detected.
[2026-05-17 22:36:01] No changes detected.
[2026-05-17 22:36:31] No changes detected.
[2026-05-17 22:37:01] No changes detected.
[2026-05-17 22:37:31] No changes detected.
[2026-05-17 22:38:02] No changes detected.
[2026-05-17 22:38:32] No changes detected.
[2026-05-17 22:39:02] No changes detected.
[2026-05-17 22:39:32] No changes detected.
[2026-05-17 22:40:02] No changes detected.
[2026-05-17 22:40:32] No changes detected.
[2026-05-17 22:41:02] No changes detected.
[2026-05-17 22:41:32] No changes detected.
[2026-05-17 22:42:03] No changes detected.
[2026-05-17 22:42:33] No changes detected.
[2026-05-17 22:43:03] No changes detected.
[2026-05-17 22:43:33] No changes detected.
[2026-05-17 22:44:04] No changes detected.
[2026-05-17 22:44:34] No changes detected.
[2026-05-17 22:45:04] No changes detected.
[2026-05-17 22:45:34] No changes detected.
[2026-05-17 22:46:05] No changes detected.
[2026-05-17 22:46:35] No changes detected.
[2026-05-17 22:47:05] No changes detected.
[2026-05-17 22:47:35] No changes detected.
[2026-05-17 22:48:06] No changes detected.
[2026-05-17 22:48:36] No changes detected.
[2026-05-17 22:49:06] No changes detected.
[2026-05-17 22:49:36] No changes detected.
[2026-05-17 22:50:06] No changes detected.
[2026-05-17 22:50:37] No changes detected.
[2026-05-17 22:51:07] No changes detected.
[2026-05-17 22:51:37] No changes detected.
[2026-05-17 22:52:08] No changes detected.
[2026-05-17 22:52:38] No changes detected.
[2026-05-17 22:53:08] No changes detected.
[2026-05-17 22:53:38] No changes detected.
[2026-05-17 22:54:08] No changes detected.
[2026-05-17 22:54:38] No changes detected.
[2026-05-17 22:55:08] No changes detected.
[2026-05-17 22:55:39] No changes detected.
[2026-05-17 22:56:09] No changes detected.
[2026-05-17 22:56:39] No changes detected.
[2026-05-17 22:57:09] No changes detected.
[2026-05-17 22:57:39] No changes detected.
[2026-05-17 22:58:09] No changes detected.
[2026-05-17 22:58:39] No changes detected.
[2026-05-17 22:59:10] No changes detected.
[2026-05-17 22:59:40] No changes detected.
[2026-05-17 23:00:10] No changes detected.
[2026-05-17 23:00:40] No changes detected.
[2026-05-17 23:01:10] No changes detected.
[2026-05-17 23:01:41] No changes detected.
[2026-05-17 23:02:11] No changes detected.
[2026-05-17 23:02:41] No changes detected.
[2026-05-17 23:03:11] No changes detected.
[2026-05-17 23:03:41] No changes detected.
[2026-05-17 23:04:11] No changes detected.
[2026-05-17 23:04:41] No changes detected.
[2026-05-17 23:05:11] No changes detected.
[2026-05-17 23:05:42] No changes detected.
[2026-05-17 23:06:12] No changes detected.
[2026-05-17 23:06:42] No changes detected.
[2026-05-17 23:07:12] No changes detected.
[2026-05-17 23:07:42] No changes detected.
[2026-05-17 23:08:12] No changes detected.
[2026-05-17 23:08:43] No changes detected.
[2026-05-17 23:09:13] No changes detected.
[2026-05-17 23:09:43] No changes detected.
[2026-05-17 23:10:13] No changes detected.
[2026-05-17 23:10:43] No changes detected.
[2026-05-17 23:11:13] No changes detected.
[2026-05-17 23:11:43] No changes detected.
[2026-05-17 23:12:14] No changes detected.
[2026-05-17 23:12:44] No changes detected.
[2026-05-17 23:13:14] No changes detected.
[2026-05-17 23:13:44] No changes detected.
[2026-05-17 23:14:14] No changes detected.
[2026-05-17 23:14:44] No changes detected.
[2026-05-17 23:15:15] No changes detected.
[2026-05-17 23:15:45] No changes detected.
[2026-05-17 23:16:15] No changes detected.
[2026-05-17 23:16:45] No changes detected.
[2026-05-17 23:17:15] No changes detected.
[2026-05-17 23:17:45] No changes detected.
[2026-05-17 23:18:15] No changes detected.
[2026-05-17 23:18:46] No changes detected.
[2026-05-17 23:19:16] No changes detected.
[2026-05-17 23:19:46] No changes detected.
[2026-05-17 23:20:16] No changes detected.
[2026-05-17 23:20:46] No changes detected.
[2026-05-17 23:21:16] No changes detected.
[2026-05-17 23:21:46] No changes detected.
[2026-05-17 23:22:17] No changes detected.
[2026-05-17 23:22:47] No changes detected.
[2026-05-17 23:23:17] No changes detected.
[2026-05-17 23:23:47] No changes detected.
[2026-05-17 23:24:17] No changes detected.
[2026-05-17 23:24:47] No changes detected.
[2026-05-17 23:25:17] No changes detected.
[2026-05-17 23:25:48] No changes detected.
[2026-05-17 23:26:18] No changes detected.
[2026-05-17 23:26:48] No changes detected.
[2026-05-17 23:27:18] No changes detected.
[2026-05-17 23:27:48] No changes detected.
[2026-05-17 23:28:18] No changes detected.
[2026-05-17 23:28:48] No changes detected.
[2026-05-17 23:29:18] No changes detected.
[2026-05-17 23:29:49] No changes detected.
[2026-05-17 23:30:19] No changes detected.
[2026-05-17 23:30:49] No changes detected.
[2026-05-17 23:31:19] No changes detected.
[2026-05-17 23:31:49] No changes detected.
[2026-05-17 23:32:19] No changes detected.
[2026-05-17 23:32:49] No changes detected.
[2026-05-17 23:33:20] No changes detected.
[2026-05-17 23:33:50] No changes detected.
[2026-05-17 23:34:20] No changes detected.
[2026-05-17 23:34:50] No changes detected.
[2026-05-17 23:35:20] No changes detected.
[2026-05-17 23:35:50] No changes detected.
[2026-05-17 23:36:21] No changes detected.
[2026-05-17 23:36:51] No changes detected.
[2026-05-17 23:37:21] No changes detected.
[2026-05-17 23:37:51] No changes detected.
[2026-05-17 23:38:21] No changes detected.
[2026-05-17 23:38:51] No changes detected.
[2026-05-17 23:39:21] No changes detected.
[2026-05-17 23:39:52] No changes detected.
[2026-05-17 23:40:22] No changes detected.
[2026-05-17 23:40:52] No changes detected.
[2026-05-17 23:41:22] No changes detected.
[2026-05-17 23:41:52] No changes detected.
[2026-05-17 23:42:22] No changes detected.
[2026-05-17 23:42:53] No changes detected.
[2026-05-17 23:43:23] No changes detected.
[2026-05-17 23:43:53] No changes detected.
[2026-05-17 23:44:23] No changes detected.
[2026-05-17 23:44:53] No changes detected.
[2026-05-17 23:45:23] No changes detected.
[2026-05-17 23:45:53] No changes detected.
[2026-05-17 23:46:24] No changes detected.
[2026-05-17 23:46:54] No changes detected.
[2026-05-17 23:47:24] No changes detected.
[2026-05-17 23:47:54] No changes detected.
[2026-05-17 23:48:24] No changes detected.
[2026-05-17 23:48:54] No changes detected.
[2026-05-17 23:49:25] No changes detected.
[2026-05-17 23:49:55] No changes detected.
[2026-05-17 23:50:25] No changes detected.
[2026-05-17 23:50:55] No changes detected.
[2026-05-17 23:51:25] No changes detected.
[2026-05-17 23:51:55] No changes detected.
[2026-05-17 23:52:26] No changes detected.
[2026-05-17 23:52:56] No changes detected.
[2026-05-17 23:53:26] No changes detected.
[2026-05-17 23:53:56] No changes detected.
[2026-05-17 23:54:27] No changes detected.
[2026-05-17 23:54:57] No changes detected.
[2026-05-17 23:55:27] No changes detected.
[2026-05-17 23:55:57] No changes detected.
[2026-05-17 23:56:28] No changes detected.
[2026-05-17 23:56:58] No changes detected.
[2026-05-17 23:57:28] No changes detected.
[2026-05-17 23:57:58] No changes detected.
[2026-05-17 23:58:28] No changes detected.
[2026-05-17 23:58:58] No changes detected.
[2026-05-17 23:59:28] No changes detected.
[2026-05-17 23:59:58] No changes detected.
[2026-05-18 00:00:29] No changes detected.
[2026-05-18 00:00:59] No changes detected.
[2026-05-18 00:01:29] No changes detected.
[2026-05-18 00:01:59] No changes detected.
[2026-05-18 00:02:29] No changes detected.
[2026-05-18 00:03:00] No changes detected.
[2026-05-18 00:03:30] No changes detected.
[2026-05-18 00:04:00] No changes detected.
[2026-05-18 00:04:30] No changes detected.
[2026-05-18 00:05:00] No changes detected.
[2026-05-18 00:05:31] No changes detected.
[2026-05-18 00:06:01] No changes detected.
[2026-05-18 00:06:31] No changes detected.
[2026-05-18 00:07:01] No changes detected.
[2026-05-18 00:07:31] No changes detected.
[2026-05-18 00:08:01] No changes detected.
[2026-05-18 00:08:32] No changes detected.
[2026-05-18 00:09:02] No changes detected.
[2026-05-18 00:09:32] No changes detected.
[2026-05-18 00:10:02] No changes detected.
[2026-05-18 00:10:32] No changes detected.
[2026-05-18 00:11:03] No changes detected.
[2026-05-18 00:11:33] No changes detected.
[2026-05-18 00:12:03] No changes detected.
[2026-05-18 00:12:33] No changes detected.
[2026-05-18 00:13:04] No changes detected.
[2026-05-18 00:13:34] No changes detected.
[2026-05-18 00:14:04] No changes detected.
[2026-05-18 00:14:34] No changes detected.
[2026-05-18 00:15:04] No changes detected.
[2026-05-18 00:15:34] No changes detected.
[2026-05-18 00:16:05] No changes detected.
[2026-05-18 00:16:35] No changes detected.
[2026-05-18 00:17:05] No changes detected.
[2026-05-18 00:17:35] No changes detected.
[2026-05-18 00:18:05] No changes detected.
[2026-05-18 00:18:36] No changes detected.
[2026-05-18 00:19:06] No changes detected.
[2026-05-18 00:19:36] No changes detected.
[2026-05-18 00:20:06] No changes detected.
[2026-05-18 00:20:37] No changes detected.
[2026-05-18 00:21:07] No changes detected.
[2026-05-18 00:21:37] No changes detected.
[2026-05-18 00:22:07] No changes detected.
[2026-05-18 00:22:38] No changes detected.
[2026-05-18 00:23:08] No changes detected.
[2026-05-18 00:23:38] No changes detected.
[2026-05-18 00:24:08] No changes detected.
[2026-05-18 00:24:38] No changes detected.
[2026-05-18 00:25:08] No changes detected.
[2026-05-18 00:25:39] No changes detected.
[2026-05-18 00:26:09] No changes detected.
[2026-05-18 00:26:39] No changes detected.
[2026-05-18 00:27:09] No changes detected.
[2026-05-18 00:27:39] No changes detected.
[2026-05-18 00:28:10] No changes detected.
[2026-05-18 00:28:40] No changes detected.
[2026-05-18 00:29:10] No changes detected.
[2026-05-18 00:29:40] No changes detected.
[2026-05-18 00:30:10] No changes detected.
[2026-05-18 00:30:41] No changes detected.
[2026-05-18 00:31:11] No changes detected.
[2026-05-18 00:31:41] No changes detected.
[2026-05-18 00:32:11] No changes detected.
[2026-05-18 00:32:42] No changes detected.
[2026-05-18 00:33:12] No changes detected.
[2026-05-18 00:33:42] No changes detected.
[2026-05-18 00:34:12] No changes detected.
[2026-05-18 00:34:42] No changes detected.
[2026-05-18 00:35:13] No changes detected.
[2026-05-18 00:35:43] No changes detected.
[2026-05-18 00:36:13] No changes detected.
[2026-05-18 00:36:43] No changes detected.
[2026-05-18 00:37:14] No changes detected.
[2026-05-18 00:37:44] No changes detected.
[2026-05-18 00:38:14] No changes detected.
[2026-05-18 00:38:44] No changes detected.
[2026-05-18 00:39:14] No changes detected.
[2026-05-18 00:39:45] No changes detected.
[2026-05-18 00:40:15] No changes detected.
[2026-05-18 00:40:45] No changes detected.
[2026-05-18 00:41:15] No changes detected.
[2026-05-18 00:41:45] No changes detected.
[2026-05-18 00:42:16] No changes detected.
[2026-05-18 00:42:46] No changes detected.
[2026-05-18 00:43:16] No changes detected.
[2026-05-18 00:43:46] No changes detected.
[2026-05-18 00:44:16] No changes detected.
[2026-05-18 00:44:47] No changes detected.
[2026-05-18 00:45:17] No changes detected.
[2026-05-18 00:45:47] No changes detected.
[2026-05-18 00:46:17] No changes detected.
[2026-05-18 00:46:47] No changes detected.
[2026-05-18 00:47:18] No changes detected.
[2026-05-18 00:47:48] No changes detected.
[2026-05-18 00:48:18] No changes detected.
[2026-05-18 00:48:48] No changes detected.
[2026-05-18 00:49:18] No changes detected.
[2026-05-18 00:49:49] No changes detected.
[2026-05-18 00:50:19] No changes detected.
[2026-05-18 00:50:49] No changes detected.
[2026-05-18 00:51:19] No changes detected.
[2026-05-18 00:51:50] No changes detected.
[2026-05-18 00:52:20] No changes detected.
[2026-05-18 00:52:50] No changes detected.
[2026-05-18 00:53:20] No changes detected.
[2026-05-18 00:53:50] No changes detected.
[2026-05-18 00:54:20] No changes detected.
[2026-05-18 00:54:51] No changes detected.
[2026-05-18 00:55:21] No changes detected.
[2026-05-18 00:55:51] No changes detected.
[2026-05-18 00:56:21] No changes detected.
[2026-05-18 00:56:51] No changes detected.
[2026-05-18 00:57:21] No changes detected.
[2026-05-18 00:57:51] No changes detected.
[2026-05-18 00:58:21] No changes detected.
[2026-05-18 00:58:51] No changes detected.
[2026-05-18 00:59:22] No changes detected.
[2026-05-18 00:59:52] No changes detected.
[2026-05-18 01:00:22] No changes detected.
[2026-05-18 01:00:52] No changes detected.
[2026-05-18 01:01:22] No changes detected.
[2026-05-18 01:01:53] No changes detected.
[2026-05-18 01:02:23] No changes detected.
[2026-05-18 01:02:53] No changes detected.
[2026-05-18 01:03:23] No changes detected.
[2026-05-18 01:03:53] No changes detected.
[2026-05-18 01:04:23] No changes detected.
[2026-05-18 01:04:54] No changes detected.
[2026-05-18 01:05:24] No changes detected.
[2026-05-18 01:05:54] No changes detected.
[2026-05-18 01:06:24] No changes detected.
[2026-05-18 01:06:54] No changes detected.
[2026-05-18 01:07:24] No changes detected.
[2026-05-18 01:07:55] No changes detected.
[2026-05-18 01:08:25] No changes detected.
[2026-05-18 01:08:55] No changes detected.
[2026-05-18 01:09:25] No changes detected.
[2026-05-18 01:09:55] No changes detected.
[2026-05-18 01:10:26] No changes detected.
[2026-05-18 01:10:56] No changes detected.
[2026-05-18 01:11:26] No changes detected.
[2026-05-18 01:11:56] No changes detected.
[2026-05-18 01:12:27] No changes detected.
[2026-05-18 01:12:57] No changes detected.
[2026-05-18 01:13:27] No changes detected.
[2026-05-18 01:13:57] No changes detected.
[2026-05-18 01:14:28] No changes detected.
[2026-05-18 01:14:58] No changes detected.
[2026-05-18 01:15:28] No changes detected.
[2026-05-18 01:15:58] No changes detected.
[2026-05-18 01:16:29] No changes detected.
[2026-05-18 01:16:59] No changes detected.
[2026-05-18 01:17:29] No changes detected.
[2026-05-18 01:17:59] No changes detected.
[2026-05-18 01:18:29] No changes detected.
[2026-05-18 01:19:00] No changes detected.
[2026-05-18 01:19:30] No changes detected.
[2026-05-18 01:20:00] No changes detected.
[2026-05-18 01:20:30] No changes detected.
[2026-05-18 01:21:01] No changes detected.
[2026-05-18 01:21:31] No changes detected.
[2026-05-18 01:22:01] No changes detected.
[2026-05-18 01:22:31] No changes detected.
[2026-05-18 01:23:01] No changes detected.
[2026-05-18 01:23:32] No changes detected.
[2026-05-18 01:24:02] No changes detected.
[2026-05-18 01:24:32] No changes detected.
[2026-05-18 01:25:02] No changes detected.
[2026-05-18 01:25:33] No changes detected.
[2026-05-18 01:26:03] No changes detected.
[2026-05-18 01:26:33] No changes detected.
[2026-05-18 01:27:03] No changes detected.
[2026-05-18 01:27:33] No changes detected.
[2026-05-18 01:28:03] No changes detected.
[2026-05-18 01:28:34] No changes detected.
[2026-05-18 01:29:04] No changes detected.
[2026-05-18 01:29:34] No changes detected.
[2026-05-18 01:30:05] No changes detected.
[2026-05-18 01:30:35] No changes detected.
[2026-05-18 01:31:05] No changes detected.
[2026-05-18 01:31:35] No changes detected.
[2026-05-18 01:32:05] No changes detected.
[2026-05-18 01:32:36] No changes detected.
[2026-05-18 01:33:06] No changes detected.
[2026-05-18 01:33:36] No changes detected.
[2026-05-18 01:34:48] No changes detected.
[2026-05-18 01:35:18] No changes detected.
[2026-05-18 01:35:56] No changes detected.
[2026-05-18 01:36:26] No changes detected.
[2026-05-18 01:37:16] No changes detected.
[2026-05-18 01:37:50] No changes detected.
[2026-05-18 01:38:20] No changes detected.
[2026-05-18 01:38:53] No changes detected.
[2026-05-18 01:46:43] No changes detected.
[2026-05-18 01:47:13] No changes detected.
[2026-05-18 01:58:58] No changes detected.
[2026-05-18 01:59:28] No changes detected.
[2026-05-18 01:59:58] No changes detected.
[2026-05-18 02:00:29] No changes detected.
[2026-05-18 02:00:59] No changes detected.
[2026-05-18 02:01:29] No changes detected.
[2026-05-18 02:03:02] No changes detected.
[2026-05-18 02:16:32] No changes detected.
[2026-05-18 02:17:02] No changes detected.
[2026-05-18 02:17:32] No changes detected.
[2026-05-18 02:34:31] No changes detected.
[2026-05-18 02:35:01] No changes detected.
[2026-05-18 02:35:31] No changes detected.
[2026-05-18 02:36:01] No changes detected.
[2026-05-18 02:36:31] No changes detected.
[2026-05-18 02:37:01] No changes detected.
[2026-05-18 02:37:32] No changes detected.
[2026-05-18 02:38:02] No changes detected.
[2026-05-18 02:38:32] No changes detected.
[2026-05-18 02:39:02] No changes detected.
[2026-05-18 02:39:33] No changes detected.
[2026-05-18 02:40:03] No changes detected.
[2026-05-18 02:40:33] No changes detected.
[2026-05-18 02:41:03] No changes detected.
[2026-05-18 02:41:33] No changes detected.
[2026-05-18 02:42:03] No changes detected.
[2026-05-18 02:42:34] No changes detected.
[2026-05-18 02:43:04] No changes detected.
[2026-05-18 02:43:34] No changes detected.
[2026-05-18 02:44:04] No changes detected.
[2026-05-18 02:44:34] No changes detected.
[2026-05-18 02:45:04] No changes detected.
[2026-05-18 02:45:34] No changes detected.
[2026-05-18 02:46:05] No changes detected.
[2026-05-18 02:46:35] No changes detected.
[2026-05-18 02:47:05] No changes detected.
[2026-05-18 02:47:35] No changes detected.
[2026-05-18 02:48:05] No changes detected.
[2026-05-18 02:48:36] No changes detected.
[2026-05-18 02:49:06] No changes detected.
[2026-05-18 02:49:36] No changes detected.
[2026-05-18 02:50:06] No changes detected.
[2026-05-18 02:50:37] No changes detected.
[2026-05-18 02:51:07] No changes detected.
[2026-05-18 02:51:37] No changes detected.
[2026-05-18 02:52:07] No changes detected.
[2026-05-18 02:52:38] No changes detected.
[2026-05-18 02:53:08] No changes detected.
[2026-05-18 02:53:38] No changes detected.
[2026-05-18 02:54:08] No changes detected.
[2026-05-18 02:54:38] No changes detected.
[2026-05-18 02:55:09] No changes detected.
[2026-05-18 02:55:39] No changes detected.
[2026-05-18 02:56:09] No changes detected.
[2026-05-18 02:56:39] No changes detected.
[2026-05-18 02:57:10] No changes detected.
[2026-05-18 02:57:40] No changes detected.
[2026-05-18 02:58:10] No changes detected.
[2026-05-18 02:58:40] No changes detected.
[2026-05-18 02:59:11] No changes detected.
[2026-05-18 02:59:41] No changes detected.
[2026-05-18 03:00:11] No changes detected.
[2026-05-18 03:00:41] No changes detected.
[2026-05-18 03:01:12] No changes detected.
[2026-05-18 03:01:42] No changes detected.
[2026-05-18 03:02:12] No changes detected.
[2026-05-18 03:02:42] No changes detected.
[2026-05-18 03:03:13] No changes detected.
[2026-05-18 03:03:43] No changes detected.
[2026-05-18 03:04:13] No changes detected.
[2026-05-18 03:04:43] No changes detected.
[2026-05-18 03:05:14] No changes detected.
[2026-05-18 03:05:44] No changes detected.
[2026-05-18 03:06:14] No changes detected.
[2026-05-18 03:06:44] No changes detected.
[2026-05-18 03:07:15] No changes detected.
[2026-05-18 03:07:45] No changes detected.
[2026-05-18 03:08:15] No changes detected.
[2026-05-18 03:08:45] No changes detected.
[2026-05-18 03:09:15] No changes detected.
[2026-05-18 03:09:46] No changes detected.
[2026-05-18 03:10:16] No changes detected.
[2026-05-18 03:10:46] No changes detected.
[2026-05-18 03:11:16] No changes detected.
[2026-05-18 03:11:47] No changes detected.
[2026-05-18 03:12:17] No changes detected.
[2026-05-18 03:12:47] No changes detected.
[2026-05-18 03:13:17] No changes detected.
[2026-05-18 03:13:47] No changes detected.
[2026-05-18 03:14:18] No changes detected.
[2026-05-18 03:14:48] No changes detected.
[2026-05-18 03:15:18] No changes detected.
[2026-05-18 03:15:48] No changes detected.
[2026-05-18 03:16:18] No changes detected.
[2026-05-18 03:16:49] No changes detected.
[2026-05-18 03:17:19] No changes detected.
[2026-05-18 03:17:49] No changes detected.
[2026-05-18 03:18:19] No changes detected.
[2026-05-18 03:18:50] No changes detected.
[2026-05-18 03:19:20] No changes detected.
[2026-05-18 03:19:50] No changes detected.
[2026-05-18 03:20:20] No changes detected.
[2026-05-18 03:20:51] No changes detected.
[2026-05-18 03:21:21] No changes detected.
[2026-05-18 03:21:51] No changes detected.
[2026-05-18 03:22:21] No changes detected.
[2026-05-18 03:22:51] No changes detected.
[2026-05-18 03:23:22] No changes detected.
[2026-05-18 03:23:52] No changes detected.
[2026-05-18 03:24:22] No changes detected.
[2026-05-18 03:24:52] No changes detected.
[2026-05-18 03:25:23] No changes detected.
[2026-05-18 03:25:53] No changes detected.
[2026-05-18 03:26:23] No changes detected.
[2026-05-18 03:26:53] No changes detected.
[2026-05-18 03:27:24] No changes detected.
[2026-05-18 03:27:54] No changes detected.
[2026-05-18 03:28:24] No changes detected.
[2026-05-18 03:28:54] No changes detected.
[2026-05-18 03:29:24] No changes detected.
[2026-05-18 03:29:55] No changes detected.
[2026-05-18 03:30:25] No changes detected.
[2026-05-18 03:30:55] No changes detected.
[2026-05-18 03:31:25] No changes detected.
[2026-05-18 03:31:55] No changes detected.
[2026-05-18 03:32:26] No changes detected.
[2026-05-18 03:32:56] No changes detected.
[2026-05-18 03:33:26] No changes detected.
[2026-05-18 03:33:56] No changes detected.
[2026-05-18 03:34:26] No changes detected.
[2026-05-18 03:34:56] No changes detected.
[2026-05-18 03:35:27] No changes detected.
[2026-05-18 03:35:57] No changes detected.
[2026-05-18 03:36:27] No changes detected.
[2026-05-18 03:36:57] No changes detected.
[2026-05-18 03:37:28] No changes detected.
[2026-05-18 03:37:58] No changes detected.
[2026-05-18 03:38:28] No changes detected.
[2026-05-18 03:38:58] No changes detected.
[2026-05-18 03:39:29] No changes detected.
[2026-05-18 03:39:59] No changes detected.
[2026-05-18 03:40:29] No changes detected.
[2026-05-18 03:40:59] No changes detected.
[2026-05-18 03:41:30] No changes detected.
[2026-05-18 03:42:00] No changes detected.
[2026-05-18 03:42:30] No changes detected.
[2026-05-18 03:43:00] No changes detected.
[2026-05-18 03:43:30] No changes detected.
[2026-05-18 03:44:01] No changes detected.
[2026-05-18 03:44:31] No changes detected.
[2026-05-18 03:45:01] No changes detected.
[2026-05-18 03:45:31] No changes detected.
[2026-05-18 03:46:01] No changes detected.
[2026-05-18 03:46:32] No changes detected.
[2026-05-18 03:47:02] No changes detected.
[2026-05-18 03:47:32] No changes detected.
[2026-05-18 03:48:02] No changes detected.
[2026-05-18 03:48:33] No changes detected.
[2026-05-18 03:49:03] No changes detected.
[2026-05-18 03:49:33] No changes detected.
[2026-05-18 03:50:03] No changes detected.
[2026-05-18 03:50:33] No changes detected.
[2026-05-18 03:51:04] No changes detected.
[2026-05-18 03:51:34] No changes detected.
[2026-05-18 03:52:04] No changes detected.
[2026-05-18 03:52:34] No changes detected.
[2026-05-18 03:53:04] No changes detected.
[2026-05-18 03:53:35] No changes detected.
[2026-05-18 03:54:05] No changes detected.
[2026-05-18 03:54:35] No changes detected.
[2026-05-18 03:55:05] No changes detected.
[2026-05-18 03:55:35] No changes detected.
[2026-05-18 03:56:06] No changes detected.
[2026-05-18 03:56:36] No changes detected.
[2026-05-18 03:57:06] No changes detected.
[2026-05-18 03:57:36] No changes detected.
[2026-05-18 03:58:07] No changes detected.
[2026-05-18 03:58:37] No changes detected.
[2026-05-18 03:59:07] No changes detected.
[2026-05-18 03:59:37] No changes detected.
[2026-05-18 04:00:07] No changes detected.
[2026-05-18 04:00:37] No changes detected.
[2026-05-18 04:01:08] No changes detected.
[2026-05-18 04:01:38] No changes detected.
[2026-05-18 04:02:08] No changes detected.
[2026-05-18 04:02:38] No changes detected.
[2026-05-18 04:03:09] No changes detected.
[2026-05-18 04:03:39] No changes detected.
[2026-05-18 04:04:09] No changes detected.
[2026-05-18 04:04:39] No changes detected.
[2026-05-18 04:05:10] No changes detected.
[2026-05-18 04:05:40] No changes detected.
[2026-05-18 04:06:10] No changes detected.
[2026-05-18 04:06:40] No changes detected.
[2026-05-18 04:07:11] No changes detected.
[2026-05-18 04:07:41] No changes detected.
[2026-05-18 04:08:11] No changes detected.
[2026-05-18 04:08:41] No changes detected.
[2026-05-18 04:09:12] No changes detected.
[2026-05-18 04:09:42] No changes detected.
[2026-05-18 04:10:12] No changes detected.
[2026-05-18 04:10:42] No changes detected.
[2026-05-18 04:11:13] No changes detected.
[2026-05-18 04:11:43] No changes detected.
[2026-05-18 04:12:13] No changes detected.
[2026-05-18 04:12:43] No changes detected.
[2026-05-18 04:13:14] No changes detected.
[2026-05-18 04:13:44] No changes detected.
[2026-05-18 04:14:14] No changes detected.
[2026-05-18 04:14:44] No changes detected.
[2026-05-18 04:15:15] No changes detected.
[2026-05-18 04:15:45] No changes detected.
[2026-05-18 04:16:15] No changes detected.
[2026-05-18 04:16:45] No changes detected.
[2026-05-18 04:17:15] No changes detected.
[2026-05-18 04:17:46] No changes detected.
[2026-05-18 04:18:16] No changes detected.
[2026-05-18 04:18:46] No changes detected.
[2026-05-18 04:19:16] No changes detected.
[2026-05-18 04:19:47] No changes detected.
[2026-05-18 04:20:17] No changes detected.
[2026-05-18 04:20:47] No changes detected.
[2026-05-18 04:21:17] No changes detected.
[2026-05-18 04:21:48] No changes detected.
[2026-05-18 04:22:18] No changes detected.
[2026-05-18 04:22:48] No changes detected.
[2026-05-18 04:23:18] No changes detected.
[2026-05-18 04:23:48] No changes detected.
[2026-05-18 04:24:19] No changes detected.
[2026-05-18 04:24:49] No changes detected.
[2026-05-18 04:25:19] No changes detected.
[2026-05-18 04:25:49] No changes detected.
[2026-05-18 04:26:19] No changes detected.
[2026-05-18 04:26:50] No changes detected.
[2026-05-18 04:27:20] No changes detected.
[2026-05-18 04:27:50] No changes detected.
[2026-05-18 04:28:20] No changes detected.
[2026-05-18 04:28:51] No changes detected.
[2026-05-18 04:29:21] No changes detected.
[2026-05-18 04:29:51] No changes detected.
[2026-05-18 04:30:21] No changes detected.
[2026-05-18 04:30:51] No changes detected.
[2026-05-18 04:31:22] No changes detected.
[2026-05-18 04:31:52] No changes detected.
[2026-05-18 04:32:22] No changes detected.
[2026-05-18 04:32:52] No changes detected.
[2026-05-18 04:33:23] No changes detected.
[2026-05-18 04:33:53] No changes detected.
[2026-05-18 04:34:23] No changes detected.
[2026-05-18 04:34:53] No changes detected.
[2026-05-18 04:35:23] No changes detected.
[2026-05-18 04:35:54] No changes detected.
[2026-05-18 04:36:24] No changes detected.
[2026-05-18 04:36:54] No changes detected.
[2026-05-18 04:37:24] No changes detected.
[2026-05-18 04:37:54] No changes detected.
[2026-05-18 04:38:25] No changes detected.
[2026-05-18 04:38:55] No changes detected.
[2026-05-18 04:39:25] No changes detected.
[2026-05-18 04:39:55] No changes detected.
[2026-05-18 04:40:25] No changes detected.
[2026-05-18 04:40:56] No changes detected.
[2026-05-18 04:41:26] No changes detected.
[2026-05-18 04:41:56] No changes detected.
[2026-05-18 04:42:27] No changes detected.
[2026-05-18 04:42:57] No changes detected.
[2026-05-18 04:43:27] No changes detected.
[2026-05-18 04:43:57] No changes detected.
[2026-05-18 04:44:28] No changes detected.
[2026-05-18 04:44:58] No changes detected.
[2026-05-18 04:45:28] No changes detected.
[2026-05-18 04:45:58] No changes detected.
[2026-05-18 04:46:29] No changes detected.
[2026-05-18 04:46:59] No changes detected.
[2026-05-18 04:47:29] No changes detected.
[2026-05-18 04:47:59] No changes detected.
[2026-05-18 04:48:30] No changes detected.
[2026-05-18 04:49:00] No changes detected.
[2026-05-18 04:49:30] No changes detected.
[2026-05-18 04:50:00] No changes detected.
[2026-05-18 04:50:30] No changes detected.
[2026-05-18 04:51:01] No changes detected.
[2026-05-18 04:51:31] No changes detected.
[2026-05-18 04:52:01] No changes detected.
[2026-05-18 04:52:31] No changes detected.
[2026-05-18 04:53:02] No changes detected.
[2026-05-18 04:53:32] No changes detected.
[2026-05-18 04:54:02] No changes detected.
[2026-05-18 04:54:32] No changes detected.
[2026-05-18 04:55:02] No changes detected.
[2026-05-18 04:55:33] No changes detected.
[2026-05-18 04:56:03] No changes detected.
[2026-05-18 04:56:33] No changes detected.
[2026-05-18 04:57:03] No changes detected.
[2026-05-18 04:57:34] No changes detected.
[2026-05-18 04:58:04] No changes detected.
[2026-05-18 04:58:34] No changes detected.
[2026-05-18 04:59:04] No changes detected.
[2026-05-18 04:59:34] No changes detected.
[2026-05-18 05:00:05] No changes detected.
[2026-05-18 05:00:35] No changes detected.
[2026-05-18 05:01:05] No changes detected.
[2026-05-18 05:01:35] No changes detected.
[2026-05-18 05:02:06] No changes detected.
[2026-05-18 05:02:36] No changes detected.
[2026-05-18 05:03:06] No changes detected.
[2026-05-18 05:03:36] No changes detected.
[2026-05-18 05:04:06] No changes detected.
[2026-05-18 05:04:36] No changes detected.
[2026-05-18 05:05:07] No changes detected.
[2026-05-18 05:05:37] No changes detected.
[2026-05-18 05:06:07] No changes detected.
[2026-05-18 05:06:37] No changes detected.
[2026-05-18 05:07:07] No changes detected.
[2026-05-18 05:07:38] No changes detected.
[2026-05-18 05:08:08] No changes detected.
[2026-05-18 05:08:38] No changes detected.
[2026-05-18 05:09:08] No changes detected.
[2026-05-18 05:09:38] No changes detected.
[2026-05-18 05:10:08] No changes detected.
[2026-05-18 05:10:39] No changes detected.
[2026-05-18 05:11:09] No changes detected.
[2026-05-18 05:11:39] No changes detected.
[2026-05-18 05:12:09] No changes detected.
[2026-05-18 05:12:40] No changes detected.
[2026-05-18 05:13:10] No changes detected.
[2026-05-18 05:13:40] No changes detected.
[2026-05-18 05:14:10] No changes detected.
[2026-05-18 05:14:40] No changes detected.
[2026-05-18 05:15:11] No changes detected.
[2026-05-18 05:15:41] No changes detected.
[2026-05-18 05:16:11] No changes detected.
[2026-05-18 05:16:41] No changes detected.
[2026-05-18 05:17:12] No changes detected.
[2026-05-18 05:17:42] No changes detected.
[2026-05-18 05:18:12] No changes detected.
[2026-05-18 05:18:42] No changes detected.
[2026-05-18 05:19:12] No changes detected.
[2026-05-18 05:19:43] No changes detected.
[2026-05-18 05:20:13] No changes detected.
[2026-05-18 05:20:43] No changes detected.
[2026-05-18 05:21:13] No changes detected.
[2026-05-18 05:21:44] No changes detected.
[2026-05-18 05:22:14] No changes detected.
[2026-05-18 05:22:44] No changes detected.
[2026-05-18 05:23:14] No changes detected.
[2026-05-18 05:23:44] No changes detected.
[2026-05-18 05:24:15] No changes detected.
[2026-05-18 05:24:45] No changes detected.
[2026-05-18 05:25:15] No changes detected.
[2026-05-18 05:25:45] No changes detected.
[2026-05-18 05:26:16] No changes detected.
[2026-05-18 05:26:46] No changes detected.
[2026-05-18 05:27:16] No changes detected.
[2026-05-18 05:27:46] No changes detected.
[2026-05-18 05:28:17] No changes detected.
[2026-05-18 05:28:47] No changes detected.
[2026-05-18 05:29:17] No changes detected.
[2026-05-18 05:29:47] No changes detected.
[2026-05-18 05:30:18] No changes detected.
[2026-05-18 05:30:48] No changes detected.
[2026-05-18 05:31:18] No changes detected.
[2026-05-18 05:31:48] No changes detected.
[2026-05-18 05:32:18] No changes detected.
[2026-05-18 05:32:49] No changes detected.
[2026-05-18 05:33:19] No changes detected.
[2026-05-18 05:33:49] No changes detected.
[2026-05-18 05:34:19] No changes detected.
[2026-05-18 05:34:50] No changes detected.
[2026-05-18 05:35:20] No changes detected.
[2026-05-18 05:35:50] No changes detected.
[2026-05-18 05:36:20] No changes detected.
[2026-05-18 05:36:50] No changes detected.
[2026-05-18 05:37:21] No changes detected.
[2026-05-18 05:37:51] No changes detected.
[2026-05-18 05:38:21] No changes detected.
[2026-05-18 05:38:51] No changes detected.
[2026-05-18 05:39:21] No changes detected.
[2026-05-18 05:39:52] No changes detected.
[2026-05-18 05:40:22] No changes detected.
[2026-05-18 05:40:52] No changes detected.
[2026-05-18 05:41:22] No changes detected.
[2026-05-18 05:41:52] No changes detected.
[2026-05-18 05:42:23] No changes detected.
[2026-05-18 05:42:53] No changes detected.
[2026-05-18 05:43:23] No changes detected.
[2026-05-18 05:43:53] No changes detected.
[2026-05-18 05:44:23] No changes detected.
[2026-05-18 05:44:54] No changes detected.
[2026-05-18 05:45:24] No changes detected.
[2026-05-18 05:45:54] No changes detected.
[2026-05-18 05:46:24] No changes detected.
[2026-05-18 05:46:55] No changes detected.
[2026-05-18 05:47:25] No changes detected.
[2026-05-18 05:47:55] No changes detected.
[2026-05-18 05:48:25] No changes detected.
[2026-05-18 05:48:55] No changes detected.
[2026-05-18 05:49:25] No changes detected.
[2026-05-18 05:49:56] No changes detected.
[2026-05-18 05:50:26] No changes detected.
[2026-05-18 05:50:56] No changes detected.
[2026-05-18 05:51:26] No changes detected.
[2026-05-18 05:51:56] No changes detected.
[2026-05-18 05:52:27] No changes detected.
[2026-05-18 05:52:57] No changes detected.
[2026-05-18 05:53:27] No changes detected.
[2026-05-18 05:53:57] No changes detected.
[2026-05-18 05:54:28] No changes detected.
[2026-05-18 05:54:58] No changes detected.
[2026-05-18 05:55:28] No changes detected.
[2026-05-18 05:55:58] No changes detected.
[2026-05-18 05:56:29] No changes detected.
[2026-05-18 05:56:59] No changes detected.
[2026-05-18 05:57:29] No changes detected.
[2026-05-18 05:57:59] No changes detected.
[2026-05-18 05:58:30] No changes detected.
[2026-05-18 05:59:00] No changes detected.
[2026-05-18 05:59:30] No changes detected.
[2026-05-18 06:00:00] No changes detected.
[2026-05-18 06:00:31] No changes detected.
[2026-05-18 06:01:01] No changes detected.
[2026-05-18 06:01:31] No changes detected.
[2026-05-18 06:02:01] No changes detected.
[2026-05-18 06:02:32] No changes detected.
[2026-05-18 06:03:02] No changes detected.
[2026-05-18 06:03:32] No changes detected.
[2026-05-18 06:04:02] No changes detected.
[2026-05-18 06:04:33] No changes detected.
[2026-05-18 06:05:03] No changes detected.
[2026-05-18 06:05:33] No changes detected.
[2026-05-18 06:06:03] No changes detected.
[2026-05-18 06:06:34] No changes detected.
[2026-05-18 06:07:04] No changes detected.
[2026-05-18 06:07:34] No changes detected.
[2026-05-18 06:08:04] No changes detected.
[2026-05-18 06:08:34] No changes detected.
[2026-05-18 06:09:05] No changes detected.
[2026-05-18 06:09:35] No changes detected.
[2026-05-18 06:10:05] No changes detected.
[2026-05-18 06:10:35] No changes detected.
[2026-05-18 06:11:05] No changes detected.
[2026-05-18 06:11:36] No changes detected.
[2026-05-18 06:12:06] No changes detected.
[2026-05-18 06:12:36] No changes detected.
[2026-05-18 06:13:06] No changes detected.
[2026-05-18 06:13:36] No changes detected.
[2026-05-18 06:14:06] No changes detected.
[2026-05-18 06:14:37] No changes detected.
[2026-05-18 06:15:07] No changes detected.
[2026-05-18 06:15:37] No changes detected.
[2026-05-18 06:16:07] No changes detected.
[2026-05-18 06:16:37] No changes detected.
[2026-05-18 06:17:08] No changes detected.
[2026-05-18 06:17:38] No changes detected.
[2026-05-18 06:18:08] No changes detected.
[2026-05-18 06:18:38] No changes detected.
[2026-05-18 06:19:08] No changes detected.
[2026-05-18 06:19:38] No changes detected.
[2026-05-18 06:20:09] No changes detected.
[2026-05-18 06:20:39] No changes detected.
[2026-05-18 06:21:09] No changes detected.
[2026-05-18 06:21:39] No changes detected.
[2026-05-18 06:22:09] No changes detected.
[2026-05-18 06:22:40] No changes detected.
[2026-05-18 06:23:10] No changes detected.
[2026-05-18 06:23:40] No changes detected.
[2026-05-18 06:24:10] No changes detected.
[2026-05-18 06:24:40] No changes detected.
[2026-05-18 06:25:11] No changes detected.
[2026-05-18 06:25:41] No changes detected.
[2026-05-18 06:26:11] No changes detected.
[2026-05-18 06:26:41] No changes detected.
[2026-05-18 06:27:11] No changes detected.
[2026-05-18 06:27:42] No changes detected.
[2026-05-18 06:28:12] No changes detected.
[2026-05-18 06:28:42] No changes detected.
[2026-05-18 06:29:12] No changes detected.
[2026-05-18 06:29:43] No changes detected.
[2026-05-18 06:30:13] No changes detected.
[2026-05-18 06:30:43] No changes detected.
[2026-05-18 06:31:13] No changes detected.
[2026-05-18 06:31:43] No changes detected.
[2026-05-18 06:32:14] No changes detected.
[2026-05-18 06:32:44] No changes detected.
[2026-05-18 06:33:14] No changes detected.
[2026-05-18 06:33:44] No changes detected.
[2026-05-18 06:34:15] No changes detected.
[2026-05-18 06:34:45] No changes detected.
[2026-05-18 06:35:15] No changes detected.
[2026-05-18 06:35:45] No changes detected.
[2026-05-18 06:36:16] No changes detected.
[2026-05-18 06:36:46] No changes detected.
[2026-05-18 06:37:16] No changes detected.
[2026-05-18 06:37:46] No changes detected.
[2026-05-18 06:38:17] No changes detected.
[2026-05-18 06:38:47] No changes detected.
[2026-05-18 06:39:17] No changes detected.
[2026-05-18 06:39:47] No changes detected.
[2026-05-18 06:40:18] No changes detected.
[2026-05-18 06:40:48] No changes detected.
[2026-05-18 06:41:18] No changes detected.
[2026-05-18 06:41:48] No changes detected.
[2026-05-18 06:42:19] No changes detected.
[2026-05-18 06:42:49] No changes detected.
[2026-05-18 06:43:19] No changes detected.
[2026-05-18 06:43:49] No changes detected.
[2026-05-18 06:44:19] No changes detected.
[2026-05-18 06:44:50] No changes detected.
[2026-05-18 06:45:20] No changes detected.
[2026-05-18 06:45:50] No changes detected.
[2026-05-18 06:46:20] No changes detected.
[2026-05-18 06:46:51] No changes detected.
[2026-05-18 06:47:21] No changes detected.
[2026-05-18 06:47:51] No changes detected.
[2026-05-18 06:48:21] No changes detected.
[2026-05-18 06:48:51] No changes detected.
[2026-05-18 06:49:21] No changes detected.
[2026-05-18 06:49:52] No changes detected.
[2026-05-18 06:50:22] No changes detected.
[2026-05-18 06:50:52] No changes detected.
[2026-05-18 06:51:23] No changes detected.
[2026-05-18 06:51:53] No changes detected.
[2026-05-18 06:52:23] No changes detected.
[2026-05-18 06:52:53] No changes detected.
[2026-05-18 06:53:24] No changes detected.
[2026-05-18 06:53:54] No changes detected.
[2026-05-18 06:54:24] No changes detected.
[2026-05-18 06:54:54] No changes detected.
[2026-05-18 06:55:24] No changes detected.
[2026-05-18 06:55:54] No changes detected.
[2026-05-18 06:56:24] No changes detected.
[2026-05-18 06:56:54] No changes detected.
[2026-05-18 06:57:25] No changes detected.
[2026-05-18 06:57:55] No changes detected.
[2026-05-18 06:58:25] No changes detected.
[2026-05-18 06:58:55] No changes detected.
[2026-05-18 06:59:25] No changes detected.
[2026-05-18 06:59:56] No changes detected.
[2026-05-18 07:00:26] No changes detected.
[2026-05-18 07:00:56] No changes detected.
[2026-05-18 07:01:26] No changes detected.
[2026-05-18 07:01:57] No changes detected.
[2026-05-18 07:02:27] No changes detected.
[2026-05-18 07:02:57] No changes detected.
[2026-05-18 07:03:27] No changes detected.
[2026-05-18 07:03:58] No changes detected.
[2026-05-18 07:04:28] No changes detected.
[2026-05-18 07:04:58] No changes detected.
[2026-05-18 07:05:28] No changes detected.
[2026-05-18 07:05:59] No changes detected.
[2026-05-18 07:06:29] No changes detected.
[2026-05-18 07:06:59] No changes detected.
[2026-05-18 07:07:29] No changes detected.
[2026-05-18 07:08:00] No changes detected.
[2026-05-18 07:08:30] No changes detected.
[2026-05-18 07:09:00] No changes detected.
[2026-05-18 07:09:30] No changes detected.
[2026-05-18 07:10:00] No changes detected.
[2026-05-18 07:10:31] No changes detected.
[2026-05-18 07:11:01] No changes detected.
[2026-05-18 07:11:31] No changes detected.
[2026-05-18 07:12:01] No changes detected.
[2026-05-18 07:12:32] No changes detected.
[2026-05-18 07:13:02] No changes detected.
[2026-05-18 07:13:32] No changes detected.
[2026-05-18 07:14:02] No changes detected.
[2026-05-18 07:14:33] No changes detected.
[2026-05-18 07:15:03] No changes detected.
[2026-05-18 07:15:33] No changes detected.
[2026-05-18 07:16:03] No changes detected.
[2026-05-18 07:16:34] No changes detected.
[2026-05-18 07:17:04] No changes detected.
[2026-05-18 07:17:34] No changes detected.
[2026-05-18 07:18:04] No changes detected.
[2026-05-18 07:18:34] No changes detected.
[2026-05-18 07:19:05] No changes detected.
[2026-05-18 07:19:35] No changes detected.
[2026-05-18 07:20:05] No changes detected.
[2026-05-18 07:20:35] No changes detected.
[2026-05-18 07:21:05] No changes detected.
[2026-05-18 07:21:36] No changes detected.
[2026-05-18 07:22:06] No changes detected.
[2026-05-18 07:22:36] No changes detected.
[2026-05-18 07:23:06] No changes detected.
[2026-05-18 07:23:36] No changes detected.
[2026-05-18 07:24:07] No changes detected.
[2026-05-18 07:24:37] No changes detected.
[2026-05-18 07:25:07] No changes detected.
[2026-05-18 07:25:37] No changes detected.
[2026-05-18 07:26:08] No changes detected.
[2026-05-18 07:26:38] No changes detected.
[2026-05-18 07:27:08] No changes detected.
[2026-05-18 07:27:38] No changes detected.
[2026-05-18 07:28:08] No changes detected.
[2026-05-18 07:28:38] No changes detected.
[2026-05-18 07:29:09] No changes detected.
[2026-05-18 07:29:39] No changes detected.
[2026-05-18 07:30:09] No changes detected.
[2026-05-18 07:30:39] No changes detected.
[2026-05-18 07:31:09] No changes detected.
[2026-05-18 07:31:39] No changes detected.
[2026-05-18 07:32:10] No changes detected.
[2026-05-18 07:32:40] No changes detected.
[2026-05-18 07:33:10] No changes detected.
[2026-05-18 07:33:40] No changes detected.
[2026-05-18 07:34:11] No changes detected.
[2026-05-18 07:34:41] No changes detected.
[2026-05-18 07:35:11] No changes detected.
[2026-05-18 07:35:41] No changes detected.
[2026-05-18 07:36:11] No changes detected.
[2026-05-18 07:36:42] No changes detected.
[2026-05-18 07:37:12] No changes detected.
[2026-05-18 07:37:42] No changes detected.
[2026-05-18 07:38:12] No changes detected.
[2026-05-18 07:38:43] No changes detected.
[2026-05-18 07:39:13] No changes detected.
[2026-05-18 07:39:43] No changes detected.
[2026-05-18 07:40:13] No changes detected.
[2026-05-18 07:40:44] No changes detected.
[2026-05-18 07:41:14] No changes detected.
[2026-05-18 07:41:44] No changes detected.
[2026-05-18 07:42:14] No changes detected.
[2026-05-18 07:42:44] No changes detected.
[2026-05-18 07:43:15] No changes detected.
[2026-05-18 07:43:45] No changes detected.
[2026-05-18 07:44:15] No changes detected.
[2026-05-18 07:44:45] No changes detected.
[2026-05-18 07:45:16] No changes detected.
[2026-05-18 07:45:46] No changes detected.
[2026-05-18 07:46:16] No changes detected.
[2026-05-18 07:46:46] No changes detected.
[2026-05-18 07:47:17] No changes detected.
[2026-05-18 07:47:47] No changes detected.
[2026-05-18 07:48:17] No changes detected.
[2026-05-18 07:48:47] No changes detected.
[2026-05-18 07:49:18] No changes detected.
[2026-05-18 07:49:48] No changes detected.
[2026-05-18 07:50:18] No changes detected.
[2026-05-18 07:50:48] No changes detected.
[2026-05-18 07:51:18] No changes detected.
[2026-05-18 07:51:49] No changes detected.
[2026-05-18 07:52:19] No changes detected.
[2026-05-18 07:52:49] No changes detected.
[2026-05-18 07:53:19] No changes detected.
[2026-05-18 07:53:50] No changes detected.
[2026-05-18 07:54:20] No changes detected.
[2026-05-18 07:54:50] No changes detected.
[2026-05-18 07:55:20] No changes detected.
[2026-05-18 07:55:50] No changes detected.
[2026-05-18 07:56:21] No changes detected.
[2026-05-18 07:56:51] No changes detected.
[2026-05-18 07:57:21] No changes detected.
[2026-05-18 07:57:51] No changes detected.
[2026-05-18 07:58:21] No changes detected.
[2026-05-18 07:58:52] No changes detected.
[2026-05-18 07:59:22] No changes detected.
[2026-05-18 07:59:52] No changes detected.
[2026-05-18 08:00:22] No changes detected.
[2026-05-18 08:00:53] No changes detected.
[2026-05-18 08:01:23] No changes detected.
[2026-05-18 08:01:53] No changes detected.
[2026-05-18 08:02:23] No changes detected.
[2026-05-18 08:02:53] No changes detected.
[2026-05-18 08:03:24] No changes detected.
[2026-05-18 08:03:54] No changes detected.
[2026-05-18 08:04:24] No changes detected.
[2026-05-18 08:04:54] No changes detected.
[2026-05-18 08:05:24] No changes detected.
[2026-05-18 08:05:55] No changes detected.
[2026-05-18 08:06:25] No changes detected.
[2026-05-18 08:06:55] No changes detected.
[2026-05-18 08:07:25] No changes detected.
[2026-05-18 08:07:56] No changes detected.
[2026-05-18 08:08:26] No changes detected.
[2026-05-18 08:08:56] No changes detected.
[2026-05-18 08:09:26] No changes detected.
[2026-05-18 08:09:56] No changes detected.
[2026-05-18 08:10:27] No changes detected.
[2026-05-18 08:10:57] No changes detected.
[2026-05-18 08:11:27] No changes detected.
[2026-05-18 08:11:58] No changes detected.
[2026-05-18 08:12:28] No changes detected.
[2026-05-18 08:12:58] No changes detected.
[2026-05-18 08:13:28] No changes detected.
[2026-05-18 08:13:58] No changes detected.
[2026-05-18 08:14:29] No changes detected.
[2026-05-18 08:14:59] No changes detected.
[2026-05-18 08:15:29] No changes detected.
[2026-05-18 08:15:59] No changes detected.
[2026-05-18 08:16:30] No changes detected.
[2026-05-18 08:17:00] No changes detected.
[2026-05-18 08:17:30] No changes detected.
[2026-05-18 08:18:00] No changes detected.
[2026-05-18 08:18:31] No changes detected.
[2026-05-18 08:19:01] No changes detected.
[2026-05-18 08:19:31] No changes detected.
[2026-05-18 08:20:01] No changes detected.
[2026-05-18 08:20:32] No changes detected.
[2026-05-18 08:21:02] No changes detected.
[2026-05-18 08:21:32] No changes detected.
[2026-05-18 08:22:02] No changes detected.
[2026-05-18 08:22:33] No changes detected.
[2026-05-18 08:23:03] No changes detected.
[2026-05-18 08:23:33] No changes detected.
[2026-05-18 08:24:03] No changes detected.
[2026-05-18 08:29:09] No changes detected.
[2026-05-18 08:30:23] No changes detected.
[2026-05-18 08:34:58] No changes detected.
[2026-05-18 08:35:28] No changes detected.
[2026-05-18 09:22:18] No changes detected.
[2026-05-18 09:22:48] No changes detected.
[2026-05-18 09:23:18] No changes detected.
[2026-05-18 09:23:48] No changes detected.
[2026-05-18 09:24:19] No changes detected.
[2026-05-18 09:36:13] No changes detected.
[2026-05-18 09:41:24] No changes detected.
[2026-05-18 09:42:08] No changes detected.
[2026-05-18 09:45:15] No changes detected.
[2026-05-18 09:51:11] No changes detected.
[2026-05-18 09:51:42] No changes detected.
[2026-05-18 09:52:12] No changes detected.
[2026-05-18 09:52:42] No changes detected.
[2026-05-18 09:53:12] No changes detected.
[2026-05-18 09:53:42] No changes detected.
[2026-05-18 09:54:12] No changes detected.
[2026-05-18 09:54:43] No changes detected.
[2026-05-18 09:55:13] No changes detected.
[2026-05-18 09:55:43] No changes detected.
[2026-05-18 09:56:13] No changes detected.
[2026-05-18 09:56:43] No changes detected.
[2026-05-18 09:57:13] No changes detected.
[2026-05-18 09:57:43] No changes detected.
[2026-05-18 09:58:13] No changes detected.
[2026-05-18 09:58:44] No changes detected.
[2026-05-18 09:59:14] No changes detected.
[2026-05-18 09:59:44] No changes detected.
[2026-05-18 10:00:14] No changes detected.
[2026-05-18 10:00:44] No changes detected.
[2026-05-18 10:01:14] No changes detected.
[2026-05-18 10:01:44] No changes detected.
[2026-05-18 10:02:14] No changes detected.
[2026-05-18 10:02:45] No changes detected.
[2026-05-18 10:03:15] No changes detected.
[2026-05-18 10:03:45] No changes detected.
[2026-05-18 10:04:15] No changes detected.
[2026-05-18 10:04:45] No changes detected.
[2026-05-18 10:05:15] No changes detected.
[2026-05-18 10:05:45] No changes detected.
[2026-05-18 10:06:16] No changes detected.
[2026-05-18 10:06:46] No changes detected.
[2026-05-18 10:07:16] No changes detected.
[2026-05-18 10:07:46] No changes detected.
[2026-05-18 10:08:16] No changes detected.
[2026-05-18 10:08:46] No changes detected.
[2026-05-18 10:09:17] No changes detected.
[2026-05-18 10:09:47] No changes detected.
[2026-05-18 10:10:17] No changes detected.
[2026-05-18 10:10:47] No changes detected.
[2026-05-18 10:11:17] No changes detected.
[2026-05-18 10:11:47] No changes detected.
[2026-05-18 10:12:17] No changes detected.
[2026-05-18 10:12:48] No changes detected.
[2026-05-18 10:13:18] No changes detected.
[2026-05-18 10:13:48] No changes detected.
[2026-05-18 10:14:18] No changes detected.
[2026-05-18 10:14:48] No changes detected.
[2026-05-18 10:15:18] No changes detected.
[2026-05-18 10:15:49] No changes detected.
[2026-05-18 10:16:19] No changes detected.
[2026-05-18 10:16:49] No changes detected.
[2026-05-18 10:17:19] No changes detected.
[2026-05-18 10:17:49] No changes detected.
[2026-05-18 10:18:19] No changes detected.
[2026-05-18 10:18:49] No changes detected.
[2026-05-18 10:19:20] No changes detected.
[2026-05-18 10:19:50] No changes detected.
[2026-05-18 10:20:20] No changes detected.
[2026-05-18 10:20:50] No changes detected.
[2026-05-18 10:21:20] No changes detected.
[2026-05-18 10:21:50] No changes detected.
[2026-05-18 10:22:21] No changes detected.
[2026-05-18 10:22:51] No changes detected.
[2026-05-18 10:23:21] No changes detected.
[2026-05-18 10:23:51] No changes detected.
[2026-05-18 10:24:21] No changes detected.
[2026-05-18 10:24:51] No changes detected.
[2026-05-18 10:25:21] No changes detected.
[2026-05-18 10:25:51] No changes detected.
[2026-05-18 10:26:22] No changes detected.
[2026-05-18 10:26:52] No changes detected.
[2026-05-18 10:27:22] No changes detected.
[2026-05-18 10:27:52] No changes detected.
[2026-05-18 10:28:22] No changes detected.
[2026-05-18 10:28:52] No changes detected.
[2026-05-18 10:29:23] No changes detected.
[2026-05-18 10:35:18] No changes detected.
[2026-05-18 10:35:48] No changes detected.
[2026-05-18 10:36:20] No changes detected.
[2026-05-18 10:36:51] No changes detected.
[2026-05-18 10:37:23] No changes detected.
[2026-05-18 10:37:53] No changes detected.
[2026-05-18 10:38:23] No changes detected.
[2026-05-18 10:38:53] No changes detected.
[2026-05-18 10:39:23] No changes detected.
[2026-05-18 10:39:54] No changes detected.
[2026-05-18 10:40:24] No changes detected.
[2026-05-18 10:40:54] No changes detected.
[2026-05-18 10:41:24] No changes detected.
[2026-05-18 10:41:54] No changes detected.
[2026-05-18 11:48:28] No changes detected.
[2026-05-18 11:48:59] No changes detected.
[2026-05-18 12:11:14] No changes detected.
[2026-05-18 12:11:44] No changes detected.
[2026-05-18 12:20:14] No changes detected.
[2026-05-18 12:37:48] No changes detected.
[2026-05-18 12:40:05] No changes detected.
[2026-05-18 12:43:13] No changes detected.
[2026-05-18 12:43:43] No changes detected.
[2026-05-18 12:44:28] No changes detected.
[2026-05-18 12:46:16] No changes detected.
[2026-05-18 12:46:46] No changes detected.
[2026-05-18 12:47:17] No changes detected.
[2026-05-18 12:47:47] No changes detected.
[2026-05-18 12:48:17] No changes detected.
[2026-05-18 12:48:47] No changes detected.
[2026-05-18 12:49:17] No changes detected.
[2026-05-18 12:49:47] No changes detected.
[2026-05-18 12:50:17] No changes detected.
[2026-05-18 12:50:47] No changes detected.
[2026-05-18 12:51:17] No changes detected.
[2026-05-18 12:51:47] No changes detected.
[2026-05-18 12:52:18] No changes detected.
[2026-05-18 12:52:48] No changes detected.
[2026-05-18 12:53:18] No changes detected.
[2026-05-18 12:53:48] No changes detected.
[2026-05-18 12:54:18] No changes detected.
[2026-05-18 12:54:48] No changes detected.
[2026-05-18 12:55:18] No changes detected.
[2026-05-18 12:55:48] No changes detected.
[2026-05-18 12:56:18] No changes detected.
[2026-05-18 12:56:49] No changes detected.
[2026-05-18 12:58:43] No changes detected.
[2026-05-18 12:59:13] No changes detected.
[2026-05-18 12:59:44] No changes detected.
[2026-05-18 13:06:27] No changes detected.
[2026-05-18 13:06:57] No changes detected.
[2026-05-18 13:07:28] No changes detected.
[2026-05-18 13:07:58] No changes detected.
[2026-05-18 13:08:28] No changes detected.
[2026-05-18 13:08:58] No changes detected.
[2026-05-18 13:09:29] No changes detected.
[2026-05-18 13:09:59] No changes detected.
[2026-05-18 13:10:29] No changes detected.
[2026-05-18 13:10:59] No changes detected.
[2026-05-18 13:11:30] No changes detected.
[2026-05-18 13:12:00] No changes detected.
[2026-05-18 13:12:30] No changes detected.
[2026-05-18 13:13:00] No changes detected.
[2026-05-18 13:13:30] No changes detected.
[2026-05-18 13:14:00] No changes detected.
[2026-05-18 13:14:30] No changes detected.
[2026-05-18 13:15:01] No changes detected.
[2026-05-18 13:16:02] No changes detected.
[2026-05-18 13:16:32] No changes detected.
[2026-05-18 13:17:02] No changes detected.
[2026-05-18 13:17:32] No changes detected.
[2026-05-18 13:18:03] No changes detected.
[2026-05-18 13:18:33] No changes detected.
[2026-05-18 13:19:03] No changes detected.
[2026-05-18 13:19:33] No changes detected.
[2026-05-18 13:20:03] No changes detected.
[2026-05-18 13:20:33] No changes detected.
[2026-05-18 13:21:04] No changes detected.
[2026-05-18 13:21:34] No changes detected.
[2026-05-18 13:22:04] No changes detected.
[2026-05-18 13:22:34] No changes detected.
[2026-05-18 13:23:04] No changes detected.
[2026-05-18 13:23:34] No changes detected.
[2026-05-18 13:24:05] No changes detected.
[2026-05-18 13:24:35] No changes detected.
[2026-05-18 13:25:05] No changes detected.
[2026-05-18 13:25:35] No changes detected.
[2026-05-18 13:26:05] No changes detected.
[2026-05-18 13:26:35] No changes detected.
[2026-05-18 13:27:06] No changes detected.
[2026-05-18 13:27:36] No changes detected.
[2026-05-18 13:28:06] No changes detected.
[2026-05-18 13:28:36] No changes detected.
[2026-05-18 13:30:14] No changes detected.
[2026-05-18 13:30:44] No changes detected.
[2026-05-18 13:31:14] No changes detected.
[2026-05-18 13:31:45] No changes detected.
[2026-05-18 13:32:15] No changes detected.
[2026-05-18 13:32:45] No changes detected.
[2026-05-18 13:35:45] No changes detected.
[2026-05-18 13:36:16] No changes detected.
[2026-05-18 13:36:46] No changes detected.
[2026-05-18 13:43:54] No changes detected.
[2026-05-18 14:17:30] No changes detected.
[2026-05-18 14:33:12] No changes detected.
[2026-05-18 14:54:07] No changes detected.
[2026-05-18 14:54:37] No changes detected.
[2026-05-18 14:58:29] No changes detected.
[2026-05-18 15:11:14] No changes detected.
[2026-05-18 15:11:44] No changes detected.
[2026-05-18 15:12:14] No changes detected.
[2026-05-18 15:27:45] No changes detected.
[2026-05-18 16:14:09] No changes detected.
[2026-05-18 16:14:40] No changes detected.
[2026-05-18 16:15:10] No changes detected.
[2026-05-18 16:15:41] No changes detected.
[2026-05-18 16:16:12] No changes detected.
[2026-05-18 16:16:42] No changes detected.
[2026-05-18 16:17:13] No changes detected.
[2026-05-18 16:17:43] No changes detected.
[2026-05-18 16:18:14] No changes detected.
[2026-05-18 16:18:44] No changes detected.
[2026-05-18 16:28:52] No changes detected.
[2026-05-18 16:29:23] No changes detected.
[2026-05-18 16:29:59] No changes detected.
[2026-05-18 16:30:29] No changes detected.
[2026-05-18 16:48:46] No changes detected.
[2026-05-18 16:49:16] No changes detected.
[2026-05-18 16:49:46] No changes detected.
[2026-05-18 16:50:16] No changes detected.
[2026-05-18 16:50:46] No changes detected.
[2026-05-18 16:51:16] No changes detected.
[2026-05-18 16:51:46] No changes detected.
[2026-05-18 16:52:16] No changes detected.
[2026-05-18 16:52:47] No changes detected.
[2026-05-18 16:53:17] No changes detected.
[2026-05-18 16:53:47] No changes detected.
[2026-05-18 16:54:17] No changes detected.
[2026-05-18 16:54:47] No changes detected.
[2026-05-18 16:55:17] No changes detected.
[2026-05-18 16:55:47] No changes detected.
[2026-05-18 16:56:17] No changes detected.
[2026-05-18 16:56:47] No changes detected.
[2026-05-18 16:57:17] No changes detected.
[2026-05-18 16:57:48] No changes detected.
[2026-05-18 16:58:18] No changes detected.
[2026-05-18 16:58:48] No changes detected.
[2026-05-18 16:59:18] No changes detected.
[2026-05-18 16:59:48] No changes detected.
[2026-05-18 17:00:18] No changes detected.
[2026-05-18 17:00:48] No changes detected.
[2026-05-18 17:01:19] No changes detected.
[2026-05-18 17:01:49] No changes detected.
[2026-05-18 17:13:18] No changes detected.
[2026-05-18 17:13:49] No changes detected.
[2026-05-18 17:14:19] No changes detected.
[2026-05-18 17:14:50] No changes detected.
[2026-05-18 17:15:20] No changes detected.
[2026-05-18 17:15:50] No changes detected.
[2026-05-18 17:16:22] No changes detected.
[2026-05-18 17:16:52] No changes detected.
[2026-05-18 17:17:22] No changes detected.
[2026-05-18 17:17:52] No changes detected.
[2026-05-18 17:18:24] No changes detected.
[2026-05-18 17:18:54] No changes detected.
[2026-05-18 17:19:24] No changes detected.
[2026-05-18 17:19:54] No changes detected.
[2026-05-18 17:20:24] No changes detected.
[2026-05-18 17:20:54] No changes detected.
[2026-05-18 17:21:25] No changes detected.
[2026-05-18 17:21:55] No changes detected.
[2026-05-18 17:22:25] No changes detected.
[2026-05-18 17:22:56] No changes detected.
[2026-05-18 17:23:26] No changes detected.
[2026-05-18 17:23:57] No changes detected.
[2026-05-18 17:24:27] No changes detected.
[2026-05-18 17:24:57] No changes detected.
[2026-05-18 17:25:27] No changes detected.
[2026-05-18 17:25:57] No changes detected.
[2026-05-18 17:26:28] No changes detected.
[2026-05-18 17:26:58] No changes detected.
[2026-05-18 17:27:28] No changes detected.
[2026-05-18 17:27:59] No changes detected.
[2026-05-18 17:28:29] No changes detected.
[2026-05-18 17:29:00] No changes detected.
[2026-05-18 17:29:30] No changes detected.
[2026-05-18 17:30:00] No changes detected.
[2026-05-18 17:30:30] No changes detected.
[2026-05-18 17:31:01] No changes detected.
[2026-05-18 17:31:31] No changes detected.
[2026-05-18 17:32:01] No changes detected.
[2026-05-18 17:32:31] No changes detected.
[2026-05-18 17:33:01] No changes detected.
[2026-05-18 17:33:32] No changes detected.
[2026-05-18 17:34:02] No changes detected.
[2026-05-18 17:34:32] No changes detected.
[2026-05-18 17:35:02] No changes detected.
[2026-05-18 17:35:32] No changes detected.
[2026-05-18 17:45:51] No changes detected.
[2026-05-18 17:46:21] No changes detected.
[2026-05-18 17:53:20] No changes detected.
[2026-05-18 17:53:50] No changes detected.
[2026-05-18 17:54:21] No changes detected.
[2026-05-18 17:54:51] No changes detected.
[2026-05-18 17:55:21] No changes detected.
[2026-05-18 17:55:51] No changes detected.
[2026-05-18 17:56:21] No changes detected.
[2026-05-18 17:56:51] No changes detected.
[2026-05-18 17:57:22] No changes detected.
[2026-05-18 17:57:52] No changes detected.
[2026-05-18 17:58:22] No changes detected.
[2026-05-18 17:58:52] No changes detected.
[2026-05-18 17:59:22] No changes detected.
[2026-05-18 17:59:52] No changes detected.
[2026-05-18 18:00:22] No changes detected.
[2026-05-18 18:00:52] No changes detected.
[2026-05-18 18:01:23] No changes detected.
[2026-05-18 18:01:53] No changes detected.
[2026-05-18 18:02:23] No changes detected.
[2026-05-18 18:02:53] No changes detected.
[2026-05-18 18:03:23] No changes detected.
[2026-05-18 18:03:53] No changes detected.
[2026-05-18 18:04:23] No changes detected.
[2026-05-18 18:04:54] No changes detected.
[2026-05-18 18:05:24] No changes detected.
[2026-05-18 18:05:54] No changes detected.
[2026-05-18 18:06:24] No changes detected.
[2026-05-18 18:06:54] No changes detected.
[2026-05-18 18:07:24] No changes detected.
[2026-05-18 18:07:54] No changes detected.
[2026-05-18 18:08:25] No changes detected.
[2026-05-18 18:08:55] No changes detected.
[2026-05-18 18:09:25] No changes detected.
[2026-05-18 18:09:55] No changes detected.
[2026-05-18 18:10:25] No changes detected.
[2026-05-18 18:10:56] No changes detected.
[2026-05-18 18:11:26] No changes detected.
[2026-05-18 18:11:56] No changes detected.
[2026-05-18 18:12:26] No changes detected.
[2026-05-18 18:12:56] No changes detected.
[2026-05-18 18:13:26] No changes detected.
[2026-05-18 18:13:56] No changes detected.
[2026-05-18 18:14:27] No changes detected.
[2026-05-18 18:14:57] No changes detected.
[2026-05-18 18:15:27] No changes detected.
[2026-05-18 18:15:57] No changes detected.
[2026-05-18 18:16:27] No changes detected.
[2026-05-18 18:16:57] No changes detected.
[2026-05-18 18:17:27] No changes detected.
[2026-05-18 18:17:57] No changes detected.
[2026-05-18 18:18:28] No changes detected.
[2026-05-18 18:18:58] No changes detected.
[2026-05-18 18:19:28] No changes detected.
[2026-05-18 18:19:58] No changes detected.
[2026-05-18 18:20:29] No changes detected.
[2026-05-18 18:20:59] No changes detected.
[2026-05-18 18:21:29] No changes detected.
[2026-05-18 18:21:59] No changes detected.
[2026-05-18 18:22:29] No changes detected.
[2026-05-18 18:22:59] No changes detected.
[2026-05-18 18:23:29] No changes detected.
[2026-05-18 18:23:59] No changes detected.
[2026-05-18 18:24:29] No changes detected.
[2026-05-18 18:25:00] No changes detected.
[2026-05-18 18:25:30] No changes detected.
[2026-05-18 18:26:00] No changes detected.
[2026-05-18 18:26:30] No changes detected.
[2026-05-18 18:27:00] No changes detected.
[2026-05-18 18:27:30] No changes detected.
[2026-05-18 18:28:00] No changes detected.
[2026-05-18 18:28:31] No changes detected.
[2026-05-18 18:29:01] No changes detected.
[2026-05-18 18:29:31] No changes detected.
[2026-05-18 18:30:02] No changes detected.
[2026-05-18 18:30:32] No changes detected.
[2026-05-18 18:31:02] No changes detected.
[2026-05-18 18:31:32] No changes detected.
[2026-05-18 18:32:03] No changes detected.
[2026-05-18 18:32:33] No changes detected.
[2026-05-18 18:33:03] No changes detected.
[2026-05-18 18:33:33] No changes detected.
[2026-05-18 18:34:03] No changes detected.
[2026-05-18 18:34:33] No changes detected.
[2026-05-18 18:35:03] No changes detected.
[2026-05-18 18:35:34] No changes detected.
[2026-05-18 18:36:04] No changes detected.
[2026-05-18 18:36:34] No changes detected.
[2026-05-18 18:37:04] No changes detected.
[2026-05-18 18:37:34] No changes detected.
[2026-05-18 18:38:05] No changes detected.
[2026-05-18 18:38:35] No changes detected.
[2026-05-18 18:39:05] No changes detected.
[2026-05-18 18:39:35] No changes detected.
[2026-05-18 18:40:06] No changes detected.
[2026-05-18 18:40:36] No changes detected.
[2026-05-18 18:41:06] No changes detected.
[2026-05-18 18:41:37] No changes detected.
[2026-05-18 18:42:07] No changes detected.
[2026-05-18 18:42:37] No changes detected.
[2026-05-18 18:43:08] No changes detected.
[2026-05-18 18:43:38] No changes detected.
[2026-05-18 18:44:08] No changes detected.
[2026-05-18 18:44:38] No changes detected.
[2026-05-18 18:45:08] No changes detected.
[2026-05-18 18:45:38] No changes detected.
[2026-05-18 18:46:09] No changes detected.
[2026-05-18 18:46:39] No changes detected.
[2026-05-18 18:47:09] No changes detected.
[2026-05-18 18:47:40] No changes detected.
[2026-05-18 18:48:10] No changes detected.
[2026-05-18 18:48:40] No changes detected.
[2026-05-18 18:49:11] No changes detected.
[2026-05-18 18:49:41] No changes detected.
[2026-05-18 18:50:11] No changes detected.
[2026-05-18 18:50:41] No changes detected.
[2026-05-18 18:51:11] No changes detected.
[2026-05-18 18:51:41] No changes detected.
[2026-05-18 18:52:12] No changes detected.
[2026-05-18 18:52:42] No changes detected.
[2026-05-18 18:53:12] No changes detected.
[2026-05-18 18:53:42] No changes detected.
[2026-05-18 18:54:12] No changes detected.
[2026-05-18 18:54:43] No changes detected.
[2026-05-18 18:55:13] No changes detected.
[2026-05-18 18:55:43] No changes detected.
[2026-05-18 18:56:13] No changes detected.
[2026-05-18 18:56:43] No changes detected.
[2026-05-18 18:57:13] No changes detected.
[2026-05-18 18:57:44] No changes detected.
[2026-05-18 18:58:14] No changes detected.
[2026-05-18 18:58:44] No changes detected.
[2026-05-18 18:59:14] No changes detected.
[2026-05-18 18:59:44] No changes detected.
[2026-05-18 19:00:14] No changes detected.
[2026-05-18 19:00:45] No changes detected.
[2026-05-18 19:01:15] No changes detected.
[2026-05-18 19:01:45] No changes detected.
[2026-05-18 19:02:15] No changes detected.
[2026-05-18 19:02:45] No changes detected.
[2026-05-18 19:03:15] No changes detected.
[2026-05-18 19:03:45] No changes detected.
[2026-05-18 19:04:16] No changes detected.
[2026-05-18 19:04:46] No changes detected.
[2026-05-18 19:05:16] No changes detected.
[2026-05-18 19:05:46] No changes detected.
[2026-05-18 19:06:16] No changes detected.
[2026-05-18 19:06:46] No changes detected.
[2026-05-18 19:07:16] No changes detected.
[2026-05-18 19:07:47] No changes detected.
[2026-05-18 19:08:17] No changes detected.
[2026-05-18 19:08:47] No changes detected.
[2026-05-18 19:09:17] No changes detected.
[2026-05-18 19:09:47] No changes detected.
[2026-05-18 19:10:18] No changes detected.
[2026-05-18 19:10:48] No changes detected.
[2026-05-18 19:11:18] No changes detected.
[2026-05-18 19:11:48] No changes detected.
[2026-05-18 19:12:18] No changes detected.
[2026-05-18 19:12:48] No changes detected.
[2026-05-18 19:13:18] No changes detected.
[2026-05-18 19:13:49] No changes detected.
[2026-05-18 19:14:19] No changes detected.
[2026-05-18 19:14:49] No changes detected.
[2026-05-18 19:15:19] No changes detected.
[2026-05-18 19:15:49] No changes detected.
[2026-05-18 19:16:19] No changes detected.
[2026-05-18 19:16:50] No changes detected.
[2026-05-18 19:17:20] No changes detected.
[2026-05-18 19:17:50] No changes detected.
[2026-05-18 19:18:20] No changes detected.
[2026-05-18 19:18:50] No changes detected.
[2026-05-18 19:19:21] No changes detected.
[2026-05-18 19:19:51] No changes detected.
[2026-05-18 19:20:21] No changes detected.
[2026-05-18 19:20:51] No changes detected.
[2026-05-18 19:21:21] No changes detected.
[2026-05-18 19:21:52] No changes detected.
[2026-05-18 19:22:22] No changes detected.
[2026-05-18 19:22:52] No changes detected.
[2026-05-18 19:23:22] No changes detected.
[2026-05-18 19:23:53] No changes detected.
[2026-05-18 19:24:23] No changes detected.
[2026-05-18 19:24:53] No changes detected.
[2026-05-18 19:25:23] No changes detected.
[2026-05-18 19:25:53] No changes detected.
[2026-05-18 19:26:23] No changes detected.
[2026-05-18 19:26:53] No changes detected.
[2026-05-18 19:27:23] No changes detected.
[2026-05-18 19:27:54] No changes detected.
[2026-05-18 19:28:24] No changes detected.
[2026-05-18 19:28:54] No changes detected.
[2026-05-18 19:29:24] No changes detected.
[2026-05-18 19:29:54] No changes detected.
[2026-05-18 19:30:24] No changes detected.
[2026-05-18 19:30:55] No changes detected.
[2026-05-18 19:31:25] No changes detected.
[2026-05-18 19:31:55] No changes detected.
[2026-05-18 19:32:25] No changes detected.
[2026-05-18 19:32:55] No changes detected.
[2026-05-18 19:33:25] No changes detected.
[2026-05-18 19:33:55] No changes detected.
[2026-05-18 19:34:26] No changes detected.
[2026-05-18 19:34:56] No changes detected.
[2026-05-18 19:35:26] No changes detected.
[2026-05-18 19:35:56] No changes detected.
[2026-05-18 19:36:26] No changes detected.
[2026-05-18 19:36:57] No changes detected.
[2026-05-18 19:37:27] No changes detected.
[2026-05-18 19:37:57] No changes detected.
[2026-05-18 19:38:27] No changes detected.
[2026-05-18 19:38:57] No changes detected.
[2026-05-18 19:39:27] No changes detected.
[2026-05-18 19:39:58] No changes detected.
[2026-05-18 19:40:28] No changes detected.
[2026-05-18 19:40:58] No changes detected.
[2026-05-18 19:41:28] No changes detected.
[2026-05-18 19:41:58] No changes detected.
[2026-05-18 19:42:28] No changes detected.
[2026-05-18 19:42:59] No changes detected.
[2026-05-18 19:43:29] No changes detected.
[2026-05-18 19:43:59] No changes detected.
[2026-05-18 19:44:29] No changes detected.
[2026-05-18 19:44:59] No changes detected.
[2026-05-18 19:45:30] No changes detected.
[2026-05-18 19:46:00] No changes detected.
[2026-05-18 19:46:30] No changes detected.
[2026-05-18 19:47:00] No changes detected.
[2026-05-18 19:47:31] No changes detected.
[2026-05-18 19:48:01] No changes detected.
[2026-05-18 19:48:31] No changes detected.
[2026-05-18 19:51:28] No changes detected.
[2026-05-18 19:51:59] No changes detected.
[2026-05-18 19:52:29] No changes detected.
[2026-05-18 19:52:59] No changes detected.
[2026-05-18 19:53:29] No changes detected.
[2026-05-18 19:53:59] No changes detected.
[2026-05-18 19:54:29] No changes detected.
[2026-05-18 19:55:00] No changes detected.
[2026-05-18 19:55:30] No changes detected.
[2026-05-18 19:56:00] No changes detected.
[2026-05-18 19:56:30] No changes detected.
[2026-05-18 19:57:00] No changes detected.
[2026-05-18 19:57:31] No changes detected.
[2026-05-18 19:58:01] No changes detected.
[2026-05-18 19:58:31] No changes detected.
[2026-05-18 19:59:01] No changes detected.
[2026-05-18 19:59:31] No changes detected.
[2026-05-18 20:00:02] No changes detected.
[2026-05-18 20:00:32] No changes detected.
[2026-05-18 20:01:02] No changes detected.
[2026-05-18 20:01:33] No changes detected.
[2026-05-18 20:02:03] No changes detected.
[2026-05-18 20:02:33] No changes detected.
[2026-05-18 20:03:03] No changes detected.
[2026-05-18 20:03:33] No changes detected.
[2026-05-18 20:04:03] No changes detected.
[2026-05-18 20:04:34] No changes detected.
[2026-05-18 20:05:04] No changes detected.
[2026-05-18 20:05:34] No changes detected.
[2026-05-18 20:06:04] No changes detected.
[2026-05-18 20:06:34] No changes detected.
[2026-05-18 20:07:04] No changes detected.
[2026-05-18 20:07:34] No changes detected.
[2026-05-18 20:08:05] No changes detected.
[2026-05-18 20:08:35] No changes detected.
[2026-05-18 20:09:05] No changes detected.
[2026-05-18 20:09:35] No changes detected.
[2026-05-18 20:10:05] No changes detected.
[2026-05-18 20:10:35] No changes detected.
[2026-05-18 20:11:06] No changes detected.
[2026-05-18 20:11:36] No changes detected.
[2026-05-18 20:12:06] No changes detected.
[2026-05-18 20:12:36] No changes detected.
[2026-05-18 20:13:06] No changes detected.
[2026-05-18 20:13:36] No changes detected.
[2026-05-18 20:14:06] No changes detected.
[2026-05-18 20:14:37] No changes detected.
[2026-05-18 20:15:07] No changes detected.
[2026-05-18 20:15:37] No changes detected.
[2026-05-18 20:16:07] No changes detected.
[2026-05-18 20:16:37] No changes detected.
[2026-05-18 20:17:07] No changes detected.
[2026-05-18 20:17:38] No changes detected.
[2026-05-18 20:18:08] No changes detected.
[2026-05-18 20:18:38] No changes detected.
[2026-05-18 20:19:08] No changes detected.
[2026-05-18 20:19:38] No changes detected.
[2026-05-18 20:20:08] No changes detected.
[2026-05-18 20:20:39] No changes detected.
[2026-05-18 20:21:09] No changes detected.
[2026-05-18 20:21:39] No changes detected.
[2026-05-18 20:22:09] No changes detected.
[2026-05-18 20:22:39] No changes detected.
[2026-05-18 20:23:10] No changes detected.
[2026-05-18 20:23:40] No changes detected.
[2026-05-18 20:24:10] No changes detected.
[2026-05-18 20:24:40] No changes detected.
[2026-05-18 20:25:11] No changes detected.
[2026-05-18 20:25:41] No changes detected.
[2026-05-18 20:26:11] No changes detected.
[2026-05-18 20:26:41] No changes detected.
[2026-05-18 20:27:11] No changes detected.
[2026-05-18 20:27:41] No changes detected.
[2026-05-18 20:28:11] No changes detected.
[2026-05-18 20:28:42] No changes detected.
[2026-05-18 20:29:12] No changes detected.
[2026-05-18 20:29:42] No changes detected.
[2026-05-18 20:30:12] No changes detected.
[2026-05-18 20:30:42] No changes detected.
[2026-05-18 20:31:12] No changes detected.
[2026-05-18 20:31:43] No changes detected.
[2026-05-18 20:32:13] No changes detected.
[2026-05-18 20:32:43] No changes detected.
[2026-05-18 20:33:13] No changes detected.
[2026-05-18 20:33:43] No changes detected.
[2026-05-18 20:34:14] No changes detected.
[2026-05-18 20:34:44] No changes detected.
[2026-05-18 20:35:14] No changes detected.
[2026-05-18 20:35:45] No changes detected.
[2026-05-18 20:36:15] No changes detected.
[2026-05-18 20:36:45] No changes detected.
[2026-05-18 20:37:15] No changes detected.
[2026-05-18 20:37:45] No changes detected.
[2026-05-18 20:38:16] No changes detected.
[2026-05-18 20:38:46] No changes detected.
[2026-05-18 20:39:16] No changes detected.
[2026-05-18 20:39:46] No changes detected.
[2026-05-18 20:40:16] No changes detected.
[2026-05-18 20:40:46] No changes detected.
[2026-05-18 20:41:16] No changes detected.
[2026-05-18 20:41:47] No changes detected.
[2026-05-18 20:42:17] No changes detected.
[2026-05-18 20:42:47] No changes detected.
[2026-05-18 20:43:17] No changes detected.
[2026-05-18 20:43:47] No changes detected.
[2026-05-18 20:44:18] No changes detected.
[2026-05-18 20:44:48] No changes detected.
[2026-05-18 20:45:18] No changes detected.
[2026-05-18 20:45:48] No changes detected.
[2026-05-18 20:46:18] No changes detected.
[2026-05-18 20:46:49] No changes detected.
[2026-05-18 20:47:19] No changes detected.
[2026-05-18 20:47:49] No changes detected.
[2026-05-18 20:48:19] No changes detected.
[2026-05-18 20:48:49] No changes detected.
[2026-05-18 20:49:19] No changes detected.
[2026-05-18 20:49:50] No changes detected.
[2026-05-18 20:50:20] No changes detected.
[2026-05-18 20:50:50] No changes detected.
[2026-05-18 20:51:20] No changes detected.
[2026-05-18 20:51:50] No changes detected.
[2026-05-18 20:52:21] No changes detected.
[2026-05-18 20:52:51] No changes detected.
[2026-05-18 20:53:21] No changes detected.
[2026-05-18 20:53:51] No changes detected.
[2026-05-18 20:54:22] No changes detected.
[2026-05-18 20:54:52] No changes detected.
[2026-05-18 20:55:22] No changes detected.
[2026-05-18 20:55:52] No changes detected.
[2026-05-18 20:56:23] No changes detected.
[2026-05-18 20:56:53] No changes detected.
[2026-05-18 20:57:23] No changes detected.
[2026-05-18 20:57:53] No changes detected.
[2026-05-18 20:58:24] No changes detected.
[2026-05-18 20:58:54] No changes detected.
[2026-05-18 20:59:24] No changes detected.
[2026-05-18 20:59:54] No changes detected.
[2026-05-18 21:00:25] No changes detected.
[2026-05-18 21:00:55] No changes detected.
[2026-05-18 21:01:25] No changes detected.
[2026-05-18 21:01:55] No changes detected.
[2026-05-18 21:02:26] No changes detected.
[2026-05-18 21:02:56] No changes detected.
[2026-05-18 21:03:26] No changes detected.
[2026-05-18 21:03:56] No changes detected.
[2026-05-18 21:04:27] No changes detected.
[2026-05-18 21:04:57] No changes detected.
[2026-05-18 21:05:27] No changes detected.
[2026-05-18 21:05:57] No changes detected.
[2026-05-18 21:06:28] No changes detected.
[2026-05-18 21:06:58] No changes detected.
[2026-05-18 21:07:28] No changes detected.
[2026-05-18 21:07:58] No changes detected.
[2026-05-18 21:08:29] No changes detected.
[2026-05-18 21:08:59] No changes detected.
[2026-05-18 21:09:29] No changes detected.
[2026-05-18 21:09:59] No changes detected.
[2026-05-18 21:10:29] No changes detected.
[2026-05-18 21:11:00] No changes detected.
[2026-05-18 21:11:30] No changes detected.
[2026-05-18 21:12:00] No changes detected.
[2026-05-18 21:12:30] No changes detected.
[2026-05-18 21:13:00] No changes detected.
[2026-05-18 21:13:31] No changes detected.
[2026-05-18 21:14:01] No changes detected.
[2026-05-18 21:14:31] No changes detected.
[2026-05-18 21:15:01] No changes detected.
[2026-05-18 21:15:31] No changes detected.
[2026-05-18 21:16:02] No changes detected.
[2026-05-18 21:16:32] No changes detected.
[2026-05-18 21:17:02] No changes detected.
[2026-05-18 21:17:32] No changes detected.
[2026-05-18 21:18:03] No changes detected.
[2026-05-18 21:18:33] No changes detected.
[2026-05-18 21:19:03] No changes detected.
[2026-05-18 21:19:33] No changes detected.
[2026-05-18 21:20:04] No changes detected.
[2026-05-18 21:20:34] No changes detected.
[2026-05-18 21:21:04] No changes detected.
[2026-05-18 21:21:34] No changes detected.
[2026-05-18 21:22:04] No changes detected.
[2026-05-18 21:22:35] No changes detected.
[2026-05-18 21:23:05] No changes detected.
[2026-05-18 21:23:35] No changes detected.
[2026-05-18 21:24:05] No changes detected.
[2026-05-18 21:24:36] No changes detected.
[2026-05-18 21:25:06] No changes detected.
[2026-05-18 21:25:36] No changes detected.
[2026-05-18 21:26:06] No changes detected.
[2026-05-18 21:26:37] No changes detected.
[2026-05-18 21:27:07] No changes detected.
[2026-05-18 21:27:37] No changes detected.
[2026-05-18 21:28:07] No changes detected.
[2026-05-18 21:28:37] No changes detected.
[2026-05-18 21:29:08] No changes detected.
[2026-05-18 21:29:38] No changes detected.
[2026-05-18 21:30:08] No changes detected.
[2026-05-18 21:30:38] No changes detected.
[2026-05-18 21:31:09] No changes detected.
[2026-05-18 21:31:39] No changes detected.
[2026-05-18 21:32:09] No changes detected.
[2026-05-18 21:32:40] No changes detected.
[2026-05-18 21:33:10] No changes detected.
[2026-05-18 21:33:40] No changes detected.
[2026-05-18 21:34:10] No changes detected.
[2026-05-18 21:34:41] No changes detected.
[2026-05-18 21:35:11] No changes detected.
[2026-05-18 21:35:41] No changes detected.
[2026-05-18 21:36:11] No changes detected.
[2026-05-18 21:36:42] No changes detected.
[2026-05-18 21:37:12] No changes detected.
[2026-05-18 21:37:42] No changes detected.
[2026-05-18 21:38:12] No changes detected.
[2026-05-18 21:38:43] No changes detected.
[2026-05-18 21:39:13] No changes detected.
[2026-05-18 21:39:43] No changes detected.
[2026-05-18 21:40:13] No changes detected.
[2026-05-18 21:40:44] No changes detected.
[2026-05-18 21:41:14] No changes detected.
[2026-05-18 21:41:44] No changes detected.
[2026-05-18 21:42:14] No changes detected.
[2026-05-18 21:42:44] No changes detected.
[2026-05-18 21:43:15] No changes detected.
[2026-05-18 21:43:45] No changes detected.
[2026-05-18 21:44:15] No changes detected.
[2026-05-18 21:44:45] No changes detected.
[2026-05-18 21:45:16] No changes detected.
[2026-05-18 21:45:46] No changes detected.
[2026-05-18 21:46:16] No changes detected.
[2026-05-18 21:46:46] No changes detected.
[2026-05-18 21:47:16] No changes detected.
[2026-05-18 21:47:46] No changes detected.
[2026-05-18 21:48:16] No changes detected.
[2026-05-18 21:48:47] No changes detected.
[2026-05-18 21:49:17] No changes detected.
[2026-05-18 21:49:47] No changes detected.
[2026-05-18 21:50:17] No changes detected.
[2026-05-18 21:50:47] No changes detected.
[2026-05-18 21:51:18] No changes detected.
[2026-05-18 21:51:48] No changes detected.
[2026-05-18 21:52:18] No changes detected.
[2026-05-18 21:52:48] No changes detected.
[2026-05-18 22:11:51] No changes detected.
[2026-05-18 22:12:21] No changes detected.
[2026-05-18 22:14:20] No changes detected.
[2026-05-18 22:14:51] No changes detected.
[2026-05-18 22:15:22] No changes detected.
[2026-05-18 22:23:41] No changes detected.
[2026-05-18 22:24:11] No changes detected.
[2026-05-18 22:24:44] No changes detected.
[2026-05-18 22:30:23] No changes detected.
[2026-05-18 22:30:54] No changes detected.
[2026-05-18 22:44:29] No changes detected.
[2026-05-18 22:45:00] No changes detected.
[2026-05-18 22:45:30] No changes detected.
[2026-05-18 22:46:00] No changes detected.
[2026-05-18 22:50:11] No changes detected.
[2026-05-18 22:50:48] No changes detected.
[2026-05-18 22:51:18] No changes detected.
[2026-05-18 23:01:56] No changes detected.
[2026-05-18 23:02:27] No changes detected.
[2026-05-18 23:02:57] No changes detected.
[2026-05-18 23:03:27] No changes detected.
[2026-05-18 23:03:57] No changes detected.
[2026-05-18 23:04:27] No changes detected.
[2026-05-18 23:04:59] No changes detected.
[2026-05-18 23:05:29] No changes detected.
[2026-05-18 23:05:59] No changes detected.
[2026-05-18 23:06:29] No changes detected.
[2026-05-18 23:06:59] No changes detected.
[2026-05-18 23:07:30] No changes detected.
[2026-05-18 23:08:00] No changes detected.
[2026-05-18 23:08:30] No changes detected.
[2026-05-18 23:09:00] No changes detected.
[2026-05-18 23:09:30] No changes detected.
[2026-05-18 23:10:00] No changes detected.
[2026-05-18 23:10:31] No changes detected.
[2026-05-18 23:11:01] No changes detected.
[2026-05-18 23:11:31] No changes detected.
[2026-05-18 23:12:01] No changes detected.
[2026-05-18 23:12:31] No changes detected.
[2026-05-18 23:13:01] No changes detected.
[2026-05-18 23:13:32] No changes detected.
[2026-05-18 23:14:02] No changes detected.
[2026-05-18 23:14:32] No changes detected.
[2026-05-18 23:15:02] No changes detected.
[2026-05-18 23:15:32] No changes detected.
[2026-05-18 23:16:02] No changes detected.
[2026-05-18 23:16:32] No changes detected.
[2026-05-18 23:17:03] No changes detected.
[2026-05-18 23:17:33] No changes detected.
[2026-05-18 23:18:03] No changes detected.
[2026-05-18 23:18:33] No changes detected.
[2026-05-18 23:19:05] No changes detected.
[2026-05-18 23:19:36] No changes detected.
[2026-05-18 23:20:06] No changes detected.
[2026-05-18 23:20:37] No changes detected.
[2026-05-18 23:21:07] No changes detected.
[2026-05-18 23:21:37] No changes detected.
[2026-05-18 23:22:07] No changes detected.
[2026-05-18 23:22:37] No changes detected.
[2026-05-18 23:23:08] No changes detected.
[2026-05-18 23:23:38] No changes detected.
[2026-05-18 23:24:08] No changes detected.
[2026-05-18 23:24:38] No changes detected.
[2026-05-18 23:25:08] No changes detected.
[2026-05-18 23:25:39] No changes detected.
[2026-05-18 23:26:09] No changes detected.
[2026-05-18 23:26:39] No changes detected.
[2026-05-18 23:27:09] No changes detected.
[2026-05-18 23:27:39] No changes detected.
[2026-05-18 23:28:10] No changes detected.
[2026-05-18 23:28:40] No changes detected.
[2026-05-18 23:29:10] No changes detected.
[2026-05-18 23:29:41] No changes detected.
[2026-05-18 23:30:11] No changes detected.
[2026-05-18 23:30:41] No changes detected.
[2026-05-18 23:31:12] No changes detected.
[2026-05-18 23:31:42] No changes detected.
[2026-05-18 23:32:12] No changes detected.
[2026-05-18 23:32:42] No changes detected.
[2026-05-18 23:33:12] No changes detected.
[2026-05-18 23:33:43] No changes detected.
[2026-05-18 23:34:14] No changes detected.
[2026-05-18 23:34:44] No changes detected.
[2026-05-18 23:35:14] No changes detected.
[2026-05-18 23:35:44] No changes detected.
[2026-05-18 23:36:14] No changes detected.
[2026-05-18 23:36:45] No changes detected.
[2026-05-18 23:37:15] No changes detected.
[2026-05-18 23:37:45] No changes detected.
[2026-05-18 23:38:15] No changes detected.
[2026-05-18 23:38:45] No changes detected.
[2026-05-18 23:39:15] No changes detected.
[2026-05-18 23:39:46] No changes detected.
[2026-05-18 23:40:16] No changes detected.
[2026-05-18 23:40:46] No changes detected.
[2026-05-18 23:41:16] No changes detected.
[2026-05-18 23:41:46] No changes detected.
[2026-05-18 23:42:17] No changes detected.
[2026-05-18 23:42:47] No changes detected.
[2026-05-18 23:43:17] No changes detected.
[2026-05-18 23:43:47] No changes detected.
[2026-05-18 23:44:17] No changes detected.
[2026-05-18 23:44:47] No changes detected.
[2026-05-18 23:45:17] No changes detected.
[2026-05-18 23:45:47] No changes detected.
[2026-05-18 23:46:18] No changes detected.
[2026-05-18 23:46:48] No changes detected.
[2026-05-18 23:47:18] No changes detected.
[2026-05-18 23:47:48] No changes detected.
[2026-05-18 23:48:18] No changes detected.
[2026-05-18 23:48:48] No changes detected.
[2026-05-18 23:49:18] No changes detected.
[2026-05-18 23:49:49] No changes detected.
[2026-05-18 23:50:19] No changes detected.
[2026-05-18 23:50:49] No changes detected.
[2026-05-18 23:51:19] No changes detected.
[2026-05-18 23:51:49] No changes detected.
[2026-05-18 23:52:19] No changes detected.
[2026-05-18 23:52:50] No changes detected.
[2026-05-18 23:53:20] No changes detected.
[2026-05-18 23:53:50] No changes detected.
[2026-05-18 23:54:20] No changes detected.
[2026-05-18 23:54:50] No changes detected.
[2026-05-18 23:55:20] No changes detected.
[2026-05-18 23:55:51] No changes detected.
[2026-05-18 23:56:21] No changes detected.
[2026-05-18 23:56:51] No changes detected.
[2026-05-18 23:57:21] No changes detected.
[2026-05-18 23:57:51] No changes detected.
[2026-05-18 23:58:21] No changes detected.
[2026-05-18 23:58:52] No changes detected.
[2026-05-18 23:59:22] No changes detected.
[2026-05-18 23:59:52] No changes detected.
[2026-05-19 00:00:22] No changes detected.
[2026-05-19 00:00:53] No changes detected.
[2026-05-19 00:01:23] No changes detected.
[2026-05-19 00:01:53] No changes detected.
[2026-05-19 00:02:24] No changes detected.
[2026-05-19 00:02:54] No changes detected.
[2026-05-19 00:03:24] No changes detected.
[2026-05-19 00:03:54] No changes detected.
[2026-05-19 00:04:25] No changes detected.
[2026-05-19 00:04:55] No changes detected.
[2026-05-19 00:05:26] No changes detected.
[2026-05-19 00:05:56] No changes detected.
[2026-05-19 00:06:26] No changes detected.
[2026-05-19 00:06:57] No changes detected.
[2026-05-19 00:07:27] No changes detected.
[2026-05-19 00:07:57] No changes detected.
[2026-05-19 00:08:27] No changes detected.
[2026-05-19 00:08:58] No changes detected.
[2026-05-19 00:09:28] No changes detected.
[2026-05-19 00:09:58] No changes detected.
[2026-05-19 00:10:28] No changes detected.
[2026-05-19 00:10:59] No changes detected.
[2026-05-19 00:11:29] No changes detected.
[2026-05-19 00:11:59] No changes detected.
[2026-05-19 00:12:29] No changes detected.
[2026-05-19 00:12:59] No changes detected.
[2026-05-19 00:13:30] No changes detected.
[2026-05-19 00:14:00] No changes detected.
[2026-05-19 00:14:30] No changes detected.
[2026-05-19 00:15:01] No changes detected.
[2026-05-19 00:15:31] No changes detected.
[2026-05-19 00:16:02] No changes detected.
[2026-05-19 00:16:32] No changes detected.
[2026-05-19 00:17:02] No changes detected.
[2026-05-19 00:17:32] No changes detected.
[2026-05-19 00:18:03] No changes detected.
[2026-05-19 00:18:33] No changes detected.
[2026-05-19 00:19:03] No changes detected.
[2026-05-19 00:19:33] No changes detected.
[2026-05-19 00:20:03] No changes detected.
[2026-05-19 00:20:33] No changes detected.
[2026-05-19 00:21:04] No changes detected.
[2026-05-19 00:21:34] No changes detected.
[2026-05-19 00:22:04] No changes detected.
[2026-05-19 00:22:34] No changes detected.
[2026-05-19 00:23:04] No changes detected.
[2026-05-19 00:23:34] No changes detected.
[2026-05-19 00:24:04] No changes detected.
[2026-05-19 00:24:35] No changes detected.
[2026-05-19 00:25:05] No changes detected.
[2026-05-19 00:25:35] No changes detected.
[2026-05-19 00:26:05] No changes detected.
[2026-05-19 00:26:35] No changes detected.
[2026-05-19 00:27:06] No changes detected.
[2026-05-19 00:27:36] No changes detected.
[2026-05-19 00:28:06] No changes detected.
[2026-05-19 00:28:36] No changes detected.
[2026-05-19 00:29:06] No changes detected.
[2026-05-19 00:29:36] No changes detected.
[2026-05-19 00:30:06] No changes detected.
[2026-05-19 00:30:37] No changes detected.
[2026-05-19 00:31:07] No changes detected.
[2026-05-19 00:31:37] No changes detected.
[2026-05-19 00:32:08] No changes detected.
[2026-05-19 00:32:38] No changes detected.
[2026-05-19 00:33:08] No changes detected.
[2026-05-19 00:33:38] No changes detected.
[2026-05-19 00:34:08] No changes detected.
[2026-05-19 00:34:38] No changes detected.
[2026-05-19 00:35:08] No changes detected.
[2026-05-19 00:35:39] No changes detected.
[2026-05-19 00:36:09] No changes detected.
[2026-05-19 00:36:39] No changes detected.
[2026-05-19 00:37:09] No changes detected.
[2026-05-19 00:37:39] No changes detected.
[2026-05-19 00:38:09] No changes detected.
[2026-05-19 00:38:40] No changes detected.
[2026-05-19 00:39:10] No changes detected.
[2026-05-19 00:39:40] No changes detected.
[2026-05-19 00:40:10] No changes detected.
[2026-05-19 00:40:40] No changes detected.
[2026-05-19 00:41:10] No changes detected.
[2026-05-19 00:41:41] No changes detected.
[2026-05-19 00:42:11] No changes detected.
[2026-05-19 00:42:41] No changes detected.
[2026-05-19 00:43:11] No changes detected.
[2026-05-19 00:43:41] No changes detected.
[2026-05-19 00:44:11] No changes detected.
[2026-05-19 00:44:42] No changes detected.
[2026-05-19 00:45:12] No changes detected.
[2026-05-19 00:45:42] No changes detected.
[2026-05-19 00:46:12] No changes detected.
[2026-05-19 00:46:42] No changes detected.
[2026-05-19 00:47:12] No changes detected.
[2026-05-19 00:47:42] No changes detected.
[2026-05-19 00:48:13] No changes detected.
[2026-05-19 00:48:43] No changes detected.
[2026-05-19 00:49:13] No changes detected.
[2026-05-19 00:49:43] No changes detected.
[2026-05-19 00:50:13] No changes detected.
[2026-05-19 00:50:43] No changes detected.
[2026-05-19 00:51:14] No changes detected.
[2026-05-19 00:51:44] No changes detected.
[2026-05-19 00:52:14] No changes detected.
[2026-05-19 00:52:44] No changes detected.
[2026-05-19 00:53:14] No changes detected.
[2026-05-19 00:53:44] No changes detected.
[2026-05-19 00:54:14] No changes detected.
[2026-05-19 00:54:45] No changes detected.
[2026-05-19 00:55:15] No changes detected.
[2026-05-19 00:55:45] No changes detected.
[2026-05-19 00:56:15] No changes detected.
[2026-05-19 00:56:45] No changes detected.
[2026-05-19 00:57:15] No changes detected.
[2026-05-19 00:57:45] No changes detected.
[2026-05-19 00:58:16] No changes detected.
[2026-05-19 00:58:46] No changes detected.
[2026-05-19 00:59:16] No changes detected.
[2026-05-19 00:59:46] No changes detected.
[2026-05-19 01:00:16] No changes detected.
[2026-05-19 01:00:46] No changes detected.
[2026-05-19 01:01:17] No changes detected.
[2026-05-19 01:01:47] No changes detected.
[2026-05-19 01:02:17] No changes detected.
[2026-05-19 01:02:47] No changes detected.
[2026-05-19 01:03:17] No changes detected.
[2026-05-19 01:03:48] No changes detected.
[2026-05-19 01:04:18] No changes detected.
[2026-05-19 01:04:48] No changes detected.
[2026-05-19 01:05:18] No changes detected.
[2026-05-19 01:05:48] No changes detected.
[2026-05-19 01:06:19] No changes detected.
[2026-05-19 01:06:49] No changes detected.
[2026-05-19 01:07:19] No changes detected.
[2026-05-19 01:07:49] No changes detected.
[2026-05-19 01:08:19] No changes detected.
[2026-05-19 01:08:49] No changes detected.
[2026-05-19 01:09:19] No changes detected.
[2026-05-19 01:09:49] No changes detected.
[2026-05-19 01:10:20] No changes detected.
[2026-05-19 01:10:50] No changes detected.
[2026-05-19 01:11:20] No changes detected.
[2026-05-19 01:11:50] No changes detected.
[2026-05-19 01:12:20] No changes detected.
[2026-05-19 01:12:51] No changes detected.
[2026-05-19 01:13:21] No changes detected.
[2026-05-19 01:13:51] No changes detected.
[2026-05-19 01:14:21] No changes detected.
[2026-05-19 01:14:51] No changes detected.
[2026-05-19 01:15:22] No changes detected.
[2026-05-19 01:15:52] No changes detected.
[2026-05-19 01:16:22] No changes detected.
[2026-05-19 01:16:52] No changes detected.
[2026-05-19 01:17:22] No changes detected.
[2026-05-19 01:17:52] No changes detected.
[2026-05-19 01:18:23] No changes detected.
[2026-05-19 01:18:53] No changes detected.
[2026-05-19 01:19:23] No changes detected.
[2026-05-19 01:19:53] No changes detected.
[2026-05-19 01:20:24] No changes detected.
[2026-05-19 01:20:54] No changes detected.
[2026-05-19 01:21:24] No changes detected.
[2026-05-19 01:21:54] No changes detected.
[2026-05-19 01:22:24] No changes detected.
[2026-05-19 01:22:54] No changes detected.
[2026-05-19 01:23:25] No changes detected.
[2026-05-19 01:23:55] No changes detected.
[2026-05-19 01:24:25] No changes detected.
[2026-05-19 01:24:55] No changes detected.
[2026-05-19 01:25:25] No changes detected.
[2026-05-19 01:25:55] No changes detected.
[2026-05-19 01:26:26] No changes detected.
[2026-05-19 01:26:56] No changes detected.
[2026-05-19 01:27:26] No changes detected.
[2026-05-19 01:27:56] No changes detected.
[2026-05-19 01:28:27] No changes detected.
[2026-05-19 01:28:57] No changes detected.
[2026-05-19 01:29:27] No changes detected.
[2026-05-19 01:29:58] No changes detected.
[2026-05-19 01:30:28] No changes detected.
[2026-05-19 01:30:58] No changes detected.
[2026-05-19 01:31:29] No changes detected.
[2026-05-19 01:31:59] No changes detected.
[2026-05-19 01:32:29] No changes detected.
[2026-05-19 01:32:59] No changes detected.
[2026-05-19 01:33:30] No changes detected.
[2026-05-19 01:34:00] No changes detected.
[2026-05-19 01:34:30] No changes detected.
[2026-05-19 01:35:00] No changes detected.
[2026-05-19 01:35:31] No changes detected.
[2026-05-19 01:36:01] No changes detected.
[2026-05-19 01:36:31] No changes detected.
[2026-05-19 01:37:01] No changes detected.
[2026-05-19 01:37:31] No changes detected.
[2026-05-19 01:38:02] No changes detected.
[2026-05-19 01:38:32] No changes detected.
[2026-05-19 01:39:03] No changes detected.
[2026-05-19 01:39:34] No changes detected.
[2026-05-19 01:40:04] No changes detected.
[2026-05-19 01:40:34] No changes detected.
[2026-05-19 01:41:04] No changes detected.
[2026-05-19 01:41:35] No changes detected.
[2026-05-19 01:42:05] No changes detected.
[2026-05-19 01:42:35] No changes detected.
[2026-05-19 01:43:05] No changes detected.
[2026-05-19 01:43:35] No changes detected.
[2026-05-19 01:44:05] No changes detected.
[2026-05-19 01:44:36] No changes detected.
[2026-05-19 01:45:06] No changes detected.
[2026-05-19 01:45:36] No changes detected.
[2026-05-19 01:46:06] No changes detected.
[2026-05-19 01:46:36] No changes detected.
[2026-05-19 01:47:06] No changes detected.
[2026-05-19 01:47:36] No changes detected.
[2026-05-19 01:48:07] No changes detected.
[2026-05-19 01:48:37] No changes detected.
[2026-05-19 01:49:07] No changes detected.
[2026-05-19 01:49:37] No changes detected.
[2026-05-19 01:50:07] No changes detected.
[2026-05-19 01:50:38] No changes detected.
[2026-05-19 01:51:08] No changes detected.
[2026-05-19 01:51:38] No changes detected.
[2026-05-19 01:52:08] No changes detected.
[2026-05-19 01:52:39] No changes detected.
[2026-05-19 01:53:09] No changes detected.
[2026-05-19 01:53:39] No changes detected.
[2026-05-19 01:54:09] No changes detected.
[2026-05-19 01:54:39] No changes detected.
[2026-05-19 01:55:10] No changes detected.
[2026-05-19 01:55:40] No changes detected.
[2026-05-19 01:56:10] No changes detected.
[2026-05-19 01:56:40] No changes detected.
[2026-05-19 01:57:11] No changes detected.
[2026-05-19 01:57:41] No changes detected.
[2026-05-19 01:58:11] No changes detected.
[2026-05-19 01:58:43] No changes detected.
[2026-05-19 01:59:13] No changes detected.
[2026-05-19 01:59:43] No changes detected.
[2026-05-19 02:00:13] No changes detected.
[2026-05-19 02:00:44] No changes detected.
[2026-05-19 02:01:14] No changes detected.
[2026-05-19 02:01:44] No changes detected.
[2026-05-19 02:02:15] No changes detected.
[2026-05-19 02:02:45] No changes detected.
[2026-05-19 02:03:15] No changes detected.
[2026-05-19 02:03:45] No changes detected.
[2026-05-19 02:04:16] No changes detected.
[2026-05-19 02:04:46] No changes detected.
[2026-05-19 02:05:16] No changes detected.
[2026-05-19 02:05:46] No changes detected.
[2026-05-19 02:06:16] No changes detected.
[2026-05-19 02:06:46] No changes detected.
[2026-05-19 02:07:16] No changes detected.
[2026-05-19 02:07:47] No changes detected.
[2026-05-19 02:08:17] No changes detected.
[2026-05-19 02:08:47] No changes detected.
[2026-05-19 02:09:17] No changes detected.
[2026-05-19 02:09:47] No changes detected.
[2026-05-19 02:10:18] No changes detected.
[2026-05-19 02:10:48] No changes detected.
[2026-05-19 02:11:18] No changes detected.
[2026-05-19 02:11:48] No changes detected.
[2026-05-19 02:12:18] No changes detected.
[2026-05-19 02:12:48] No changes detected.
[2026-05-19 02:13:19] No changes detected.
[2026-05-19 02:13:49] No changes detected.
[2026-05-19 02:14:24] No changes detected.
[2026-05-19 02:14:55] No changes detected.
[2026-05-19 02:15:25] No changes detected.
[2026-05-19 02:15:56] No changes detected.
[2026-05-19 02:16:26] No changes detected.
[2026-05-19 02:16:56] No changes detected.
[2026-05-19 02:17:27] No changes detected.
[2026-05-19 02:17:57] No changes detected.
[2026-05-19 02:18:27] No changes detected.
[2026-05-19 02:18:57] No changes detected.
[2026-05-19 02:19:27] No changes detected.
[2026-05-19 02:19:57] No changes detected.
[2026-05-19 02:20:28] No changes detected.
[2026-05-19 02:20:58] No changes detected.
[2026-05-19 02:21:28] No changes detected.
[2026-05-19 02:21:58] No changes detected.
[2026-05-19 02:22:29] No changes detected.
[2026-05-19 02:22:59] No changes detected.
[2026-05-19 02:23:29] No changes detected.
[2026-05-19 02:23:59] No changes detected.
[2026-05-19 02:24:29] No changes detected.
[2026-05-19 02:24:59] No changes detected.
[2026-05-19 02:25:30] No changes detected.
[2026-05-19 02:26:00] No changes detected.
[2026-05-19 02:26:30] No changes detected.
[2026-05-19 02:27:00] No changes detected.
[2026-05-19 02:27:31] No changes detected.
[2026-05-19 02:28:01] No changes detected.
[2026-05-19 02:28:32] No changes detected.
[2026-05-19 02:29:02] No changes detected.
[2026-05-19 02:29:33] No changes detected.
[2026-05-19 02:30:03] No changes detected.
[2026-05-19 02:30:33] No changes detected.
[2026-05-19 02:31:04] No changes detected.
[2026-05-19 02:31:34] No changes detected.
[2026-05-19 02:32:04] No changes detected.
[2026-05-19 02:32:34] No changes detected.
[2026-05-19 02:33:05] No changes detected.
[2026-05-19 02:33:35] No changes detected.
[2026-05-19 02:34:05] No changes detected.
[2026-05-19 02:34:35] No changes detected.
[2026-05-19 02:35:05] No changes detected.
[2026-05-19 02:35:36] No changes detected.
[2026-05-19 02:36:06] No changes detected.
[2026-05-19 02:36:36] No changes detected.
[2026-05-19 02:37:06] No changes detected.
[2026-05-19 02:37:36] No changes detected.
[2026-05-19 02:38:06] No changes detected.
[2026-05-19 02:38:37] No changes detected.
[2026-05-19 02:39:07] No changes detected.
[2026-05-19 02:39:37] No changes detected.
[2026-05-19 02:40:07] No changes detected.
[2026-05-19 02:40:37] No changes detected.
[2026-05-19 02:41:07] No changes detected.
[2026-05-19 02:41:38] No changes detected.
[2026-05-19 02:42:08] No changes detected.
[2026-05-19 02:42:38] No changes detected.
[2026-05-19 02:43:09] No changes detected.
[2026-05-19 02:43:39] No changes detected.
[2026-05-19 02:44:09] No changes detected.
[2026-05-19 02:44:39] No changes detected.
[2026-05-19 02:45:09] No changes detected.
[2026-05-19 02:45:40] No changes detected.
[2026-05-19 02:46:10] No changes detected.
[2026-05-19 02:46:40] No changes detected.
[2026-05-19 02:47:10] No changes detected.
[2026-05-19 02:47:40] No changes detected.
[2026-05-19 02:48:10] No changes detected.
[2026-05-19 02:48:41] No changes detected.
[2026-05-19 02:49:11] No changes detected.
[2026-05-19 02:49:41] No changes detected.
[2026-05-19 02:50:11] No changes detected.
[2026-05-19 02:50:42] No changes detected.
[2026-05-19 02:51:12] No changes detected.
[2026-05-19 02:51:42] No changes detected.
[2026-05-19 02:52:12] No changes detected.
[2026-05-19 02:52:42] No changes detected.
[2026-05-19 02:53:13] No changes detected.
[2026-05-19 02:53:43] No changes detected.
[2026-05-19 02:54:13] No changes detected.
[2026-05-19 02:54:43] No changes detected.
[2026-05-19 02:55:13] No changes detected.
[2026-05-19 02:55:43] No changes detected.
[2026-05-19 02:56:14] No changes detected.
[2026-05-19 02:56:44] No changes detected.
[2026-05-19 02:57:14] No changes detected.
[2026-05-19 02:57:44] No changes detected.
[2026-05-19 02:58:15] No changes detected.
[2026-05-19 02:58:47] No changes detected.
[2026-05-19 02:59:17] No changes detected.
[2026-05-19 02:59:47] No changes detected.
[2026-05-19 03:00:18] No changes detected.
[2026-05-19 03:00:48] No changes detected.
[2026-05-19 03:01:18] No changes detected.
[2026-05-19 03:01:48] No changes detected.
[2026-05-19 03:02:18] No changes detected.
[2026-05-19 03:02:48] No changes detected.
[2026-05-19 03:03:19] No changes detected.
[2026-05-19 03:03:49] No changes detected.
[2026-05-19 03:04:19] No changes detected.
[2026-05-19 03:04:50] No changes detected.
[2026-05-19 03:05:20] No changes detected.
[2026-05-19 03:05:50] No changes detected.
[2026-05-19 03:06:20] No changes detected.
[2026-05-19 03:06:51] No changes detected.
[2026-05-19 03:07:21] No changes detected.
[2026-05-19 03:07:51] No changes detected.
[2026-05-19 03:08:21] No changes detected.
[2026-05-19 03:08:51] No changes detected.
[2026-05-19 03:09:21] No changes detected.
[2026-05-19 03:09:51] No changes detected.
[2026-05-19 03:10:22] No changes detected.
[2026-05-19 03:10:52] No changes detected.
[2026-05-19 03:11:22] No changes detected.
[2026-05-19 03:11:52] No changes detected.
[2026-05-19 03:12:22] No changes detected.
[2026-05-19 03:12:52] No changes detected.
[2026-05-19 03:13:23] No changes detected.
[2026-05-19 03:13:53] No changes detected.
[2026-05-19 03:14:23] No changes detected.
[2026-05-19 03:14:53] No changes detected.
[2026-05-19 03:15:23] No changes detected.
[2026-05-19 03:15:53] No changes detected.
[2026-05-19 03:16:24] No changes detected.
[2026-05-19 03:16:54] No changes detected.
[2026-05-19 03:17:24] No changes detected.
[2026-05-19 03:17:54] No changes detected.
[2026-05-19 03:18:24] No changes detected.
[2026-05-19 03:18:54] No changes detected.
[2026-05-19 03:19:25] No changes detected.
[2026-05-19 03:19:55] No changes detected.
[2026-05-19 03:20:25] No changes detected.
[2026-05-19 03:20:55] No changes detected.
[2026-05-19 03:21:25] No changes detected.
[2026-05-19 03:21:55] No changes detected.
[2026-05-19 03:22:25] No changes detected.
[2026-05-19 03:22:55] No changes detected.
[2026-05-19 03:23:26] No changes detected.
[2026-05-19 03:23:56] No changes detected.
[2026-05-19 03:24:26] No changes detected.
[2026-05-19 03:24:56] No changes detected.
[2026-05-19 03:25:26] No changes detected.
[2026-05-19 03:25:56] No changes detected.
[2026-05-19 03:26:26] No changes detected.
[2026-05-19 03:26:57] No changes detected.
[2026-05-19 03:27:27] No changes detected.
[2026-05-19 03:27:58] No changes detected.
[2026-05-19 03:28:28] No changes detected.
[2026-05-19 03:28:58] No changes detected.
[2026-05-19 03:29:28] No changes detected.
[2026-05-19 03:29:58] No changes detected.
[2026-05-19 03:30:29] No changes detected.
[2026-05-19 03:30:59] No changes detected.
[2026-05-19 03:31:29] No changes detected.
[2026-05-19 03:31:59] No changes detected.
[2026-05-19 03:32:29] No changes detected.
[2026-05-19 03:32:59] No changes detected.
[2026-05-19 03:33:29] No changes detected.
[2026-05-19 03:34:00] No changes detected.
[2026-05-19 03:34:30] No changes detected.
[2026-05-19 03:35:00] No changes detected.
[2026-05-19 03:35:30] No changes detected.
[2026-05-19 03:36:00] No changes detected.
[2026-05-19 03:36:30] No changes detected.
[2026-05-19 03:37:00] No changes detected.
[2026-05-19 03:37:31] No changes detected.
[2026-05-19 03:38:01] No changes detected.
[2026-05-19 03:38:31] No changes detected.
[2026-05-19 03:39:01] No changes detected.
[2026-05-19 03:39:31] No changes detected.
[2026-05-19 03:40:01] No changes detected.
[2026-05-19 03:40:32] No changes detected.
[2026-05-19 03:41:02] No changes detected.
[2026-05-19 03:41:32] No changes detected.
[2026-05-19 03:42:02] No changes detected.
[2026-05-19 03:42:32] No changes detected.
[2026-05-19 03:43:02] No changes detected.
[2026-05-19 03:43:33] No changes detected.
[2026-05-19 03:44:03] No changes detected.
[2026-05-19 03:44:33] No changes detected.
[2026-05-19 03:45:03] No changes detected.
[2026-05-19 03:45:33] No changes detected.
[2026-05-19 03:46:03] No changes detected.
[2026-05-19 03:46:34] No changes detected.
[2026-05-19 03:48:38] No changes detected.
[2026-05-19 03:49:09] No changes detected.
[2026-05-19 04:04:36] No changes detected.
[2026-05-19 04:05:06] No changes detected.
[2026-05-19 04:05:37] No changes detected.
[2026-05-19 04:06:07] No changes detected.
[2026-05-19 04:06:38] No changes detected.
[2026-05-19 04:07:08] No changes detected.
[2026-05-19 04:07:38] No changes detected.
[2026-05-19 04:08:08] No changes detected.
[2026-05-19 04:08:38] No changes detected.
[2026-05-19 04:09:08] No changes detected.
[2026-05-19 04:09:38] No changes detected.
[2026-05-19 04:10:09] No changes detected.
[2026-05-19 04:10:39] No changes detected.
[2026-05-19 04:11:09] No changes detected.
[2026-05-19 04:11:39] No changes detected.
[2026-05-19 04:12:10] No changes detected.
[2026-05-19 04:12:40] No changes detected.
[2026-05-19 04:13:10] No changes detected.
[2026-05-19 04:13:40] No changes detected.
[2026-05-19 04:14:10] No changes detected.
[2026-05-19 04:14:41] No changes detected.
[2026-05-19 04:15:11] No changes detected.
[2026-05-19 04:15:41] No changes detected.
[2026-05-19 04:16:11] No changes detected.
[2026-05-19 04:16:42] No changes detected.
[2026-05-19 04:17:12] No changes detected.
[2026-05-19 04:17:42] No changes detected.
[2026-05-19 04:18:12] No changes detected.
[2026-05-19 04:18:42] No changes detected.
[2026-05-19 04:19:13] No changes detected.
[2026-05-19 04:19:43] No changes detected.
[2026-05-19 04:20:13] No changes detected.
[2026-05-19 04:20:43] No changes detected.
[2026-05-19 04:21:13] No changes detected.
[2026-05-19 04:21:44] No changes detected.
[2026-05-19 04:22:14] No changes detected.
[2026-05-19 04:22:44] No changes detected.
[2026-05-19 04:23:14] No changes detected.
[2026-05-19 04:23:44] No changes detected.
[2026-05-19 04:24:15] No changes detected.
[2026-05-19 04:24:45] No changes detected.
[2026-05-19 04:25:15] No changes detected.
[2026-05-19 04:25:45] No changes detected.
[2026-05-19 04:26:15] No changes detected.
[2026-05-19 04:26:46] No changes detected.
[2026-05-19 04:27:16] No changes detected.
[2026-05-19 04:27:46] No changes detected.
[2026-05-19 04:28:16] No changes detected.
[2026-05-19 04:28:47] No changes detected.
[2026-05-19 04:29:17] No changes detected.
[2026-05-19 04:29:47] No changes detected.
[2026-05-19 04:30:17] No changes detected.
[2026-05-19 04:30:48] No changes detected.
[2026-05-19 04:31:18] No changes detected.
[2026-05-19 04:31:48] No changes detected.
[2026-05-19 04:32:18] No changes detected.
[2026-05-19 04:32:48] No changes detected.
[2026-05-19 04:33:19] No changes detected.
[2026-05-19 04:33:49] No changes detected.
[2026-05-19 04:34:19] No changes detected.
[2026-05-19 04:34:49] No changes detected.
[2026-05-19 04:35:20] No changes detected.
[2026-05-19 04:35:50] No changes detected.
[2026-05-19 04:36:20] No changes detected.
[2026-05-19 04:36:50] No changes detected.
[2026-05-19 04:37:20] No changes detected.
[2026-05-19 04:37:50] No changes detected.
[2026-05-19 04:38:21] No changes detected.
[2026-05-19 04:38:51] No changes detected.
[2026-05-19 04:39:21] No changes detected.
[2026-05-19 04:39:51] No changes detected.
[2026-05-19 04:40:22] No changes detected.
[2026-05-19 04:40:52] No changes detected.
[2026-05-19 04:41:22] No changes detected.
[2026-05-19 04:41:52] No changes detected.
[2026-05-19 04:42:22] No changes detected.
[2026-05-19 04:42:53] No changes detected.
[2026-05-19 04:43:23] No changes detected.
[2026-05-19 04:43:53] No changes detected.
[2026-05-19 04:44:23] No changes detected.
[2026-05-19 04:44:54] No changes detected.
[2026-05-19 04:45:24] No changes detected.
[2026-05-19 04:45:54] No changes detected.
[2026-05-19 04:46:24] No changes detected.
[2026-05-19 04:46:54] No changes detected.
[2026-05-19 04:47:25] No changes detected.
[2026-05-19 04:47:55] No changes detected.
[2026-05-19 04:48:25] No changes detected.
[2026-05-19 04:48:55] No changes detected.
[2026-05-19 04:49:25] No changes detected.
[2026-05-19 04:49:55] No changes detected.
[2026-05-19 04:50:26] No changes detected.
[2026-05-19 04:50:56] No changes detected.
[2026-05-19 04:51:26] No changes detected.
[2026-05-19 04:51:57] No changes detected.
[2026-05-19 04:52:27] No changes detected.
[2026-05-19 04:52:57] No changes detected.
[2026-05-19 04:53:27] No changes detected.
[2026-05-19 04:53:57] No changes detected.
[2026-05-19 04:54:27] No changes detected.
[2026-05-19 04:54:58] No changes detected.
[2026-05-19 04:55:28] No changes detected.
[2026-05-19 04:55:58] No changes detected.
[2026-05-19 04:56:28] No changes detected.
[2026-05-19 04:56:58] No changes detected.
[2026-05-19 04:57:29] No changes detected.
[2026-05-19 04:57:59] No changes detected.
[2026-05-19 04:58:29] No changes detected.
[2026-05-19 04:58:59] No changes detected.
[2026-05-19 04:59:29] No changes detected.
[2026-05-19 05:00:00] No changes detected.
[2026-05-19 05:00:30] No changes detected.
[2026-05-19 05:01:00] No changes detected.
[2026-05-19 05:01:30] No changes detected.
[2026-05-19 05:02:01] No changes detected.
[2026-05-19 05:02:31] No changes detected.
[2026-05-19 05:03:01] No changes detected.
[2026-05-19 05:03:31] No changes detected.
[2026-05-19 05:04:02] No changes detected.
[2026-05-19 05:04:32] No changes detected.
[2026-05-19 05:05:02] No changes detected.
[2026-05-19 05:05:32] No changes detected.
[2026-05-19 05:06:02] No changes detected.
[2026-05-19 05:06:33] No changes detected.
[2026-05-19 05:07:03] No changes detected.
[2026-05-19 05:07:33] No changes detected.
[2026-05-19 05:08:03] No changes detected.
[2026-05-19 05:08:34] No changes detected.
[2026-05-19 05:09:04] No changes detected.
[2026-05-19 05:09:34] No changes detected.
[2026-05-19 05:10:04] No changes detected.
[2026-05-19 05:10:35] No changes detected.
[2026-05-19 05:11:05] No changes detected.
[2026-05-19 05:11:35] No changes detected.
[2026-05-19 05:12:05] No changes detected.
[2026-05-19 05:12:36] No changes detected.
[2026-05-19 05:13:06] No changes detected.
[2026-05-19 05:13:36] No changes detected.
[2026-05-19 05:14:06] No changes detected.
[2026-05-19 05:14:37] No changes detected.
[2026-05-19 05:15:07] No changes detected.
[2026-05-19 05:15:37] No changes detected.
[2026-05-19 05:16:07] No changes detected.
[2026-05-19 05:16:37] No changes detected.
[2026-05-19 05:17:08] No changes detected.
[2026-05-19 05:17:38] No changes detected.
[2026-05-19 05:18:08] No changes detected.
[2026-05-19 05:18:38] No changes detected.
[2026-05-19 05:19:08] No changes detected.
[2026-05-19 05:19:39] No changes detected.
[2026-05-19 05:20:09] No changes detected.
[2026-05-19 05:20:39] No changes detected.
[2026-05-19 05:21:09] No changes detected.
[2026-05-19 05:21:40] No changes detected.
[2026-05-19 05:22:10] No changes detected.
[2026-05-19 05:22:40] No changes detected.
[2026-05-19 05:23:10] No changes detected.
[2026-05-19 05:23:41] No changes detected.
[2026-05-19 05:24:11] No changes detected.
[2026-05-19 05:24:41] No changes detected.
[2026-05-19 05:25:11] No changes detected.
[2026-05-19 05:25:42] No changes detected.
[2026-05-19 05:26:12] No changes detected.
[2026-05-19 05:26:42] No changes detected.
[2026-05-19 05:27:12] No changes detected.
[2026-05-19 05:27:43] No changes detected.
[2026-05-19 05:28:13] No changes detected.
[2026-05-19 05:28:43] No changes detected.
[2026-05-19 05:29:13] No changes detected.
[2026-05-19 05:29:44] No changes detected.
[2026-05-19 05:30:14] No changes detected.
[2026-05-19 05:30:44] No changes detected.
[2026-05-19 05:31:14] No changes detected.
[2026-05-19 05:31:45] No changes detected.
[2026-05-19 05:32:15] No changes detected.
[2026-05-19 05:32:45] No changes detected.
[2026-05-19 05:33:15] No changes detected.
[2026-05-19 05:33:45] No changes detected.
[2026-05-19 05:34:16] No changes detected.
[2026-05-19 05:34:46] No changes detected.
[2026-05-19 05:35:16] No changes detected.
[2026-05-19 05:35:46] No changes detected.
[2026-05-19 05:36:16] No changes detected.
[2026-05-19 05:36:47] No changes detected.
[2026-05-19 05:37:17] No changes detected.
[2026-05-19 05:37:47] No changes detected.
[2026-05-19 05:38:17] No changes detected.
[2026-05-19 05:38:48] No changes detected.
[2026-05-19 05:39:18] No changes detected.
[2026-05-19 05:39:48] No changes detected.
[2026-05-19 05:40:18] No changes detected.
[2026-05-19 05:40:49] No changes detected.
[2026-05-19 05:41:19] No changes detected.
[2026-05-19 05:41:49] No changes detected.
[2026-05-19 05:42:19] No changes detected.
[2026-05-19 05:42:49] No changes detected.
[2026-05-19 05:43:19] No changes detected.
[2026-05-19 05:43:50] No changes detected.
[2026-05-19 05:44:20] No changes detected.
[2026-05-19 05:44:50] No changes detected.
[2026-05-19 05:45:20] No changes detected.
[2026-05-19 05:45:51] No changes detected.
[2026-05-19 05:46:21] No changes detected.
[2026-05-19 05:46:51] No changes detected.
[2026-05-19 05:47:21] No changes detected.
[2026-05-19 05:47:52] No changes detected.
[2026-05-19 05:48:22] No changes detected.
[2026-05-19 05:48:52] No changes detected.
[2026-05-19 05:49:22] No changes detected.
[2026-05-19 05:49:53] No changes detected.
[2026-05-19 05:50:23] No changes detected.
[2026-05-19 05:50:53] No changes detected.
[2026-05-19 05:51:23] No changes detected.
[2026-05-19 05:51:53] No changes detected.
[2026-05-19 05:52:24] No changes detected.
[2026-05-19 05:52:54] No changes detected.
[2026-05-19 05:53:24] No changes detected.
[2026-05-19 05:53:54] No changes detected.
[2026-05-19 05:54:25] No changes detected.
[2026-05-19 05:54:55] No changes detected.
[2026-05-19 05:55:25] No changes detected.
[2026-05-19 05:55:55] No changes detected.
[2026-05-19 05:56:25] No changes detected.
[2026-05-19 05:56:55] No changes detected.
[2026-05-19 05:57:26] No changes detected.
[2026-05-19 05:57:56] No changes detected.
[2026-05-19 05:58:26] No changes detected.
[2026-05-19 05:58:56] No changes detected.
[2026-05-19 05:59:26] No changes detected.
[2026-05-19 05:59:57] No changes detected.
[2026-05-19 06:00:27] No changes detected.
[2026-05-19 06:00:57] No changes detected.
[2026-05-19 06:01:27] No changes detected.
[2026-05-19 06:01:57] No changes detected.
[2026-05-19 06:02:28] No changes detected.
[2026-05-19 06:02:58] No changes detected.
[2026-05-19 06:03:28] No changes detected.
[2026-05-19 06:03:58] No changes detected.
[2026-05-19 06:04:29] No changes detected.
[2026-05-19 06:04:59] No changes detected.
[2026-05-19 06:05:29] No changes detected.
[2026-05-19 06:05:59] No changes detected.
[2026-05-19 06:06:29] No changes detected.
[2026-05-19 06:07:00] No changes detected.
[2026-05-19 06:07:30] No changes detected.
[2026-05-19 06:08:00] No changes detected.
[2026-05-19 06:08:30] No changes detected.
[2026-05-19 06:09:00] No changes detected.
[2026-05-19 06:09:31] No changes detected.
[2026-05-19 06:10:01] No changes detected.
[2026-05-19 06:10:31] No changes detected.
[2026-05-19 06:11:01] No changes detected.
[2026-05-19 06:11:32] No changes detected.
[2026-05-19 06:12:02] No changes detected.
[2026-05-19 06:12:32] No changes detected.
[2026-05-19 06:13:02] No changes detected.
[2026-05-19 06:13:33] No changes detected.
[2026-05-19 06:14:03] No changes detected.
[2026-05-19 06:14:33] No changes detected.
[2026-05-19 06:15:03] No changes detected.
[2026-05-19 06:15:34] No changes detected.
[2026-05-19 06:16:04] No changes detected.
[2026-05-19 06:16:34] No changes detected.
[2026-05-19 06:17:04] No changes detected.
[2026-05-19 06:17:34] No changes detected.
[2026-05-19 06:18:05] No changes detected.
[2026-05-19 06:18:35] No changes detected.
[2026-05-19 06:19:05] No changes detected.
[2026-05-19 06:19:35] No changes detected.
[2026-05-19 06:20:06] No changes detected.
[2026-05-19 06:20:36] No changes detected.
[2026-05-19 06:21:06] No changes detected.
[2026-05-19 06:21:36] No changes detected.
[2026-05-19 06:22:07] No changes detected.
[2026-05-19 06:22:37] No changes detected.
[2026-05-19 06:23:07] No changes detected.
[2026-05-19 06:23:37] No changes detected.
[2026-05-19 06:24:08] No changes detected.
[2026-05-19 06:24:38] No changes detected.
[2026-05-19 06:25:08] No changes detected.
[2026-05-19 06:25:38] No changes detected.
[2026-05-19 06:26:09] No changes detected.
[2026-05-19 06:26:39] No changes detected.
[2026-05-19 06:27:09] No changes detected.
[2026-05-19 06:27:39] No changes detected.
[2026-05-19 06:28:10] No changes detected.
[2026-05-19 06:28:40] No changes detected.
[2026-05-19 06:29:10] No changes detected.
[2026-05-19 06:29:40] No changes detected.
[2026-05-19 06:30:11] No changes detected.
[2026-05-19 06:30:41] No changes detected.
[2026-05-19 06:31:11] No changes detected.
[2026-05-19 06:31:41] No changes detected.
[2026-05-19 06:32:11] No changes detected.
[2026-05-19 06:32:41] No changes detected.
[2026-05-19 06:33:12] No changes detected.
[2026-05-19 06:33:42] No changes detected.
[2026-05-19 06:34:12] No changes detected.
[2026-05-19 06:34:42] No changes detected.
[2026-05-19 06:35:12] No changes detected.
[2026-05-19 06:35:43] No changes detected.
[2026-05-19 06:36:13] No changes detected.
[2026-05-19 06:36:43] No changes detected.
[2026-05-19 06:37:13] No changes detected.
[2026-05-19 06:37:44] No changes detected.
[2026-05-19 06:38:14] No changes detected.
[2026-05-19 06:38:44] No changes detected.
[2026-05-19 06:39:14] No changes detected.
[2026-05-19 06:39:45] No changes detected.
[2026-05-19 06:40:15] No changes detected.
[2026-05-19 06:40:45] No changes detected.
[2026-05-19 06:41:15] No changes detected.
[2026-05-19 06:41:45] No changes detected.
[2026-05-19 06:42:16] No changes detected.
[2026-05-19 06:42:46] No changes detected.
[2026-05-19 06:43:16] No changes detected.
[2026-05-19 06:43:46] No changes detected.
[2026-05-19 06:44:16] No changes detected.
[2026-05-19 06:44:47] No changes detected.
[2026-05-19 06:45:17] No changes detected.
[2026-05-19 06:45:47] No changes detected.
[2026-05-19 06:46:17] No changes detected.
[2026-05-19 06:46:48] No changes detected.
[2026-05-19 06:47:18] No changes detected.
[2026-05-19 06:47:48] No changes detected.
[2026-05-19 06:48:18] No changes detected.
[2026-05-19 06:48:48] No changes detected.
[2026-05-19 06:49:19] No changes detected.
[2026-05-19 06:49:49] No changes detected.
[2026-05-19 06:50:19] No changes detected.
[2026-05-19 06:50:49] No changes detected.
[2026-05-19 06:51:19] No changes detected.
[2026-05-19 06:51:50] No changes detected.
[2026-05-19 06:52:20] No changes detected.
[2026-05-19 06:52:50] No changes detected.
[2026-05-19 06:53:20] No changes detected.
[2026-05-19 06:53:50] No changes detected.
[2026-05-19 06:54:21] No changes detected.
[2026-05-19 06:54:51] No changes detected.
[2026-05-19 06:55:21] No changes detected.
[2026-05-19 06:55:51] No changes detected.
[2026-05-19 06:56:22] No changes detected.
[2026-05-19 06:56:52] No changes detected.
[2026-05-19 06:57:22] No changes detected.
[2026-05-19 06:57:52] No changes detected.
[2026-05-19 06:58:23] No changes detected.
[2026-05-19 06:58:53] No changes detected.
[2026-05-19 06:59:23] No changes detected.
[2026-05-19 06:59:53] No changes detected.
[2026-05-19 07:00:23] No changes detected.
[2026-05-19 07:00:54] No changes detected.
[2026-05-19 07:01:24] No changes detected.
[2026-05-19 07:01:54] No changes detected.
[2026-05-19 07:02:24] No changes detected.
[2026-05-19 07:02:54] No changes detected.
[2026-05-19 07:03:25] No changes detected.
[2026-05-19 07:03:55] No changes detected.
[2026-05-19 07:04:25] No changes detected.
[2026-05-19 07:04:55] No changes detected.
[2026-05-19 07:05:25] No changes detected.
[2026-05-19 07:05:55] No changes detected.
[2026-05-19 07:06:25] No changes detected.
[2026-05-19 07:06:56] No changes detected.
[2026-05-19 07:07:26] No changes detected.
[2026-05-19 07:07:56] No changes detected.
[2026-05-19 07:08:26] No changes detected.
[2026-05-19 07:08:56] No changes detected.
[2026-05-19 07:09:26] No changes detected.
[2026-05-19 07:09:56] No changes detected.
[2026-05-19 07:10:27] No changes detected.
[2026-05-19 07:10:57] No changes detected.
[2026-05-19 07:11:27] No changes detected.
[2026-05-19 07:11:57] No changes detected.
[2026-05-19 07:12:28] No changes detected.
[2026-05-19 07:12:58] No changes detected.
[2026-05-19 07:13:28] No changes detected.
[2026-05-19 07:13:58] No changes detected.
[2026-05-19 07:14:28] No changes detected.
[2026-05-19 07:14:58] No changes detected.
[2026-05-19 07:15:29] No changes detected.
[2026-05-19 07:15:59] No changes detected.
[2026-05-19 07:16:29] No changes detected.
[2026-05-19 07:16:59] No changes detected.
[2026-05-19 07:17:29] No changes detected.
[2026-05-19 07:18:00] No changes detected.
[2026-05-19 07:18:30] No changes detected.
[2026-05-19 07:19:00] No changes detected.
[2026-05-19 07:19:30] No changes detected.
[2026-05-19 07:20:01] No changes detected.
[2026-05-19 07:20:31] No changes detected.
[2026-05-19 07:21:01] No changes detected.
[2026-05-19 07:21:31] No changes detected.
[2026-05-19 07:22:02] No changes detected.
[2026-05-19 07:22:32] No changes detected.
[2026-05-19 07:23:02] No changes detected.
[2026-05-19 07:23:32] No changes detected.
[2026-05-19 07:24:03] No changes detected.
[2026-05-19 07:24:33] No changes detected.
[2026-05-19 07:25:03] No changes detected.
[2026-05-19 07:25:33] No changes detected.
[2026-05-19 07:26:04] No changes detected.
[2026-05-19 07:26:34] No changes detected.
[2026-05-19 07:27:04] No changes detected.
[2026-05-19 07:27:34] No changes detected.
[2026-05-19 07:28:05] No changes detected.
[2026-05-19 07:28:35] No changes detected.
[2026-05-19 07:29:05] No changes detected.
[2026-05-19 07:29:35] No changes detected.
[2026-05-19 07:30:06] No changes detected.
[2026-05-19 07:30:36] No changes detected.
[2026-05-19 07:31:06] No changes detected.
[2026-05-19 07:31:36] No changes detected.
[2026-05-19 07:32:07] No changes detected.
[2026-05-19 07:32:37] No changes detected.
[2026-05-19 07:33:07] No changes detected.
[2026-05-19 07:33:37] No changes detected.
[2026-05-19 07:34:07] No changes detected.
[2026-05-19 07:34:38] No changes detected.
[2026-05-19 07:35:08] No changes detected.
[2026-05-19 07:35:38] No changes detected.
[2026-05-19 07:36:08] No changes detected.
[2026-05-19 07:36:39] No changes detected.
[2026-05-19 07:37:09] No changes detected.
[2026-05-19 07:37:39] No changes detected.
[2026-05-19 07:38:09] No changes detected.
[2026-05-19 07:38:40] No changes detected.
[2026-05-19 07:39:10] No changes detected.
[2026-05-19 07:39:40] No changes detected.
[2026-05-19 07:40:10] No changes detected.
[2026-05-19 07:40:40] No changes detected.
[2026-05-19 07:41:11] No changes detected.
[2026-05-19 07:41:41] No changes detected.
[2026-05-19 07:42:11] No changes detected.
[2026-05-19 07:42:41] No changes detected.
[2026-05-19 07:43:11] No changes detected.
[2026-05-19 07:43:42] No changes detected.
[2026-05-19 07:44:12] No changes detected.
[2026-05-19 07:44:42] No changes detected.
[2026-05-19 07:45:13] No changes detected.
[2026-05-19 07:45:43] No changes detected.
[2026-05-19 07:46:13] No changes detected.
[2026-05-19 07:46:43] No changes detected.
[2026-05-19 07:47:14] No changes detected.
[2026-05-19 07:47:44] No changes detected.
[2026-05-19 07:48:14] No changes detected.
[2026-05-19 07:48:44] No changes detected.
[2026-05-19 07:49:14] No changes detected.
[2026-05-19 07:49:45] No changes detected.
[2026-05-19 07:50:15] No changes detected.
[2026-05-19 07:50:45] No changes detected.
[2026-05-19 07:51:15] No changes detected.
[2026-05-19 07:51:45] No changes detected.
[2026-05-19 07:52:15] No changes detected.
[2026-05-19 07:52:45] No changes detected.
[2026-05-19 07:53:16] No changes detected.
[2026-05-19 07:53:46] No changes detected.
[2026-05-19 07:54:16] No changes detected.
[2026-05-19 07:54:46] No changes detected.
[2026-05-19 07:55:16] No changes detected.
[2026-05-19 07:55:47] No changes detected.
[2026-05-19 07:56:17] No changes detected.
[2026-05-19 07:56:47] No changes detected.
[2026-05-19 07:57:17] No changes detected.
[2026-05-19 07:57:48] No changes detected.
[2026-05-19 07:58:18] No changes detected.
[2026-05-19 07:58:48] No changes detected.
[2026-05-19 07:59:18] No changes detected.
[2026-05-19 07:59:49] No changes detected.
[2026-05-19 08:00:19] No changes detected.
[2026-05-19 08:00:49] No changes detected.
[2026-05-19 08:01:19] No changes detected.
[2026-05-19 08:01:49] No changes detected.
[2026-05-19 08:02:19] No changes detected.
[2026-05-19 08:02:50] No changes detected.
[2026-05-19 08:03:20] No changes detected.
[2026-05-19 08:03:50] No changes detected.
[2026-05-19 08:04:20] No changes detected.
[2026-05-19 08:04:51] No changes detected.
[2026-05-19 08:05:21] No changes detected.
[2026-05-19 08:05:51] No changes detected.
[2026-05-19 08:06:21] No changes detected.
[2026-05-19 08:06:52] No changes detected.
[2026-05-19 08:07:22] No changes detected.
[2026-05-19 08:07:52] No changes detected.
[2026-05-19 08:08:22] No changes detected.
[2026-05-19 08:08:53] No changes detected.
[2026-05-19 08:09:23] No changes detected.
[2026-05-19 08:09:53] No changes detected.
[2026-05-19 08:10:23] No changes detected.
[2026-05-19 08:10:53] No changes detected.
[2026-05-19 08:11:24] No changes detected.
[2026-05-19 08:11:54] No changes detected.
[2026-05-19 08:12:24] No changes detected.
[2026-05-19 08:12:54] No changes detected.
[2026-05-19 08:13:24] No changes detected.
[2026-05-19 08:13:55] No changes detected.
[2026-05-19 08:14:25] No changes detected.
[2026-05-19 08:14:55] No changes detected.
[2026-05-19 08:15:25] No changes detected.
[2026-05-19 08:15:55] No changes detected.
[2026-05-19 08:16:26] No changes detected.
[2026-05-19 08:16:56] No changes detected.
[2026-05-19 08:17:26] No changes detected.
[2026-05-19 08:17:56] No changes detected.
[2026-05-19 08:18:26] No changes detected.
[2026-05-19 08:18:56] No changes detected.
[2026-05-19 08:19:27] No changes detected.
[2026-05-19 08:19:57] No changes detected.
[2026-05-19 08:20:27] No changes detected.
[2026-05-19 08:20:57] No changes detected.
[2026-05-19 08:21:27] No changes detected.
[2026-05-19 08:21:58] No changes detected.
[2026-05-19 08:22:28] No changes detected.
[2026-05-19 08:22:58] No changes detected.
[2026-05-19 08:23:28] No changes detected.
[2026-05-19 08:23:58] No changes detected.
[2026-05-19 08:24:29] No changes detected.
[2026-05-19 08:24:59] No changes detected.
[2026-05-19 08:25:29] No changes detected.
[2026-05-19 08:25:59] No changes detected.
[2026-05-19 08:26:29] No changes detected.
[2026-05-19 08:27:00] No changes detected.
[2026-05-19 08:27:30] No changes detected.
[2026-05-19 08:28:00] No changes detected.
[2026-05-19 08:28:30] No changes detected.
[2026-05-19 08:29:00] No changes detected.
[2026-05-19 08:29:31] No changes detected.
[2026-05-19 08:30:01] No changes detected.
[2026-05-19 08:34:27] No changes detected.
[2026-05-19 08:34:58] No changes detected.
[2026-05-19 08:35:38] No changes detected.
[2026-05-19 08:36:08] No changes detected.
[2026-05-19 08:43:48] No changes detected.
[2026-05-19 08:44:18] No changes detected.
[2026-05-19 08:44:49] No changes detected.
[2026-05-19 08:45:19] No changes detected.
[2026-05-19 08:45:49] No changes detected.
[2026-05-19 08:46:19] No changes detected.
[2026-05-19 08:46:49] No changes detected.
[2026-05-19 08:47:19] No changes detected.
[2026-05-19 08:47:50] No changes detected.
[2026-05-19 08:48:21] No changes detected.
[2026-05-19 08:48:51] No changes detected.
[2026-05-19 08:49:21] No changes detected.
[2026-05-19 08:49:52] No changes detected.
[2026-05-19 08:50:22] No changes detected.
[2026-05-19 08:50:52] No changes detected.
[2026-05-19 08:51:22] No changes detected.
[2026-05-19 08:51:52] No changes detected.
[2026-05-19 08:52:22] No changes detected.
[2026-05-19 08:52:53] No changes detected.
[2026-05-19 08:53:23] No changes detected.
[2026-05-19 08:53:53] No changes detected.
[2026-05-19 08:54:23] No changes detected.
[2026-05-19 08:54:53] No changes detected.
[2026-05-19 08:55:23] No changes detected.
[2026-05-19 08:55:53] No changes detected.
[2026-05-19 08:56:24] No changes detected.
[2026-05-19 08:56:54] No changes detected.
[2026-05-19 08:57:24] No changes detected.
[2026-05-19 08:57:54] No changes detected.
[2026-05-19 08:58:24] No changes detected.
[2026-05-19 08:58:55] No changes detected.
[2026-05-19 08:59:25] No changes detected.
[2026-05-19 08:59:55] No changes detected.
[2026-05-19 09:00:25] No changes detected.
[2026-05-19 09:00:55] No changes detected.
[2026-05-19 09:01:26] No changes detected.
[2026-05-19 09:01:56] No changes detected.
[2026-05-19 09:02:26] No changes detected.
[2026-05-19 09:02:56] No changes detected.
[2026-05-19 09:03:26] No changes detected.
[2026-05-19 09:03:56] No changes detected.
[2026-05-19 09:04:26] No changes detected.
[2026-05-19 09:04:57] No changes detected.
[2026-05-19 09:05:27] No changes detected.
[2026-05-19 09:05:57] No changes detected.
[2026-05-19 09:06:27] No changes detected.
[2026-05-19 09:06:57] No changes detected.
[2026-05-19 09:07:27] No changes detected.
[2026-05-19 09:07:58] No changes detected.
[2026-05-19 09:08:28] No changes detected.
[2026-05-19 09:08:58] No changes detected.
[2026-05-19 09:09:28] No changes detected.
[2026-05-19 09:09:58] No changes detected.
[2026-05-19 09:10:28] No changes detected.
[2026-05-19 09:10:58] No changes detected.
[2026-05-19 09:11:29] No changes detected.
[2026-05-19 09:11:59] No changes detected.
[2026-05-19 09:12:29] No changes detected.
[2026-05-19 09:12:59] No changes detected.
[2026-05-19 09:13:29] No changes detected.
[2026-05-19 09:13:59] No changes detected.
[2026-05-19 09:14:30] No changes detected.
[2026-05-19 09:15:00] No changes detected.
[2026-05-19 09:15:30] No changes detected.
[2026-05-19 09:16:00] No changes detected.
[2026-05-19 09:16:30] No changes detected.
[2026-05-19 09:17:00] No changes detected.
[2026-05-19 09:17:31] No changes detected.
[2026-05-19 09:18:01] No changes detected.
[2026-05-19 09:18:31] No changes detected.
[2026-05-19 09:19:01] No changes detected.
[2026-05-19 09:19:31] No changes detected.
[2026-05-19 09:20:01] No changes detected.
[2026-05-19 09:20:32] No changes detected.
[2026-05-19 09:21:02] No changes detected.
[2026-05-19 09:21:32] No changes detected.
[2026-05-19 09:22:02] No changes detected.
[2026-05-19 09:22:32] No changes detected.
[2026-05-19 09:23:02] No changes detected.
[2026-05-19 09:23:32] No changes detected.
[2026-05-19 09:24:03] No changes detected.
[2026-05-19 09:24:33] No changes detected.
[2026-05-19 09:25:03] No changes detected.
[2026-05-19 09:25:33] No changes detected.
[2026-05-19 09:26:03] No changes detected.
[2026-05-19 09:26:33] No changes detected.
[2026-05-19 09:27:03] No changes detected.
[2026-05-19 09:27:34] No changes detected.
[2026-05-19 09:28:04] No changes detected.
[2026-05-19 09:28:35] No changes detected.
[2026-05-19 09:29:05] No changes detected.
[2026-05-19 09:29:35] No changes detected.
[2026-05-19 09:30:05] No changes detected.
[2026-05-19 09:30:36] No changes detected.
[2026-05-19 09:31:06] No changes detected.
[2026-05-19 09:31:36] No changes detected.
[2026-05-19 09:32:06] No changes detected.
[2026-05-19 09:32:36] No changes detected.
[2026-05-19 09:33:07] No changes detected.
[2026-05-19 09:33:37] No changes detected.
[2026-05-19 09:34:07] No changes detected.
[2026-05-19 09:34:37] No changes detected.
[2026-05-19 09:35:07] No changes detected.
[2026-05-19 09:35:37] No changes detected.
[2026-05-19 09:36:07] No changes detected.
[2026-05-19 09:36:38] No changes detected.
[2026-05-19 09:37:08] No changes detected.
[2026-05-19 09:37:38] No changes detected.
[2026-05-19 09:38:08] No changes detected.
[2026-05-19 09:38:38] No changes detected.
[2026-05-19 09:39:09] No changes detected.
[2026-05-19 09:39:39] No changes detected.
[2026-05-19 09:40:09] No changes detected.
[2026-05-19 09:40:39] No changes detected.
[2026-05-19 09:41:09] No changes detected.
[2026-05-19 09:41:39] No changes detected.
[2026-05-19 09:42:09] No changes detected.
[2026-05-19 09:42:40] No changes detected.
[2026-05-19 09:58:44] No changes detected.
[2026-05-19 09:59:15] No changes detected.
[2026-05-19 09:59:45] No changes detected.
[2026-05-19 10:00:16] No changes detected.
[2026-05-19 10:00:46] No changes detected.
[2026-05-19 10:01:16] No changes detected.
[2026-05-19 10:01:46] No changes detected.
[2026-05-19 10:02:16] No changes detected.
[2026-05-19 10:02:47] No changes detected.
[2026-05-19 10:03:17] No changes detected.
[2026-05-19 10:03:47] No changes detected.
[2026-05-19 10:04:17] No changes detected.
[2026-05-19 10:04:47] No changes detected.
[2026-05-19 10:05:17] No changes detected.
[2026-05-19 10:05:48] No changes detected.
[2026-05-19 10:06:18] No changes detected.
[2026-05-19 10:06:48] No changes detected.
[2026-05-19 10:07:18] No changes detected.
[2026-05-19 10:25:38] No changes detected.
[2026-05-19 10:26:08] No changes detected.
[2026-05-19 10:26:38] No changes detected.
[2026-05-19 10:27:09] No changes detected.
[2026-05-19 10:27:39] No changes detected.
[2026-05-19 10:28:09] No changes detected.
[2026-05-19 10:28:39] No changes detected.
[2026-05-19 10:29:09] No changes detected.
[2026-05-19 10:29:39] No changes detected.
[2026-05-19 10:30:10] No changes detected.
[2026-05-19 10:30:40] No changes detected.
[2026-05-19 10:31:10] No changes detected.
[2026-05-19 10:31:40] No changes detected.
[2026-05-19 10:32:10] No changes detected.
[2026-05-19 10:32:40] No changes detected.
[2026-05-19 10:33:10] No changes detected.
[2026-05-19 10:33:41] No changes detected.
[2026-05-19 10:34:11] No changes detected.
[2026-05-19 10:34:41] No changes detected.
[2026-05-19 10:35:11] No changes detected.
[2026-05-19 10:35:41] No changes detected.
[2026-05-19 10:36:11] No changes detected.
[2026-05-19 10:36:41] No changes detected.
[2026-05-19 10:37:12] No changes detected.
[2026-05-19 10:37:42] No changes detected.
[2026-05-19 10:38:12] No changes detected.
[2026-05-19 10:38:42] No changes detected.
[2026-05-19 10:39:12] No changes detected.
[2026-05-19 10:39:43] No changes detected.
[2026-05-19 10:40:13] No changes detected.
[2026-05-19 10:40:43] No changes detected.
[2026-05-19 10:41:13] No changes detected.
[2026-05-19 10:41:43] No changes detected.
[2026-05-19 10:42:13] No changes detected.
[2026-05-19 10:42:43] No changes detected.
[2026-05-19 10:43:14] No changes detected.
[2026-05-19 10:43:44] No changes detected.
[2026-05-19 10:44:14] No changes detected.
[2026-05-19 10:44:44] No changes detected.
[2026-05-19 10:45:14] No changes detected.
[2026-05-19 10:45:44] No changes detected.
[2026-05-19 10:46:14] No changes detected.
[2026-05-19 10:46:45] No changes detected.
[2026-05-19 10:47:15] No changes detected.
[2026-05-19 10:47:45] No changes detected.
[2026-05-19 10:48:15] No changes detected.
[2026-05-19 10:48:45] No changes detected.
[2026-05-19 10:49:15] No changes detected.
[2026-05-19 10:49:45] No changes detected.
[2026-05-19 10:50:15] No changes detected.
[2026-05-19 10:50:46] No changes detected.
[2026-05-19 10:51:16] No changes detected.
[2026-05-19 10:51:46] No changes detected.
[2026-05-19 10:52:16] No changes detected.
[2026-05-19 10:52:46] No changes detected.
[2026-05-19 10:53:16] No changes detected.
[2026-05-19 10:59:57] No changes detected.
[2026-05-19 11:00:28] No changes detected.
[2026-05-19 11:07:37] No changes detected.
[2026-05-19 11:11:14] No changes detected.
[2026-05-19 11:11:44] No changes detected.
[2026-05-19 11:27:44] No changes detected.
[2026-05-19 11:44:23] No changes detected.
[2026-05-19 12:34:37] No changes detected.
[2026-05-19 12:50:37] No changes detected.
[2026-05-19 12:53:47] No changes detected.
[2026-05-19 12:54:46] No changes detected.
[2026-05-19 12:55:16] No changes detected.
[2026-05-19 13:03:25] No changes detected.
[2026-05-19 13:03:55] No changes detected.
[2026-05-19 13:39:02] No changes detected.
[2026-05-19 13:39:32] No changes detected.
[2026-05-19 13:46:39] No changes detected.
[2026-05-19 13:47:13] No changes detected.
[2026-05-19 13:47:43] No changes detected.
[2026-05-19 13:48:13] No changes detected.
[2026-05-19 13:48:43] No changes detected.
[2026-05-19 13:49:14] No changes detected.
[2026-05-19 13:49:44] No changes detected.
[2026-05-19 13:50:14] No changes detected.
[2026-05-19 13:50:44] No changes detected.
[2026-05-19 13:51:14] No changes detected.
[2026-05-19 13:51:45] No changes detected.
[2026-05-19 13:52:15] No changes detected.
[2026-05-19 13:52:45] No changes detected.
[2026-05-19 13:53:15] No changes detected.
[2026-05-19 13:53:45] No changes detected.
[2026-05-19 13:54:15] No changes detected.
[2026-05-19 13:54:46] No changes detected.
[2026-05-19 13:55:16] No changes detected.
[2026-05-19 13:55:46] No changes detected.
[2026-05-19 13:56:16] No changes detected.
[2026-05-19 13:56:46] No changes detected.
[2026-05-19 13:57:16] No changes detected.
[2026-05-19 13:57:47] No changes detected.
[2026-05-19 13:58:17] No changes detected.
[2026-05-19 13:58:47] No changes detected.
[2026-05-19 13:59:17] No changes detected.
[2026-05-19 13:59:47] No changes detected.
[2026-05-19 14:00:17] No changes detected.
[2026-05-19 14:00:48] No changes detected.
[2026-05-19 14:01:18] No changes detected.
[2026-05-19 14:01:48] No changes detected.
[2026-05-19 14:02:18] No changes detected.
[2026-05-19 14:02:49] No changes detected.
[2026-05-19 14:03:19] No changes detected.
[2026-05-19 14:03:49] No changes detected.
[2026-05-19 14:04:19] No changes detected.
[2026-05-19 14:04:50] No changes detected.
[2026-05-19 14:05:20] No changes detected.
[2026-05-19 14:05:50] No changes detected.
[2026-05-19 14:06:20] No changes detected.
[2026-05-19 14:06:51] No changes detected.
[2026-05-19 14:07:21] No changes detected.
[2026-05-19 14:07:51] No changes detected.
[2026-05-19 14:08:21] No changes detected.
[2026-05-19 14:08:52] No changes detected.
[2026-05-19 14:09:22] No changes detected.
[2026-05-19 14:09:52] No changes detected.
[2026-05-19 14:10:22] No changes detected.
[2026-05-19 14:10:53] No changes detected.
[2026-05-19 14:11:23] No changes detected.
[2026-05-19 14:11:53] No changes detected.
[2026-05-19 14:12:23] No changes detected.
[2026-05-19 14:12:53] No changes detected.
[2026-05-19 14:13:24] No changes detected.
[2026-05-19 14:13:54] No changes detected.
[2026-05-19 14:14:24] No changes detected.
[2026-05-19 14:14:54] No changes detected.
[2026-05-19 14:15:24] No changes detected.
[2026-05-19 14:15:54] No changes detected.
[2026-05-19 14:16:25] No changes detected.
[2026-05-19 14:16:55] No changes detected.
[2026-05-19 14:17:25] No changes detected.
[2026-05-19 14:17:55] No changes detected.
[2026-05-19 14:18:25] No changes detected.
[2026-05-19 14:18:55] No changes detected.
[2026-05-19 14:19:25] No changes detected.
[2026-05-19 14:19:55] No changes detected.
[2026-05-19 14:20:25] No changes detected.
[2026-05-19 14:20:56] No changes detected.
[2026-05-19 14:21:26] No changes detected.
[2026-05-19 14:21:56] No changes detected.
[2026-05-19 14:22:26] No changes detected.
[2026-05-19 14:22:56] No changes detected.
[2026-05-19 14:23:26] No changes detected.
[2026-05-19 14:23:56] No changes detected.
[2026-05-19 14:24:26] No changes detected.
[2026-05-19 14:24:57] No changes detected.
[2026-05-19 14:25:27] No changes detected.
[2026-05-19 14:25:57] No changes detected.
[2026-05-19 14:26:27] No changes detected.
[2026-05-19 14:26:57] No changes detected.
[2026-05-19 14:27:27] No changes detected.
[2026-05-19 14:27:57] No changes detected.
[2026-05-19 14:28:27] No changes detected.
[2026-05-19 14:28:57] No changes detected.
[2026-05-19 14:29:27] No changes detected.
[2026-05-19 14:29:58] No changes detected.
[2026-05-19 14:30:28] No changes detected.
[2026-05-19 14:30:58] No changes detected.
[2026-05-19 14:31:28] No changes detected.
[2026-05-19 14:31:58] No changes detected.
[2026-05-19 14:32:28] No changes detected.
[2026-05-19 14:32:58] No changes detected.
[2026-05-19 14:33:28] No changes detected.
[2026-05-19 14:33:58] No changes detected.
[2026-05-19 14:34:28] No changes detected.
[2026-05-19 14:34:59] No changes detected.
[2026-05-19 14:35:29] No changes detected.
[2026-05-19 14:35:59] No changes detected.
[2026-05-19 14:36:29] No changes detected.
[2026-05-19 14:36:59] No changes detected.
[2026-05-19 14:37:29] No changes detected.
[2026-05-19 14:37:59] No changes detected.
[2026-05-19 14:38:29] No changes detected.
[2026-05-19 14:39:00] No changes detected.
[2026-05-19 14:39:30] No changes detected.
[2026-05-19 14:40:00] No changes detected.
[2026-05-19 14:40:31] No changes detected.
[2026-05-19 14:41:01] No changes detected.
[2026-05-19 14:41:31] No changes detected.
[2026-05-19 14:42:01] No changes detected.
[2026-05-19 14:42:31] No changes detected.
[2026-05-19 14:43:01] No changes detected.
[2026-05-19 14:43:31] No changes detected.
[2026-05-19 14:44:02] No changes detected.
[2026-05-19 14:44:32] No changes detected.
[2026-05-19 14:45:02] No changes detected.
[2026-05-19 14:45:32] No changes detected.
[2026-05-19 14:46:02] No changes detected.
[2026-05-19 14:46:32] No changes detected.
[2026-05-19 14:47:03] No changes detected.
[2026-05-19 14:47:33] No changes detected.
[2026-05-19 14:48:03] No changes detected.
[2026-05-19 14:48:33] No changes detected.
[2026-05-19 14:49:03] No changes detected.
[2026-05-19 14:49:33] No changes detected.
[2026-05-19 14:50:03] No changes detected.
[2026-05-19 14:50:33] No changes detected.
[2026-05-19 14:51:03] No changes detected.
[2026-05-19 14:51:34] No changes detected.
[2026-05-19 14:52:04] No changes detected.
[2026-05-19 14:52:34] No changes detected.
[2026-05-19 14:53:04] No changes detected.
[2026-05-19 14:53:34] No changes detected.
[2026-05-19 14:54:04] No changes detected.
[2026-05-19 14:54:34] No changes detected.
[2026-05-19 14:55:04] No changes detected.
[2026-05-19 14:55:34] No changes detected.
[2026-05-19 14:56:05] No changes detected.
[2026-05-19 14:56:35] No changes detected.
[2026-05-19 14:57:05] No changes detected.
[2026-05-19 14:57:35] No changes detected.
[2026-05-19 14:58:05] No changes detected.
[2026-05-19 14:58:35] No changes detected.
[2026-05-19 14:59:05] No changes detected.
[2026-05-19 14:59:35] No changes detected.
[2026-05-19 15:00:05] No changes detected.
[2026-05-19 15:00:36] No changes detected.
[2026-05-19 15:01:06] No changes detected.
[2026-05-19 15:01:36] No changes detected.
[2026-05-19 15:02:06] No changes detected.
[2026-05-19 15:02:36] No changes detected.
[2026-05-19 15:13:37] No changes detected.
[2026-05-19 15:14:07] No changes detected.
[2026-05-19 15:15:03] No changes detected.
[2026-05-19 15:17:28] No changes detected.
[2026-05-19 15:17:58] No changes detected.
[2026-05-19 15:18:32] No changes detected.
[2026-05-19 15:19:28] No changes detected.
[2026-05-19 15:19:58] No changes detected.
[2026-05-19 15:24:31] No changes detected.
[2026-05-19 15:25:02] No changes detected.
[2026-05-19 15:25:45] No changes detected.
[2026-05-19 15:26:17] No changes detected.
[2026-05-19 15:26:47] No changes detected.
[2026-05-19 15:27:18] No changes detected.
[2026-05-19 15:27:48] No changes detected.
[2026-05-19 15:28:53] No changes detected.
[2026-05-19 15:29:23] No changes detected.
[2026-05-19 15:31:18] No changes detected.
[2026-05-19 15:31:48] No changes detected.
[2026-05-19 15:32:19] No changes detected.
[2026-05-19 15:32:49] No changes detected.
[2026-05-19 15:33:19] No changes detected.
[2026-05-19 15:33:49] No changes detected.
[2026-05-19 15:34:20] No changes detected.
[2026-05-19 15:34:50] No changes detected.
[2026-05-19 15:35:20] No changes detected.
[2026-05-19 15:35:50] No changes detected.
[2026-05-19 15:36:20] No changes detected.
[2026-05-19 15:36:51] No changes detected.
[2026-05-19 15:37:21] No changes detected.
[2026-05-19 15:37:51] No changes detected.
[2026-05-19 15:38:21] No changes detected.
[2026-05-19 15:38:51] No changes detected.
[2026-05-19 15:39:21] No changes detected.
[2026-05-19 15:39:52] No changes detected.
[2026-05-19 15:40:22] No changes detected.
[2026-05-19 15:40:52] No changes detected.
[2026-05-19 15:41:22] No changes detected.
[2026-05-19 15:41:52] No changes detected.
[2026-05-19 15:42:23] No changes detected.
[2026-05-19 15:42:53] No changes detected.
[2026-05-19 15:43:23] No changes detected.
[2026-05-19 15:43:53] No changes detected.
[2026-05-19 15:44:23] No changes detected.
[2026-05-19 15:44:53] No changes detected.
[2026-05-19 15:45:24] No changes detected.
[2026-05-19 15:45:54] No changes detected.
[2026-05-19 15:46:24] No changes detected.
[2026-05-19 15:46:54] No changes detected.
[2026-05-19 15:47:24] No changes detected.
[2026-05-19 15:47:54] No changes detected.
[2026-05-19 15:48:24] No changes detected.
[2026-05-19 15:48:55] No changes detected.
[2026-05-19 15:49:25] No changes detected.
[2026-05-19 15:49:56] No changes detected.
[2026-05-19 15:50:26] No changes detected.
[2026-05-19 15:50:56] No changes detected.
[2026-05-19 15:51:27] No changes detected.
[2026-05-19 15:51:57] No changes detected.
[2026-05-19 15:52:27] No changes detected.
[2026-05-19 15:52:57] No changes detected.
[2026-05-19 15:53:27] No changes detected.
[2026-05-19 15:53:58] No changes detected.
[2026-05-19 15:54:28] No changes detected.
[2026-05-19 15:54:58] No changes detected.
[2026-05-19 15:55:29] No changes detected.
[2026-05-19 15:55:59] No changes detected.
[2026-05-19 15:56:29] No changes detected.
[2026-05-19 15:56:59] No changes detected.
[main fca7c80] Auto-commit: 2026-05-19 15:57:29
 1 file changed, 1 insertion(+), 1 deletion(-)
[2026-05-19 15:57:29] Changes committed locally.
[2026-05-19 15:58:00] No changes detected.
[2026-05-19 15:58:30] No changes detected.
[main 8030221] Auto-commit: 2026-05-19 15:59:00
 1 file changed, 2 insertions(+)
[2026-05-19 15:59:00] Changes committed locally.
[main 5bf5dcc] Auto-commit: 2026-05-19 15:59:31
 1 file changed, 1 insertion(+), 1 deletion(-)
[2026-05-19 15:59:31] Changes committed locally.
[2026-05-19 16:00:01] No changes detected.
[2026-05-19 16:00:31] No changes detected.
[2026-05-19 16:01:02] No changes detected.
[2026-05-19 16:01:32] No changes detected.
[2026-05-19 16:02:02] No changes detected.
[2026-05-19 16:02:32] No changes detected.
[2026-05-19 16:03:05] No changes detected.
[2026-05-19 16:03:35] No changes detected.
[main b12f90b] Auto-commit: 2026-05-19 16:04:05
 2 files changed, 1 insertion(+), 1 deletion(-)
 create mode 100644 Extended Essay/Johannes - Mathematics Extended Essay - Probabilistic method.synctex(busy)
[2026-05-19 16:04:05] Changes committed locally.
[main a2eb443] Auto-commit: 2026-05-19 16:04:36
 2 files changed, 1 insertion(+), 2 deletions(-)
 delete mode 100644 Extended Essay/Johannes - Mathematics Extended Essay - Probabilistic method.synctex(busy)
[2026-05-19 16:04:36] Changes committed locally.
[2026-05-19 16:04:36] Pushed        5 commit(s) to remote.
[main b2b60b1] Auto-commit: 2026-05-19 16:05:08
 1 file changed, 1 insertion(+), 1 deletion(-)
[2026-05-19 16:05:08] Changes committed locally.
[2026-05-19 16:05:38] No changes detected.
[2026-05-19 16:06:08] No changes detected.
[main 5bb2667] Auto-commit: 2026-05-19 16:06:38
 1 file changed, 1 insertion(+), 3 deletions(-)
[2026-05-19 16:06:38] Changes committed locally.
[main 1960b9b] Auto-commit: 2026-05-19 16:07:09
 1 file changed, 1 insertion(+), 1 deletion(-)
[2026-05-19 16:07:09] Changes committed locally.
[main 98cd6f4] Auto-commit: 2026-05-19 16:07:39
 1 file changed, 1 insertion(+), 1 deletion(-)
[2026-05-19 16:07:39] Changes committed locally.
[2026-05-19 16:08:09] No changes detected.
[main 0e3808d] Auto-commit: 2026-05-19 16:08:39
 1 file changed, 1 insertion(+), 1 deletion(-)
[2026-05-19 16:08:39] Changes committed locally.
[main f9cc494] Auto-commit: 2026-05-19 16:09:11
 1 file changed, 2 insertions(+), 2 deletions(-)
[2026-05-19 16:09:11] Changes committed locally.
[2026-05-19 16:09:42] No changes detected.
[2026-05-19 16:10:12] No changes detected.
[2026-05-19 16:10:42] No changes detected.
[2026-05-19 16:11:12] No changes detected.
[2026-05-19 16:11:42] No changes detected.
[2026-05-19 16:12:12] No changes detected.
[2026-05-19 16:12:43] No changes detected.
[2026-05-19 16:13:13] No changes detected.
[2026-05-19 16:13:43] No changes detected.
[2026-05-19 16:14:13] No changes detected.
[2026-05-19 16:14:43] No changes detected.
[2026-05-19 16:14:43] Pushed        6 commit(s) to remote.
[2026-05-19 16:15:15] No changes detected.
[2026-05-19 16:15:45] No changes detected.
[2026-05-19 16:16:15] No changes detected.
[2026-05-19 16:16:46] No changes detected.
[2026-05-19 16:17:16] No changes detected.
[2026-05-19 16:17:46] No changes detected.
[2026-05-19 16:18:16] No changes detected.
[2026-05-19 16:18:46] No changes detected.
[2026-05-19 16:19:16] No changes detected.
[2026-05-19 16:19:46] No changes detected.
[2026-05-19 16:20:16] No changes detected.
[2026-05-19 16:20:46] No changes detected.
[2026-05-19 16:21:17] No changes detected.
[main a642774] Auto-commit: 2026-05-19 16:21:47
 1 file changed, 1 insertion(+), 1 deletion(-)
[2026-05-19 16:21:47] Changes committed locally.
[main a181415] Auto-commit: 2026-05-19 16:22:17
 1 file changed, 1 insertion(+), 1 deletion(-)
[2026-05-19 16:22:17] Changes committed locally.
[main f7ce93d] Auto-commit: 2026-05-19 16:22:47
 2 files changed, 1 insertion(+), 1 deletion(-)
 create mode 100644 Extended Essay/Johannes - Mathematics Extended Essay - Probabilistic method.synctex(busy)
[2026-05-19 16:22:47] Changes committed locally.
[main 0c78258] Auto-commit: 2026-05-19 16:23:17
 2 files changed, 2 insertions(+), 1 deletion(-)
 delete mode 100644 Extended Essay/Johannes - Mathematics Extended Essay - Probabilistic method.synctex(busy)
[2026-05-19 16:23:17] Changes committed locally.
[main 1982665] Auto-commit: 2026-05-19 16:23:47
 1 file changed, 2 insertions(+), 1 deletion(-)
[2026-05-19 16:23:47] Changes committed locally.
[2026-05-19 16:24:18] No changes detected.
[2026-05-19 16:24:48] No changes detected.
[2026-05-19 16:24:48] Pushed        5 commit(s) to remote.
[2026-05-19 16:25:20] No changes detected.
[2026-05-19 16:25:50] No changes detected.
[2026-05-19 16:26:20] No changes detected.
[2026-05-19 16:26:50] No changes detected.
[2026-05-19 16:27:21] No changes detected.
[2026-05-19 16:27:52] No changes detected.
[2026-05-19 17:15:53] No changes detected.
[2026-05-19 17:16:23] No changes detected.
[2026-05-19 17:16:53] No changes detected.
[2026-05-19 17:17:23] No changes detected.
[2026-05-19 17:17:53] No changes detected.
[2026-05-19 17:18:24] No changes detected.
[2026-05-19 17:18:54] No changes detected.
[2026-05-19 17:19:24] No changes detected.
[2026-05-19 17:19:54] No changes detected.
[2026-05-19 17:20:24] No changes detected.
[2026-05-19 17:20:54] No changes detected.
[2026-05-19 17:21:24] No changes detected.
[2026-05-19 17:21:55] No changes detected.
[2026-05-19 17:22:25] No changes detected.
[2026-05-19 17:22:55] No changes detected.
[2026-05-19 17:23:25] No changes detected.
[2026-05-19 17:23:55] No changes detected.
[2026-05-19 17:24:25] No changes detected.
[2026-05-19 17:24:55] No changes detected.
[2026-05-19 17:25:26] No changes detected.
[2026-05-19 17:25:56] No changes detected.
[2026-05-19 17:26:26] No changes detected.
[2026-05-19 17:26:56] No changes detected.
[2026-05-19 17:27:26] No changes detected.
[2026-05-19 17:27:56] No changes detected.
[2026-05-19 17:28:27] No changes detected.
[2026-05-19 17:28:57] No changes detected.
[2026-05-19 17:29:27] No changes detected.
[2026-05-19 17:29:57] No changes detected.
[2026-05-19 17:30:27] No changes detected.
[2026-05-19 17:30:57] No changes detected.
[2026-05-19 17:31:27] No changes detected.
[2026-05-19 17:31:58] No changes detected.
[2026-05-19 17:32:28] No changes detected.
[2026-05-19 17:32:58] No changes detected.
[2026-05-19 17:33:28] No changes detected.
[2026-05-19 17:33:58] No changes detected.
[2026-05-19 17:34:29] No changes detected.
[2026-05-19 17:34:59] No changes detected.
[2026-05-19 17:35:29] No changes detected.
[2026-05-19 17:35:59] No changes detected.
[2026-05-19 17:36:29] No changes detected.
[2026-05-19 17:36:59] No changes detected.
[2026-05-19 17:37:30] No changes detected.
[2026-05-19 17:38:00] No changes detected.
[2026-05-19 17:38:30] No changes detected.
[2026-05-19 17:39:00] No changes detected.
[2026-05-19 17:39:30] No changes detected.
[2026-05-19 17:40:00] No changes detected.
[2026-05-19 17:40:30] No changes detected.
[2026-05-19 17:41:01] No changes detected.
[2026-05-19 17:41:31] No changes detected.
[2026-05-19 17:42:01] No changes detected.
[2026-05-19 17:42:31] No changes detected.
[2026-05-19 17:43:01] No changes detected.
[2026-05-19 17:43:31] No changes detected.
[2026-05-19 17:44:02] No changes detected.
[2026-05-19 17:44:32] No changes detected.
[2026-05-19 17:45:02] No changes detected.
[2026-05-19 17:45:32] No changes detected.
[2026-05-19 17:46:02] No changes detected.
[2026-05-19 17:46:32] No changes detected.
[2026-05-19 17:47:02] No changes detected.
[2026-05-19 17:47:33] No changes detected.
[2026-05-19 17:48:03] No changes detected.
[2026-05-19 17:48:33] No changes detected.
[2026-05-19 17:49:03] No changes detected.
[2026-05-19 17:49:33] No changes detected.
[2026-05-19 17:50:03] No changes detected.
[2026-05-19 17:50:33] No changes detected.
[2026-05-19 17:51:03] No changes detected.
[2026-05-19 17:51:34] No changes detected.
[2026-05-19 17:52:04] No changes detected.
[2026-05-19 17:52:34] No changes detected.
[2026-05-19 17:53:04] No changes detected.
[2026-05-19 17:53:34] No changes detected.
[2026-05-19 17:54:04] No changes detected.
[2026-05-19 17:54:35] No changes detected.
[2026-05-19 17:55:05] No changes detected.
[2026-05-19 17:55:35] No changes detected.
[2026-05-19 17:56:05] No changes detected.
[2026-05-19 17:56:35] No changes detected.
[2026-05-19 17:57:05] No changes detected.
[2026-05-19 17:57:35] No changes detected.
[2026-05-19 17:58:06] No changes detected.
[2026-05-19 17:58:36] No changes detected.
[2026-05-19 17:59:06] No changes detected.
[2026-05-19 18:00:41] No changes detected.
[2026-05-19 18:01:11] No changes detected.
[2026-05-19 18:01:41] No changes detected.
[2026-05-19 18:02:11] No changes detected.
[2026-05-19 18:02:41] No changes detected.
[2026-05-19 18:03:12] No changes detected.
[2026-05-19 18:03:42] No changes detected.
[2026-05-19 18:04:13] No changes detected.
[2026-05-19 18:04:43] No changes detected.
[2026-05-19 18:05:13] No changes detected.
[2026-05-19 18:05:43] No changes detected.
[2026-05-19 18:06:13] No changes detected.
[2026-05-19 18:06:43] No changes detected.
[2026-05-19 18:07:13] No changes detected.
[2026-05-19 18:07:44] No changes detected.
[2026-05-19 18:08:14] No changes detected.
[2026-05-19 18:08:44] No changes detected.
[2026-05-19 18:09:14] No changes detected.
[2026-05-19 18:09:44] No changes detected.
[2026-05-19 18:10:14] No changes detected.
[2026-05-19 18:10:45] No changes detected.
[2026-05-19 18:11:15] No changes detected.
[2026-05-19 18:11:45] No changes detected.
[2026-05-19 18:12:15] No changes detected.
[2026-05-19 18:12:45] No changes detected.
[2026-05-19 18:13:16] No changes detected.
[2026-05-19 18:13:46] No changes detected.
[2026-05-19 18:14:16] No changes detected.
[2026-05-19 18:14:46] No changes detected.
[2026-05-19 18:15:16] No changes detected.
[2026-05-19 18:15:47] No changes detected.
[2026-05-19 18:16:17] No changes detected.
[2026-05-19 18:16:47] No changes detected.
[2026-05-19 18:17:17] No changes detected.
[2026-05-19 18:17:48] No changes detected.
[2026-05-19 18:18:18] No changes detected.
[2026-05-19 18:18:48] No changes detected.
[2026-05-19 18:19:18] No changes detected.
[2026-05-19 18:19:48] No changes detected.
[2026-05-19 18:20:18] No changes detected.
[2026-05-19 18:20:49] No changes detected.
[2026-05-19 18:21:19] No changes detected.
[2026-05-19 18:21:49] No changes detected.
[2026-05-19 18:22:19] No changes detected.
[2026-05-19 18:22:49] No changes detected.
[2026-05-19 18:23:19] No changes detected.
[2026-05-19 18:23:49] No changes detected.
[2026-05-19 18:24:20] No changes detected.
[2026-05-19 18:24:50] No changes detected.
[2026-05-19 18:25:20] No changes detected.
[2026-05-19 18:25:50] No changes detected.
[2026-05-19 18:26:20] No changes detected.
[2026-05-19 18:26:50] No changes detected.
[2026-05-19 18:27:20] No changes detected.
[2026-05-19 18:27:50] No changes detected.
[2026-05-19 18:28:21] No changes detected.
[2026-05-19 18:28:51] No changes detected.
[2026-05-19 18:29:21] No changes detected.
[2026-05-19 18:29:51] No changes detected.
[2026-05-19 18:30:21] No changes detected.
[2026-05-19 18:30:51] No changes detected.
[2026-05-19 18:31:22] No changes detected.
[2026-05-19 18:31:52] No changes detected.
[2026-05-19 18:32:22] No changes detected.
[2026-05-19 18:32:52] No changes detected.
[2026-05-19 18:33:23] No changes detected.
[2026-05-19 18:33:53] No changes detected.
[2026-05-19 18:34:23] No changes detected.
[2026-05-19 18:34:53] No changes detected.
[2026-05-19 18:35:23] No changes detected.
[2026-05-19 18:35:54] No changes detected.
[2026-05-19 18:36:24] No changes detected.
[2026-05-19 18:36:54] No changes detected.
[2026-05-19 18:37:24] No changes detected.
[2026-05-19 18:37:55] No changes detected.
[2026-05-19 18:38:25] No changes detected.
[2026-05-19 18:38:55] No changes detected.
[2026-05-19 18:39:25] No changes detected.
[2026-05-19 18:39:55] No changes detected.
[2026-05-19 18:40:26] No changes detected.
[2026-05-19 18:40:56] No changes detected.
[2026-05-19 18:41:26] No changes detected.
[2026-05-19 18:41:56] No changes detected.
[2026-05-19 18:42:27] No changes detected.
[2026-05-19 18:42:57] No changes detected.
[2026-05-19 18:43:27] No changes detected.
[2026-05-19 18:43:57] No changes detected.
[2026-05-19 18:44:28] No changes detected.
[2026-05-19 18:44:58] No changes detected.
[2026-05-19 18:45:28] No changes detected.
[2026-05-19 18:45:58] No changes detected.
[2026-05-19 19:01:43] No changes detected.
[2026-05-19 19:02:30] No changes detected.
[2026-05-19 19:03:01] No changes detected.
[2026-05-19 20:22:38] No changes detected.
[2026-05-19 20:51:39] No changes detected.
[2026-05-19 20:52:09] No changes detected.
[2026-05-19 20:52:39] No changes detected.
[2026-05-19 20:53:10] No changes detected.
[2026-05-19 20:53:40] No changes detected.
[2026-05-19 20:54:10] No changes detected.
[2026-05-19 20:54:40] No changes detected.
[2026-05-19 20:55:10] No changes detected.
[2026-05-19 20:55:40] No changes detected.
[2026-05-19 20:56:10] No changes detected.
[2026-05-19 20:56:40] No changes detected.
[2026-05-19 20:57:11] No changes detected.
[2026-05-19 20:57:41] No changes detected.
[2026-05-19 20:58:11] No changes detected.
[2026-05-19 20:58:42] No changes detected.
[2026-05-19 20:59:12] No changes detected.
[2026-05-19 20:59:42] No changes detected.
[2026-05-19 21:00:12] No changes detected.
[2026-05-19 21:00:42] No changes detected.
[2026-05-19 21:01:12] No changes detected.
[2026-05-19 21:01:42] No changes detected.
[2026-05-19 21:02:13] No changes detected.
[2026-05-19 21:02:43] No changes detected.
[2026-05-19 21:03:13] No changes detected.
[2026-05-19 21:03:43] No changes detected.
[2026-05-19 21:04:13] No changes detected.
[2026-05-19 21:04:43] No changes detected.
[2026-05-19 21:05:13] No changes detected.
[2026-05-19 21:05:43] No changes detected.
[2026-05-19 21:06:14] No changes detected.
[2026-05-19 21:06:44] No changes detected.
[2026-05-19 21:07:14] No changes detected.
[2026-05-19 21:07:44] No changes detected.
[2026-05-19 21:08:14] No changes detected.
[2026-05-19 21:08:44] No changes detected.
[2026-05-19 21:09:14] No changes detected.
[2026-05-19 21:09:44] No changes detected.
[2026-05-19 21:10:14] No changes detected.
[2026-05-19 21:10:45] No changes detected.
[2026-05-19 21:11:15] No changes detected.
[2026-05-19 21:11:45] No changes detected.
[2026-05-19 21:12:16] No changes detected.
[2026-05-19 21:12:46] No changes detected.
[2026-05-19 21:13:17] No changes detected.
[2026-05-19 21:13:47] No changes detected.
[2026-05-19 21:14:18] No changes detected.
[2026-05-19 21:14:52] No changes detected.
[2026-05-19 21:15:23] No changes detected.
[2026-05-19 21:15:53] No changes detected.
[2026-05-19 21:16:23] No changes detected.
[2026-05-19 21:16:53] No changes detected.
[2026-05-19 21:17:23] No changes detected.
[2026-05-19 21:17:54] No changes detected.
[2026-05-19 21:18:24] No changes detected.
[2026-05-19 21:18:54] No changes detected.
[2026-05-19 21:19:24] No changes detected.
[2026-05-19 21:19:54] No changes detected.
[2026-05-19 21:20:24] No changes detected.
[2026-05-19 21:20:55] No changes detected.
[2026-05-19 21:21:25] No changes detected.
[2026-05-19 21:21:55] No changes detected.
[2026-05-19 21:22:25] No changes detected.
[2026-05-19 21:22:55] No changes detected.
[2026-05-19 21:23:25] No changes detected.
[2026-05-19 21:23:55] No changes detected.
[2026-05-19 21:24:26] No changes detected.
[2026-05-19 21:24:56] No changes detected.
[2026-05-19 21:25:26] No changes detected.
[2026-05-19 21:25:56] No changes detected.
[2026-05-19 21:26:26] No changes detected.
[2026-05-19 21:26:56] No changes detected.
[2026-05-19 21:27:27] No changes detected.
[2026-05-19 21:27:57] No changes detected.
[2026-05-19 21:28:27] No changes detected.
[2026-05-19 21:28:57] No changes detected.
[2026-05-19 21:29:29] No changes detected.
[2026-05-19 21:29:59] No changes detected.
[2026-05-19 21:30:30] No changes detected.
[2026-05-19 21:31:00] No changes detected.
[2026-05-19 21:31:30] No changes detected.
[2026-05-19 21:32:01] No changes detected.
[2026-05-19 21:32:31] No changes detected.
[2026-05-19 21:33:01] No changes detected.
[2026-05-19 21:33:31] No changes detected.
[2026-05-19 21:34:02] No changes detected.
[2026-05-19 21:34:32] No changes detected.
[2026-05-19 21:35:02] No changes detected.
[2026-05-19 21:35:32] No changes detected.
[2026-05-19 21:36:02] No changes detected.
[2026-05-19 21:36:32] No changes detected.
[2026-05-19 21:37:02] No changes detected.
[2026-05-19 21:37:32] No changes detected.
[2026-05-19 21:38:03] No changes detected.
[2026-05-19 21:38:33] No changes detected.
[2026-05-19 21:39:03] No changes detected.
[2026-05-19 21:39:33] No changes detected.
[2026-05-19 21:40:03] No changes detected.
[2026-05-19 21:40:33] No changes detected.
[2026-05-19 21:41:03] No changes detected.
[2026-05-19 21:41:34] No changes detected.
[2026-05-19 21:42:04] No changes detected.
[2026-05-19 21:42:34] No changes detected.
[2026-05-19 21:43:04] No changes detected.
[2026-05-19 21:43:34] No changes detected.
[2026-05-19 21:44:05] No changes detected.
[2026-05-19 21:44:35] No changes detected.
[2026-05-19 21:45:05] No changes detected.
[2026-05-19 21:45:35] No changes detected.
[2026-05-19 21:46:05] No changes detected.
[2026-05-19 21:46:36] No changes detected.
[2026-05-19 21:47:06] No changes detected.
[2026-05-19 21:47:36] No changes detected.
[2026-05-19 21:48:06] No changes detected.
[2026-05-19 21:48:36] No changes detected.
[2026-05-19 21:49:07] No changes detected.
[2026-05-19 21:49:37] No changes detected.
[2026-05-19 21:50:07] No changes detected.
[2026-05-19 21:50:37] No changes detected.
[2026-05-19 21:51:07] No changes detected.
[2026-05-19 21:51:38] No changes detected.
[2026-05-19 21:52:08] No changes detected.
[2026-05-19 21:52:38] No changes detected.
[2026-05-19 21:53:08] No changes detected.
[2026-05-19 21:53:38] No changes detected.
[2026-05-19 21:54:08] No changes detected.
[2026-05-19 21:54:39] No changes detected.
[2026-05-19 21:55:09] No changes detected.
[2026-05-19 21:55:39] No changes detected.
[2026-05-19 21:56:09] No changes detected.
[2026-05-19 21:56:39] No changes detected.
[2026-05-19 21:57:10] No changes detected.
[2026-05-19 21:57:40] No changes detected.
[2026-05-19 21:58:10] No changes detected.
[2026-05-19 21:58:40] No changes detected.
[2026-05-19 21:59:11] No changes detected.
[2026-05-19 21:59:41] No changes detected.
[2026-05-19 22:00:11] No changes detected.
[2026-05-19 22:00:41] No changes detected.
[2026-05-19 22:01:12] No changes detected.
[2026-05-19 22:01:42] No changes detected.
[2026-05-19 22:02:12] No changes detected.
[2026-05-19 22:02:42] No changes detected.
[2026-05-19 22:03:12] No changes detected.
[2026-05-19 22:03:43] No changes detected.
[2026-05-19 22:04:13] No changes detected.
[2026-05-19 22:04:43] No changes detected.
[2026-05-19 22:05:13] No changes detected.
[2026-05-19 22:05:44] No changes detected.
[2026-05-19 22:06:14] No changes detected.
[2026-05-19 22:06:44] No changes detected.
[2026-05-19 22:07:14] No changes detected.
[2026-05-19 22:07:45] No changes detected.
[2026-05-19 22:08:15] No changes detected.
[2026-05-19 22:08:45] No changes detected.
[2026-05-19 22:09:15] No changes detected.
[2026-05-19 22:09:45] No changes detected.
[2026-05-19 22:10:16] No changes detected.
[2026-05-19 22:10:46] No changes detected.
[2026-05-19 22:11:16] No changes detected.
[2026-05-19 22:11:46] No changes detected.
[2026-05-19 22:12:16] No changes detected.
[2026-05-19 22:12:48] No changes detected.
[2026-05-19 22:13:18] No changes detected.
[2026-05-19 22:13:48] No changes detected.
[2026-05-19 22:14:18] No changes detected.
[2026-05-19 22:14:48] No changes detected.
[2026-05-19 22:15:19] No changes detected.
[2026-05-19 22:15:50] No changes detected.
[2026-05-19 22:16:20] No changes detected.
[2026-05-19 22:16:50] No changes detected.
[2026-05-19 22:17:21] No changes detected.
[2026-05-19 22:17:51] No changes detected.
[2026-05-19 22:18:21] No changes detected.
[2026-05-19 22:18:51] No changes detected.
[2026-05-19 22:19:21] No changes detected.
[2026-05-19 22:19:52] No changes detected.
[2026-05-19 22:20:22] No changes detected.
[2026-05-19 22:20:52] No changes detected.
[2026-05-19 22:21:23] No changes detected.
[2026-05-19 22:21:54] No changes detected.
[2026-05-19 22:22:24] No changes detected.
[2026-05-19 22:22:54] No changes detected.
[2026-05-19 22:23:24] No changes detected.
[2026-05-19 22:23:54] No changes detected.
[2026-05-19 22:24:24] No changes detected.
[2026-05-19 22:24:55] No changes detected.
[2026-05-19 22:25:25] No changes detected.
[2026-05-19 22:25:55] No changes detected.
[2026-05-19 22:26:25] No changes detected.
[2026-05-19 22:26:55] No changes detected.
[2026-05-19 22:27:25] No changes detected.
[2026-05-19 22:27:56] No changes detected.
[2026-05-19 22:28:26] No changes detected.
[2026-05-19 22:28:56] No changes detected.
[2026-05-19 22:29:26] No changes detected.
[2026-05-19 22:29:56] No changes detected.
[2026-05-19 22:30:26] No changes detected.
[2026-05-19 22:30:57] No changes detected.
[2026-05-19 22:31:27] No changes detected.
[2026-05-19 22:31:58] No changes detected.
[2026-05-19 22:32:29] No changes detected.
[2026-05-19 22:32:59] No changes detected.
[2026-05-19 22:33:29] No changes detected.
[2026-05-19 22:34:01] No changes detected.
[2026-05-19 22:34:31] No changes detected.
[2026-05-19 22:35:02] No changes detected.
[2026-05-19 22:35:32] No changes detected.
[2026-05-19 22:36:03] No changes detected.
[2026-05-19 22:36:34] No changes detected.
[2026-05-19 22:37:04] No changes detected.
[2026-05-19 22:37:34] No changes detected.
[2026-05-19 22:38:05] No changes detected.
[2026-05-19 22:38:35] No changes detected.
[2026-05-19 22:39:05] No changes detected.
[2026-05-19 22:39:35] No changes detected.
[2026-05-19 22:40:05] No changes detected.
[2026-05-19 22:40:36] No changes detected.
[2026-05-19 22:41:07] No changes detected.
[2026-05-19 22:41:37] No changes detected.
[2026-05-19 22:42:08] No changes detected.
[2026-05-19 22:42:38] No changes detected.
[2026-05-19 22:43:08] No changes detected.
[2026-05-19 22:43:38] No changes detected.
[2026-05-19 22:44:12] No changes detected.
[2026-05-19 22:44:43] No changes detected.
[2026-05-19 22:45:13] No changes detected.
[2026-05-19 22:45:43] No changes detected.
[2026-05-19 22:46:14] No changes detected.
[2026-05-19 22:46:44] No changes detected.
[2026-05-19 22:47:14] No changes detected.
[2026-05-19 22:47:45] No changes detected.
[2026-05-19 22:48:18] No changes detected.
[2026-05-19 22:48:51] No changes detected.
[2026-05-19 22:49:21] No changes detected.
[2026-05-19 22:49:52] No changes detected.
[2026-05-19 22:50:23] No changes detected.
[2026-05-19 22:50:54] No changes detected.
[2026-05-19 22:51:24] No changes detected.
[2026-05-19 22:51:56] No changes detected.
[2026-05-19 22:52:26] No changes detected.
[2026-05-19 22:52:59] No changes detected.
[2026-05-19 22:53:30] No changes detected.
[2026-05-19 22:54:00] No changes detected.
[2026-05-19 22:54:30] No changes detected.
[2026-05-19 22:55:01] No changes detected.
[2026-05-19 22:55:31] No changes detected.
[2026-05-19 22:56:01] No changes detected.
[2026-05-19 22:56:32] No changes detected.
[2026-05-19 22:57:05] No changes detected.
[2026-05-19 22:57:35] No changes detected.
[2026-05-19 22:58:06] No changes detected.
[2026-05-19 22:58:36] No changes detected.
[2026-05-19 22:59:07] No changes detected.
[2026-05-19 22:59:37] No changes detected.
[2026-05-19 23:00:08] No changes detected.
[2026-05-19 23:00:38] No changes detected.
[2026-05-19 23:01:09] No changes detected.
[2026-05-19 23:01:39] No changes detected.
[2026-05-19 23:02:09] No changes detected.
[2026-05-19 23:02:40] No changes detected.
[2026-05-19 23:03:10] No changes detected.
[2026-05-19 23:03:41] No changes detected.
[2026-05-19 23:04:14] No changes detected.
[2026-05-19 23:04:50] No changes detected.
[2026-05-19 23:05:22] No changes detected.
[2026-05-19 23:05:53] No changes detected.
[2026-05-19 23:06:23] No changes detected.
[2026-05-19 23:06:54] No changes detected.
[2026-05-19 23:07:24] No changes detected.
[2026-05-19 23:07:54] No changes detected.
[2026-05-19 23:08:24] No changes detected.
[2026-05-19 23:08:54] No changes detected.
[2026-05-19 23:09:25] No changes detected.
[2026-05-19 23:09:55] No changes detected.
[2026-05-19 23:10:27] No changes detected.
[2026-05-19 23:10:57] No changes detected.
[2026-05-19 23:11:27] No changes detected.
[2026-05-19 23:11:58] No changes detected.
[2026-05-19 23:12:28] No changes detected.
[2026-05-19 23:12:58] No changes detected.
[2026-05-19 23:13:28] No changes detected.
[2026-05-19 23:13:59] No changes detected.
[2026-05-19 23:14:29] No changes detected.
[2026-05-19 23:14:59] No changes detected.
[2026-05-19 23:15:30] No changes detected.
[2026-05-19 23:16:00] No changes detected.
[2026-05-19 23:16:31] No changes detected.
[2026-05-19 23:17:01] No changes detected.
[2026-05-19 23:17:39] No changes detected.
[2026-05-19 23:18:09] No changes detected.
[2026-05-19 23:18:41] No changes detected.
[2026-05-19 23:19:17] No changes detected.
[2026-05-19 23:19:47] No changes detected.
[2026-05-19 23:26:25] No changes detected.
[2026-05-19 23:31:09] No changes detected.
[2026-05-19 23:31:39] No changes detected.
[2026-05-19 23:32:26] No changes detected.
[2026-05-19 23:32:57] No changes detected.
[2026-05-19 23:33:27] No changes detected.
[2026-05-19 23:34:01] No changes detected.
[2026-05-19 23:34:31] No changes detected.
[2026-05-19 23:47:57] No changes detected.
[2026-05-19 23:48:27] No changes detected.
[2026-05-19 23:48:57] No changes detected.
[2026-05-19 23:49:27] No changes detected.
[2026-05-19 23:49:57] No changes detected.
[2026-05-19 23:50:28] No changes detected.
[2026-05-19 23:50:58] No changes detected.
[2026-05-19 23:51:28] No changes detected.
[2026-05-19 23:51:58] No changes detected.
[2026-05-19 23:52:28] No changes detected.
[2026-05-19 23:52:59] No changes detected.
[2026-05-19 23:53:29] No changes detected.
[2026-05-19 23:53:59] No changes detected.
[2026-05-19 23:54:29] No changes detected.
[2026-05-19 23:54:59] No changes detected.
[2026-05-19 23:55:30] No changes detected.
[2026-05-19 23:56:00] No changes detected.
[2026-05-19 23:56:30] No changes detected.
[2026-05-19 23:57:00] No changes detected.
[2026-05-19 23:57:30] No changes detected.
[2026-05-19 23:58:01] No changes detected.
[2026-05-19 23:58:31] No changes detected.
[2026-05-19 23:59:01] No changes detected.
[2026-05-19 23:59:31] No changes detected.
[2026-05-20 00:00:01] No changes detected.
[2026-05-20 00:00:32] No changes detected.
[2026-05-20 00:01:02] No changes detected.
[2026-05-20 00:01:32] No changes detected.
[2026-05-20 00:02:02] No changes detected.
[2026-05-20 00:02:32] No changes detected.
[2026-05-20 00:03:03] No changes detected.
[2026-05-20 00:03:33] No changes detected.
[2026-05-20 00:04:03] No changes detected.
[2026-05-20 00:04:33] No changes detected.
[2026-05-20 00:05:03] No changes detected.
[2026-05-20 00:05:34] No changes detected.
[2026-05-20 00:06:04] No changes detected.
[2026-05-20 00:06:34] No changes detected.
[2026-05-20 00:07:04] No changes detected.
[2026-05-20 00:07:35] No changes detected.
[2026-05-20 00:08:05] No changes detected.
[2026-05-20 00:08:35] No changes detected.
[2026-05-20 00:09:05] No changes detected.
[2026-05-20 00:09:35] No changes detected.
[2026-05-20 00:10:06] No changes detected.
[2026-05-20 00:10:36] No changes detected.
[2026-05-20 00:11:06] No changes detected.
[2026-05-20 00:11:36] No changes detected.
[2026-05-20 00:12:06] No changes detected.
[2026-05-20 00:12:37] No changes detected.
[2026-05-20 00:13:07] No changes detected.
[2026-05-20 00:13:37] No changes detected.
[2026-05-20 00:14:07] No changes detected.
[2026-05-20 00:14:38] No changes detected.
[2026-05-20 00:15:08] No changes detected.
[2026-05-20 00:15:38] No changes detected.
[2026-05-20 00:16:08] No changes detected.
[2026-05-20 00:16:38] No changes detected.
[2026-05-20 00:17:09] No changes detected.
[2026-05-20 00:17:39] No changes detected.
[2026-05-20 00:18:09] No changes detected.
[2026-05-20 00:18:39] No changes detected.
[2026-05-20 00:19:10] No changes detected.
[2026-05-20 00:19:40] No changes detected.
[2026-05-20 00:20:10] No changes detected.
[2026-05-20 00:20:40] No changes detected.
[2026-05-20 00:21:10] No changes detected.
[2026-05-20 00:21:41] No changes detected.
[2026-05-20 00:22:11] No changes detected.
[2026-05-20 00:22:41] No changes detected.
[2026-05-20 00:23:11] No changes detected.
[2026-05-20 00:23:42] No changes detected.
[2026-05-20 00:24:12] No changes detected.
[2026-05-20 00:24:42] No changes detected.
[2026-05-20 00:25:12] No changes detected.
[2026-05-20 00:25:42] No changes detected.
[2026-05-20 00:26:13] No changes detected.
[2026-05-20 00:26:43] No changes detected.
[2026-05-20 00:27:13] No changes detected.
[2026-05-20 00:27:43] No changes detected.
[2026-05-20 00:28:14] No changes detected.
[2026-05-20 00:28:44] No changes detected.
[2026-05-20 00:29:14] No changes detected.
[2026-05-20 00:29:44] No changes detected.
[2026-05-20 00:30:14] No changes detected.
[2026-05-20 00:30:45] No changes detected.
[2026-05-20 00:31:15] No changes detected.
[2026-05-20 00:31:45] No changes detected.
[2026-05-20 00:32:15] No changes detected.
[2026-05-20 00:32:46] No changes detected.
[2026-05-20 00:33:16] No changes detected.
[2026-05-20 00:33:46] No changes detected.
[2026-05-20 00:34:16] No changes detected.
[2026-05-20 00:34:46] No changes detected.
[2026-05-20 00:35:17] No changes detected.
[2026-05-20 00:35:47] No changes detected.
[2026-05-20 00:36:17] No changes detected.
[2026-05-20 00:36:47] No changes detected.
[2026-05-20 00:37:17] No changes detected.
[2026-05-20 00:37:48] No changes detected.
[2026-05-20 00:38:18] No changes detected.
[2026-05-20 00:38:48] No changes detected.
[2026-05-20 00:39:18] No changes detected.
[2026-05-20 00:39:49] No changes detected.
[2026-05-20 00:40:19] No changes detected.
[2026-05-20 00:40:49] No changes detected.
[2026-05-20 00:41:19] No changes detected.
[2026-05-20 00:41:49] No changes detected.
[2026-05-20 00:42:20] No changes detected.
[2026-05-20 00:42:50] No changes detected.
[2026-05-20 00:43:20] No changes detected.
[2026-05-20 00:43:50] No changes detected.
[2026-05-20 00:44:20] No changes detected.
[2026-05-20 00:44:51] No changes detected.
[2026-05-20 00:45:21] No changes detected.
[2026-05-20 00:45:51] No changes detected.
[2026-05-20 00:46:21] No changes detected.
[2026-05-20 00:46:52] No changes detected.
[2026-05-20 00:47:22] No changes detected.
[2026-05-20 00:47:52] No changes detected.
[2026-05-20 00:48:22] No changes detected.
[2026-05-20 00:48:52] No changes detected.
[2026-05-20 00:49:23] No changes detected.
[2026-05-20 00:49:53] No changes detected.
[2026-05-20 00:50:23] No changes detected.
[2026-05-20 00:50:53] No changes detected.
[2026-05-20 00:51:24] No changes detected.
[2026-05-20 00:51:54] No changes detected.
[2026-05-20 00:52:24] No changes detected.
[2026-05-20 00:52:54] No changes detected.
[2026-05-20 00:53:24] No changes detected.
[2026-05-20 00:53:55] No changes detected.
[2026-05-20 00:54:25] No changes detected.
[2026-05-20 00:54:55] No changes detected.
[2026-05-20 00:55:25] No changes detected.
[2026-05-20 00:55:56] No changes detected.
[2026-05-20 00:56:26] No changes detected.
[2026-05-20 00:56:56] No changes detected.
[2026-05-20 00:57:26] No changes detected.
[2026-05-20 00:57:56] No changes detected.
[2026-05-20 00:58:27] No changes detected.
[2026-05-20 00:58:57] No changes detected.
[2026-05-20 00:59:27] No changes detected.
[2026-05-20 00:59:57] No changes detected.
[2026-05-20 01:00:27] No changes detected.
[2026-05-20 01:00:58] No changes detected.
[2026-05-20 01:01:28] No changes detected.
[2026-05-20 01:01:58] No changes detected.
[2026-05-20 01:02:28] No changes detected.
[2026-05-20 01:02:59] No changes detected.
[2026-05-20 01:03:29] No changes detected.
[2026-05-20 01:03:59] No changes detected.
[2026-05-20 01:04:29] No changes detected.
[2026-05-20 01:04:59] No changes detected.
[2026-05-20 01:05:30] No changes detected.
[2026-05-20 01:06:00] No changes detected.
[2026-05-20 01:06:30] No changes detected.
[2026-05-20 01:07:00] No changes detected.
[2026-05-20 01:07:30] No changes detected.
[2026-05-20 01:08:01] No changes detected.
[2026-05-20 01:08:31] No changes detected.
[2026-05-20 01:09:01] No changes detected.
[2026-05-20 01:09:31] No changes detected.
[2026-05-20 01:10:02] No changes detected.
[2026-05-20 01:10:32] No changes detected.
[2026-05-20 01:11:02] No changes detected.
[2026-05-20 01:11:32] No changes detected.
[2026-05-20 01:12:02] No changes detected.
[2026-05-20 01:12:33] No changes detected.
[2026-05-20 01:13:03] No changes detected.
[2026-05-20 01:13:33] No changes detected.
[2026-05-20 01:14:03] No changes detected.
[2026-05-20 01:14:34] No changes detected.
[2026-05-20 01:15:04] No changes detected.
[2026-05-20 01:15:34] No changes detected.
[2026-05-20 01:16:04] No changes detected.
[2026-05-20 01:16:34] No changes detected.
[2026-05-20 01:17:05] No changes detected.
[2026-05-20 01:17:35] No changes detected.
[2026-05-20 01:18:05] No changes detected.
[2026-05-20 01:18:35] No changes detected.
[2026-05-20 01:19:05] No changes detected.
[2026-05-20 01:19:35] No changes detected.
[2026-05-20 01:20:06] No changes detected.
[2026-05-20 01:20:36] No changes detected.
[2026-05-20 01:21:06] No changes detected.
[2026-05-20 01:21:36] No changes detected.
[2026-05-20 01:22:06] No changes detected.
[2026-05-20 01:22:37] No changes detected.
[2026-05-20 01:23:07] No changes detected.
[2026-05-20 01:23:37] No changes detected.
[2026-05-20 01:24:07] No changes detected.
[2026-05-20 01:24:37] No changes detected.
[2026-05-20 01:25:08] No changes detected.
[2026-05-20 01:25:38] No changes detected.
[2026-05-20 01:26:08] No changes detected.
[2026-05-20 01:26:38] No changes detected.
[2026-05-20 01:27:09] No changes detected.
[2026-05-20 01:27:39] No changes detected.
[2026-05-20 01:28:09] No changes detected.
[2026-05-20 01:28:39] No changes detected.
[2026-05-20 01:29:09] No changes detected.
[2026-05-20 01:29:40] No changes detected.
[2026-05-20 01:30:10] No changes detected.
[2026-05-20 01:30:40] No changes detected.
[2026-05-20 01:31:10] No changes detected.
[2026-05-20 01:31:41] No changes detected.
[2026-05-20 01:32:11] No changes detected.
[2026-05-20 01:32:41] No changes detected.
[2026-05-20 01:33:11] No changes detected.
[2026-05-20 01:33:41] No changes detected.
[2026-05-20 01:34:12] No changes detected.
[2026-05-20 01:34:42] No changes detected.
[2026-05-20 01:35:12] No changes detected.
[2026-05-20 01:35:42] No changes detected.
[2026-05-20 01:36:12] No changes detected.
[2026-05-20 01:36:43] No changes detected.
[2026-05-20 01:37:13] No changes detected.
[2026-05-20 01:37:43] No changes detected.
[2026-05-20 01:38:13] No changes detected.
[2026-05-20 01:38:44] No changes detected.
[2026-05-20 01:39:14] No changes detected.
[2026-05-20 01:39:44] No changes detected.
[2026-05-20 01:40:14] No changes detected.
[2026-05-20 01:40:44] No changes detected.
[2026-05-20 01:41:15] No changes detected.
[2026-05-20 01:41:45] No changes detected.
[2026-05-20 01:42:15] No changes detected.
[2026-05-20 01:42:45] No changes detected.
[2026-05-20 01:43:15] No changes detected.
[2026-05-20 01:43:46] No changes detected.
[2026-05-20 01:44:16] No changes detected.
[2026-05-20 01:44:46] No changes detected.
[2026-05-20 01:45:16] No changes detected.
[2026-05-20 01:45:46] No changes detected.
[2026-05-20 01:46:17] No changes detected.
[2026-05-20 01:46:47] No changes detected.
[2026-05-20 01:47:17] No changes detected.
[2026-05-20 01:47:47] No changes detected.
[2026-05-20 01:48:17] No changes detected.
[2026-05-20 01:48:48] No changes detected.
[2026-05-20 01:49:18] No changes detected.
[2026-05-20 01:49:48] No changes detected.
[2026-05-20 01:50:18] No changes detected.
[2026-05-20 01:50:49] No changes detected.
[2026-05-20 01:51:19] No changes detected.
[2026-05-20 01:51:49] No changes detected.
[2026-05-20 01:52:19] No changes detected.
[2026-05-20 01:52:49] No changes detected.
[2026-05-20 01:53:20] No changes detected.
[2026-05-20 01:53:50] No changes detected.
[2026-05-20 01:54:20] No changes detected.
[2026-05-20 01:54:50] No changes detected.
[2026-05-20 01:55:21] No changes detected.
[2026-05-20 01:55:51] No changes detected.
[2026-05-20 01:56:21] No changes detected.
[2026-05-20 01:56:51] No changes detected.
[2026-05-20 01:57:21] No changes detected.
[2026-05-20 01:57:52] No changes detected.
[2026-05-20 01:58:22] No changes detected.
[2026-05-20 01:58:52] No changes detected.
[2026-05-20 01:59:22] No changes detected.
[2026-05-20 01:59:52] No changes detected.
[2026-05-20 02:00:23] No changes detected.
[2026-05-20 02:00:53] No changes detected.
[2026-05-20 02:01:23] No changes detected.
[2026-05-20 02:01:53] No changes detected.
[2026-05-20 02:02:24] No changes detected.
[2026-05-20 02:02:54] No changes detected.
[2026-05-20 02:03:24] No changes detected.
[2026-05-20 02:03:54] No changes detected.
[2026-05-20 02:04:24] No changes detected.
[2026-05-20 02:04:55] No changes detected.
[2026-05-20 02:05:25] No changes detected.
[2026-05-20 02:05:55] No changes detected.
[2026-05-20 02:06:25] No changes detected.
[2026-05-20 02:06:56] No changes detected.
[2026-05-20 02:07:26] No changes detected.
[2026-05-20 02:07:56] No changes detected.
[2026-05-20 02:08:26] No changes detected.
[2026-05-20 02:08:56] No changes detected.
[2026-05-20 02:09:27] No changes detected.
[2026-05-20 02:09:57] No changes detected.
[2026-05-20 02:10:27] No changes detected.
[2026-05-20 02:10:57] No changes detected.
[2026-05-20 02:11:27] No changes detected.
[2026-05-20 02:11:58] No changes detected.
[2026-05-20 02:12:28] No changes detected.
[2026-05-20 02:12:58] No changes detected.
[2026-05-20 02:13:28] No changes detected.
[2026-05-20 02:13:59] No changes detected.
[2026-05-20 02:14:29] No changes detected.
[2026-05-20 02:14:59] No changes detected.
[2026-05-20 02:15:29] No changes detected.
[2026-05-20 02:15:59] No changes detected.
[2026-05-20 02:16:30] No changes detected.
[2026-05-20 02:17:00] No changes detected.
[2026-05-20 02:17:30] No changes detected.
[2026-05-20 02:18:00] No changes detected.
[2026-05-20 02:18:31] No changes detected.
[2026-05-20 02:19:01] No changes detected.
[2026-05-20 02:19:31] No changes detected.
[2026-05-20 02:20:01] No changes detected.
[2026-05-20 02:20:31] No changes detected.
[2026-05-20 02:21:02] No changes detected.
[2026-05-20 02:21:32] No changes detected.
[2026-05-20 02:22:02] No changes detected.
[2026-05-20 02:22:32] No changes detected.
[2026-05-20 02:23:02] No changes detected.
[2026-05-20 02:23:33] No changes detected.
[2026-05-20 02:24:03] No changes detected.
[2026-05-20 02:24:33] No changes detected.
[2026-05-20 02:25:03] No changes detected.
[2026-05-20 02:25:34] No changes detected.
[2026-05-20 02:26:04] No changes detected.
[2026-05-20 02:26:34] No changes detected.
[2026-05-20 02:27:04] No changes detected.
[2026-05-20 02:27:34] No changes detected.
[2026-05-20 02:28:05] No changes detected.
[2026-05-20 02:28:35] No changes detected.
[2026-05-20 02:29:05] No changes detected.
[2026-05-20 02:29:35] No changes detected.
[2026-05-20 02:30:05] No changes detected.
[2026-05-20 02:30:36] No changes detected.
[2026-05-20 02:31:06] No changes detected.
[2026-05-20 02:31:36] No changes detected.
[2026-05-20 02:32:06] No changes detected.
[2026-05-20 02:32:37] No changes detected.
[2026-05-20 02:33:07] No changes detected.
[2026-05-20 02:33:37] No changes detected.
[2026-05-20 02:34:07] No changes detected.
[2026-05-20 02:34:37] No changes detected.
[2026-05-20 02:35:08] No changes detected.
[2026-05-20 02:35:38] No changes detected.
[2026-05-20 02:36:08] No changes detected.
[2026-05-20 02:36:38] No changes detected.
[2026-05-20 02:37:08] No changes detected.
[2026-05-20 02:37:39] No changes detected.
[2026-05-20 02:38:09] No changes detected.
[2026-05-20 02:38:39] No changes detected.
[2026-05-20 02:39:09] No changes detected.
[2026-05-20 02:39:39] No changes detected.
[2026-05-20 02:40:10] No changes detected.
[2026-05-20 02:40:40] No changes detected.
[2026-05-20 02:41:10] No changes detected.
[2026-05-20 02:41:40] No changes detected.
[2026-05-20 02:42:11] No changes detected.
[2026-05-20 02:42:41] No changes detected.
[2026-05-20 02:43:11] No changes detected.
[2026-05-20 02:43:41] No changes detected.
[2026-05-20 02:44:11] No changes detected.
[2026-05-20 02:44:42] No changes detected.
[2026-05-20 02:45:12] No changes detected.
[2026-05-20 02:45:42] No changes detected.
[2026-05-20 02:46:12] No changes detected.
[2026-05-20 02:46:43] No changes detected.
[2026-05-20 02:47:13] No changes detected.
[2026-05-20 02:47:43] No changes detected.
[2026-05-20 02:48:13] No changes detected.
[2026-05-20 02:48:44] No changes detected.
[2026-05-20 02:49:14] No changes detected.
[2026-05-20 02:49:44] No changes detected.
[2026-05-20 02:50:14] No changes detected.
[2026-05-20 02:50:44] No changes detected.
[2026-05-20 02:51:15] No changes detected.
[2026-05-20 02:51:45] No changes detected.
[2026-05-20 02:52:15] No changes detected.
[2026-05-20 02:52:45] No changes detected.
[2026-05-20 02:53:16] No changes detected.
[2026-05-20 02:53:46] No changes detected.
[2026-05-20 02:54:16] No changes detected.
[2026-05-20 02:54:46] No changes detected.
[2026-05-20 02:55:16] No changes detected.
[2026-05-20 02:55:47] No changes detected.
[2026-05-20 02:56:17] No changes detected.
[2026-05-20 02:56:47] No changes detected.
[2026-05-20 02:57:17] No changes detected.
[2026-05-20 02:57:48] No changes detected.
[2026-05-20 02:58:18] No changes detected.
[2026-05-20 02:58:48] No changes detected.
[2026-05-20 02:59:18] No changes detected.
[2026-05-20 02:59:48] No changes detected.
[2026-05-20 03:00:19] No changes detected.
[2026-05-20 03:00:49] No changes detected.
[2026-05-20 03:01:19] No changes detected.
[2026-05-20 03:01:49] No changes detected.
[2026-05-20 03:02:19] No changes detected.
[2026-05-20 03:02:50] No changes detected.
[2026-05-20 03:03:20] No changes detected.
[2026-05-20 03:03:50] No changes detected.
[2026-05-20 03:04:20] No changes detected.
[2026-05-20 03:04:50] No changes detected.
[2026-05-20 03:05:21] No changes detected.
[2026-05-20 03:05:51] No changes detected.
[2026-05-20 03:06:21] No changes detected.
[2026-05-20 03:06:51] No changes detected.
[2026-05-20 03:07:22] No changes detected.
[2026-05-20 03:07:52] No changes detected.
[2026-05-20 03:08:22] No changes detected.
[2026-05-20 03:08:52] No changes detected.
[2026-05-20 03:09:22] No changes detected.
[2026-05-20 03:09:53] No changes detected.
[2026-05-20 03:10:23] No changes detected.
[2026-05-20 03:10:53] No changes detected.
[2026-05-20 03:11:23] No changes detected.
[2026-05-20 03:11:53] No changes detected.
[2026-05-20 03:12:24] No changes detected.
[2026-05-20 03:12:54] No changes detected.
[2026-05-20 03:13:24] No changes detected.
[2026-05-20 03:13:54] No changes detected.
[2026-05-20 03:14:25] No changes detected.
[2026-05-20 03:14:55] No changes detected.
[2026-05-20 03:15:25] No changes detected.
[2026-05-20 03:15:55] No changes detected.
[2026-05-20 03:16:25] No changes detected.
[2026-05-20 03:16:56] No changes detected.
[2026-05-20 03:17:26] No changes detected.
[2026-05-20 03:17:56] No changes detected.
[2026-05-20 03:18:26] No changes detected.
[2026-05-20 03:18:57] No changes detected.
[2026-05-20 03:19:27] No changes detected.
[2026-05-20 03:19:57] No changes detected.
[2026-05-20 03:20:27] No changes detected.
[2026-05-20 03:20:57] No changes detected.
[2026-05-20 03:21:28] No changes detected.
[2026-05-20 03:21:58] No changes detected.
[2026-05-20 03:22:28] No changes detected.
[2026-05-20 03:22:58] No changes detected.
[2026-05-20 03:23:28] No changes detected.
[2026-05-20 03:23:59] No changes detected.
[2026-05-20 03:24:29] No changes detected.
[2026-05-20 03:24:59] No changes detected.
[2026-05-20 03:25:29] No changes detected.
[2026-05-20 03:26:00] No changes detected.
[2026-05-20 03:26:30] No changes detected.
[2026-05-20 03:27:00] No changes detected.
[2026-05-20 03:27:30] No changes detected.
[2026-05-20 03:28:00] No changes detected.
[2026-05-20 03:28:31] No changes detected.
[2026-05-20 03:29:01] No changes detected.
[2026-05-20 03:29:31] No changes detected.
[2026-05-20 03:30:01] No changes detected.
[2026-05-20 03:30:32] No changes detected.
[2026-05-20 03:31:02] No changes detected.
[2026-05-20 03:31:32] No changes detected.
[2026-05-20 03:32:02] No changes detected.
[2026-05-20 03:32:32] No changes detected.
[2026-05-20 03:33:03] No changes detected.
[2026-05-20 03:33:33] No changes detected.
[2026-05-20 03:34:03] No changes detected.
[2026-05-20 03:34:33] No changes detected.
[2026-05-20 03:35:03] No changes detected.
[2026-05-20 03:35:34] No changes detected.
[2026-05-20 03:36:04] No changes detected.
[2026-05-20 03:36:34] No changes detected.
[2026-05-20 03:37:04] No changes detected.
[2026-05-20 03:37:35] No changes detected.
[2026-05-20 03:38:05] No changes detected.
[2026-05-20 03:38:35] No changes detected.
[2026-05-20 03:39:05] No changes detected.
[2026-05-20 03:39:35] No changes detected.
[2026-05-20 03:40:06] No changes detected.
[2026-05-20 03:40:36] No changes detected.
[2026-05-20 03:41:06] No changes detected.
[2026-05-20 03:41:36] No changes detected.
[2026-05-20 03:42:06] No changes detected.
[2026-05-20 03:42:37] No changes detected.
[2026-05-20 03:43:07] No changes detected.
[2026-05-20 03:43:37] No changes detected.
[2026-05-20 03:44:07] No changes detected.
[2026-05-20 03:44:37] No changes detected.
[2026-05-20 03:45:08] No changes detected.
[2026-05-20 03:45:38] No changes detected.
[2026-05-20 03:46:08] No changes detected.
[2026-05-20 03:46:38] No changes detected.
[2026-05-20 03:47:08] No changes detected.
[2026-05-20 03:47:39] No changes detected.
[2026-05-20 03:48:09] No changes detected.
[2026-05-20 03:48:39] No changes detected.
[2026-05-20 03:49:09] No changes detected.
[2026-05-20 03:49:40] No changes detected.
[2026-05-20 03:50:10] No changes detected.
[2026-05-20 03:50:40] No changes detected.
[2026-05-20 03:51:10] No changes detected.
[2026-05-20 03:51:40] No changes detected.
[2026-05-20 03:52:11] No changes detected.
[2026-05-20 03:52:41] No changes detected.
[2026-05-20 03:53:11] No changes detected.
[2026-05-20 03:53:41] No changes detected.
[2026-05-20 03:54:11] No changes detected.
[2026-05-20 03:54:42] No changes detected.
[2026-05-20 03:55:12] No changes detected.
[2026-05-20 03:55:42] No changes detected.
[2026-05-20 03:56:12] No changes detected.
[2026-05-20 03:56:43] No changes detected.
[2026-05-20 03:57:13] No changes detected.
[2026-05-20 03:57:43] No changes detected.
[2026-05-20 03:58:13] No changes detected.
[2026-05-20 03:58:43] No changes detected.
[2026-05-20 03:59:14] No changes detected.
[2026-05-20 03:59:44] No changes detected.
[2026-05-20 04:00:14] No changes detected.
[2026-05-20 04:00:44] No changes detected.
[2026-05-20 04:01:14] No changes detected.
[2026-05-20 04:01:45] No changes detected.
[2026-05-20 04:02:15] No changes detected.
[2026-05-20 04:02:45] No changes detected.
[2026-05-20 04:03:15] No changes detected.
[2026-05-20 04:03:45] No changes detected.
[2026-05-20 04:04:16] No changes detected.
[2026-05-20 04:04:46] No changes detected.
[2026-05-20 04:05:16] No changes detected.
[2026-05-20 04:05:46] No changes detected.
[2026-05-20 04:06:17] No changes detected.
[2026-05-20 04:06:47] No changes detected.
[2026-05-20 04:07:17] No changes detected.
[2026-05-20 04:07:47] No changes detected.
[2026-05-20 04:08:17] No changes detected.
[2026-05-20 04:08:47] No changes detected.
[2026-05-20 04:09:18] No changes detected.
[2026-05-20 04:09:48] No changes detected.
[2026-05-20 04:10:18] No changes detected.
[2026-05-20 04:10:48] No changes detected.
[2026-05-20 04:11:19] No changes detected.
[2026-05-20 04:11:49] No changes detected.
[2026-05-20 04:12:19] No changes detected.
[2026-05-20 04:12:49] No changes detected.
[2026-05-20 04:13:19] No changes detected.
[2026-05-20 04:13:50] No changes detected.
[2026-05-20 04:14:20] No changes detected.
[2026-05-20 04:14:50] No changes detected.
[2026-05-20 04:15:20] No changes detected.
[2026-05-20 04:15:50] No changes detected.
[2026-05-20 04:16:21] No changes detected.
[2026-05-20 04:16:51] No changes detected.
[2026-05-20 04:17:21] No changes detected.
[2026-05-20 04:17:51] No changes detected.
[2026-05-20 04:18:22] No changes detected.
[2026-05-20 04:18:52] No changes detected.
[2026-05-20 04:19:22] No changes detected.
[2026-05-20 04:19:52] No changes detected.
[2026-05-20 04:20:22] No changes detected.
[2026-05-20 04:20:53] No changes detected.
[2026-05-20 04:21:23] No changes detected.
[2026-05-20 04:21:53] No changes detected.
[2026-05-20 04:22:23] No changes detected.
[2026-05-20 04:22:53] No changes detected.
[2026-05-20 04:23:24] No changes detected.
[2026-05-20 04:23:54] No changes detected.
[2026-05-20 04:24:24] No changes detected.
[2026-05-20 04:24:54] No changes detected.
[2026-05-20 04:25:24] No changes detected.
[2026-05-20 04:25:55] No changes detected.
[2026-05-20 04:26:25] No changes detected.
[2026-05-20 04:26:55] No changes detected.
[2026-05-20 04:27:25] No changes detected.
[2026-05-20 04:27:55] No changes detected.
[2026-05-20 04:28:26] No changes detected.
[2026-05-20 04:28:56] No changes detected.
[2026-05-20 04:29:26] No changes detected.
[2026-05-20 04:29:56] No changes detected.
[2026-05-20 04:30:27] No changes detected.
[2026-05-20 04:30:57] No changes detected.
[2026-05-20 04:31:27] No changes detected.
[2026-05-20 04:31:57] No changes detected.
[2026-05-20 04:32:27] No changes detected.
[2026-05-20 04:32:58] No changes detected.
[2026-05-20 04:33:28] No changes detected.
[2026-05-20 04:33:58] No changes detected.
[2026-05-20 04:34:28] No changes detected.
[2026-05-20 04:34:58] No changes detected.
[2026-05-20 04:35:29] No changes detected.
[2026-05-20 04:35:59] No changes detected.
[2026-05-20 04:36:29] No changes detected.
[2026-05-20 04:36:59] No changes detected.
[2026-05-20 04:37:30] No changes detected.
[2026-05-20 04:38:00] No changes detected.
[2026-05-20 04:38:30] No changes detected.
[2026-05-20 04:39:00] No changes detected.
[2026-05-20 04:39:30] No changes detected.
[2026-05-20 04:40:01] No changes detected.
[2026-05-20 04:40:31] No changes detected.
[2026-05-20 04:41:01] No changes detected.
[2026-05-20 04:41:31] No changes detected.
[2026-05-20 04:42:01] No changes detected.
[2026-05-20 04:42:32] No changes detected.
[2026-05-20 04:43:02] No changes detected.
[2026-05-20 04:43:32] No changes detected.
[2026-05-20 04:44:02] No changes detected.
[2026-05-20 04:44:33] No changes detected.
[2026-05-20 04:45:03] No changes detected.
[2026-05-20 04:45:33] No changes detected.
[2026-05-20 04:46:03] No changes detected.
[2026-05-20 04:46:33] No changes detected.
[2026-05-20 04:47:04] No changes detected.
[2026-05-20 04:47:34] No changes detected.
[2026-05-20 04:48:04] No changes detected.
[2026-05-20 04:48:34] No changes detected.
[2026-05-20 04:49:04] No changes detected.
[2026-05-20 04:49:35] No changes detected.
[2026-05-20 04:50:05] No changes detected.
[2026-05-20 04:50:35] No changes detected.
[2026-05-20 04:51:05] No changes detected.
[2026-05-20 04:51:36] No changes detected.
[2026-05-20 04:52:06] No changes detected.
[2026-05-20 04:52:36] No changes detected.
[2026-05-20 04:53:06] No changes detected.
[2026-05-20 04:53:36] No changes detected.
[2026-05-20 04:54:07] No changes detected.
[2026-05-20 04:54:37] No changes detected.
[2026-05-20 04:55:07] No changes detected.
[2026-05-20 04:55:37] No changes detected.
[2026-05-20 04:56:07] No changes detected.
[2026-05-20 04:56:38] No changes detected.
[2026-05-20 04:57:08] No changes detected.
[2026-05-20 04:57:38] No changes detected.
[2026-05-20 04:58:08] No changes detected.
[2026-05-20 04:58:39] No changes detected.
[2026-05-20 04:59:09] No changes detected.
[2026-05-20 04:59:39] No changes detected.
[2026-05-20 05:00:09] No changes detected.
[2026-05-20 05:00:39] No changes detected.
[2026-05-20 05:01:10] No changes detected.
[2026-05-20 05:01:40] No changes detected.
[2026-05-20 05:02:10] No changes detected.
[2026-05-20 05:02:40] No changes detected.
[2026-05-20 05:03:10] No changes detected.
[2026-05-20 05:03:41] No changes detected.
[2026-05-20 05:04:11] No changes detected.
[2026-05-20 05:04:41] No changes detected.
[2026-05-20 05:05:11] No changes detected.
[2026-05-20 05:05:42] No changes detected.
[2026-05-20 05:06:12] No changes detected.
[2026-05-20 05:06:42] No changes detected.
[2026-05-20 05:07:12] No changes detected.
[2026-05-20 05:07:42] No changes detected.
[2026-05-20 05:08:13] No changes detected.
[2026-05-20 05:08:43] No changes detected.
[2026-05-20 05:09:13] No changes detected.
[2026-05-20 05:09:43] No changes detected.
[2026-05-20 05:10:13] No changes detected.
[2026-05-20 05:10:44] No changes detected.
[2026-05-20 05:11:14] No changes detected.
[2026-05-20 05:11:44] No changes detected.
[2026-05-20 05:12:14] No changes detected.
[2026-05-20 05:12:44] No changes detected.
[2026-05-20 05:13:15] No changes detected.
[2026-05-20 05:13:45] No changes detected.
[2026-05-20 05:14:15] No changes detected.
[2026-05-20 05:14:45] No changes detected.
[2026-05-20 05:15:16] No changes detected.
[2026-05-20 05:15:46] No changes detected.
[2026-05-20 05:16:16] No changes detected.
[2026-05-20 05:16:46] No changes detected.
[2026-05-20 05:17:16] No changes detected.
[2026-05-20 05:17:47] No changes detected.
[2026-05-20 05:18:17] No changes detected.
[2026-05-20 05:18:47] No changes detected.
[2026-05-20 05:19:17] No changes detected.
[2026-05-20 05:19:47] No changes detected.
[2026-05-20 05:20:18] No changes detected.
[2026-05-20 05:20:48] No changes detected.
[2026-05-20 05:21:18] No changes detected.
[2026-05-20 05:21:48] No changes detected.
[2026-05-20 05:22:18] No changes detected.
[2026-05-20 05:22:49] No changes detected.
[2026-05-20 05:23:19] No changes detected.
[2026-05-20 05:23:49] No changes detected.
[2026-05-20 05:24:19] No changes detected.
[2026-05-20 05:24:50] No changes detected.
[2026-05-20 05:25:20] No changes detected.
[2026-05-20 05:25:50] No changes detected.
[2026-05-20 05:26:20] No changes detected.
[2026-05-20 05:26:50] No changes detected.
[2026-05-20 05:27:21] No changes detected.
[2026-05-20 05:27:51] No changes detected.
[2026-05-20 05:28:21] No changes detected.
[2026-05-20 05:28:51] No changes detected.
[2026-05-20 05:29:22] No changes detected.
[2026-05-20 05:29:52] No changes detected.
[2026-05-20 05:30:22] No changes detected.
[2026-05-20 05:30:52] No changes detected.
[2026-05-20 05:31:22] No changes detected.
[2026-05-20 05:31:53] No changes detected.
[2026-05-20 05:32:23] No changes detected.
[2026-05-20 05:32:53] No changes detected.
[2026-05-20 05:33:23] No changes detected.
[2026-05-20 05:33:53] No changes detected.
[2026-05-20 05:34:24] No changes detected.
[2026-05-20 05:34:54] No changes detected.
[2026-05-20 05:35:24] No changes detected.
[2026-05-20 05:35:54] No changes detected.
[2026-05-20 05:36:24] No changes detected.
[2026-05-20 05:36:55] No changes detected.
[2026-05-20 05:37:25] No changes detected.
[2026-05-20 05:37:55] No changes detected.
[2026-05-20 05:38:25] No changes detected.
[2026-05-20 05:38:55] No changes detected.
[2026-05-20 05:39:26] No changes detected.
[2026-05-20 05:39:56] No changes detected.
[2026-05-20 05:40:26] No changes detected.
[2026-05-20 05:40:56] No changes detected.
[2026-05-20 05:41:26] No changes detected.
[2026-05-20 05:41:56] No changes detected.
[2026-05-20 05:42:27] No changes detected.
[2026-05-20 05:42:57] No changes detected.
[2026-05-20 05:43:27] No changes detected.
[2026-05-20 05:43:57] No changes detected.
[2026-05-20 05:44:27] No changes detected.
[2026-05-20 05:44:58] No changes detected.
[2026-05-20 05:45:28] No changes detected.
[2026-05-20 05:45:58] No changes detected.
[2026-05-20 05:46:28] No changes detected.
[2026-05-20 05:46:59] No changes detected.
[2026-05-20 05:47:29] No changes detected.
[2026-05-20 05:47:59] No changes detected.
[2026-05-20 05:48:29] No changes detected.
[2026-05-20 05:48:59] No changes detected.
[2026-05-20 05:49:30] No changes detected.
[2026-05-20 05:50:00] No changes detected.
[2026-05-20 05:50:30] No changes detected.
[2026-05-20 05:51:00] No changes detected.
[2026-05-20 05:51:30] No changes detected.
[2026-05-20 05:52:01] No changes detected.
[2026-05-20 05:52:31] No changes detected.
[2026-05-20 05:53:01] No changes detected.
[2026-05-20 05:53:31] No changes detected.
[2026-05-20 05:54:02] No changes detected.
[2026-05-20 05:54:32] No changes detected.
[2026-05-20 05:55:02] No changes detected.
[2026-05-20 05:55:32] No changes detected.
[2026-05-20 05:56:02] No changes detected.
[2026-05-20 05:56:33] No changes detected.
[2026-05-20 05:57:03] No changes detected.
[2026-05-20 05:57:33] No changes detected.
[2026-05-20 05:58:03] No changes detected.
[2026-05-20 05:58:34] No changes detected.
[2026-05-20 05:59:04] No changes detected.
[2026-05-20 05:59:34] No changes detected.
[2026-05-20 06:00:04] No changes detected.
[2026-05-20 06:00:34] No changes detected.
[2026-05-20 06:01:05] No changes detected.
[2026-05-20 06:01:35] No changes detected.
[2026-05-20 06:02:05] No changes detected.
[2026-05-20 06:02:35] No changes detected.
[2026-05-20 06:03:05] No changes detected.
[2026-05-20 06:03:36] No changes detected.
[2026-05-20 06:04:06] No changes detected.
[2026-05-20 06:04:36] No changes detected.
[2026-05-20 06:05:06] No changes detected.
[2026-05-20 06:05:37] No changes detected.
[2026-05-20 06:06:07] No changes detected.
[2026-05-20 06:06:37] No changes detected.
[2026-05-20 06:07:07] No changes detected.
[2026-05-20 06:07:37] No changes detected.
[2026-05-20 06:08:08] No changes detected.
[2026-05-20 06:08:38] No changes detected.
[2026-05-20 06:09:08] No changes detected.
[2026-05-20 06:09:38] No changes detected.
[2026-05-20 06:10:08] No changes detected.
[2026-05-20 06:10:39] No changes detected.
[2026-05-20 06:11:09] No changes detected.
[2026-05-20 06:11:39] No changes detected.
[2026-05-20 06:12:09] No changes detected.
[2026-05-20 06:12:40] No changes detected.
[2026-05-20 06:13:10] No changes detected.
[2026-05-20 06:13:40] No changes detected.
[2026-05-20 06:14:10] No changes detected.
[2026-05-20 06:14:40] No changes detected.
[2026-05-20 06:15:11] No changes detected.
[2026-05-20 06:15:41] No changes detected.
[2026-05-20 06:16:11] No changes detected.
[2026-05-20 06:16:41] No changes detected.
[2026-05-20 06:17:12] No changes detected.
[2026-05-20 06:17:42] No changes detected.
[2026-05-20 06:18:12] No changes detected.
[2026-05-20 06:18:42] No changes detected.
[2026-05-20 06:19:12] No changes detected.
[2026-05-20 06:19:43] No changes detected.
[2026-05-20 06:20:13] No changes detected.
[2026-05-20 06:20:43] No changes detected.
[2026-05-20 06:21:13] No changes detected.
[2026-05-20 06:21:43] No changes detected.
[2026-05-20 06:22:14] No changes detected.
[2026-05-20 06:22:44] No changes detected.
[2026-05-20 06:23:14] No changes detected.
[2026-05-20 06:23:44] No changes detected.
[2026-05-20 06:24:15] No changes detected.
[2026-05-20 06:24:45] No changes detected.
[2026-05-20 06:25:15] No changes detected.
[2026-05-20 06:25:45] No changes detected.
[2026-05-20 06:26:15] No changes detected.
[2026-05-20 06:26:46] No changes detected.
[2026-05-20 06:27:16] No changes detected.
[2026-05-20 06:27:46] No changes detected.
[2026-05-20 06:28:16] No changes detected.
[2026-05-20 06:28:46] No changes detected.
[2026-05-20 06:29:17] No changes detected.
[2026-05-20 06:29:47] No changes detected.
[2026-05-20 06:30:17] No changes detected.
[2026-05-20 06:30:47] No changes detected.
[2026-05-20 06:31:18] No changes detected.
[2026-05-20 06:31:48] No changes detected.
[2026-05-20 06:32:18] No changes detected.
[2026-05-20 06:32:48] No changes detected.
[2026-05-20 06:33:18] No changes detected.
[2026-05-20 06:33:49] No changes detected.
[2026-05-20 06:34:19] No changes detected.
[2026-05-20 06:34:49] No changes detected.
[2026-05-20 06:35:19] No changes detected.
[2026-05-20 06:35:49] No changes detected.
[2026-05-20 06:36:20] No changes detected.
[2026-05-20 06:36:50] No changes detected.
[2026-05-20 06:37:20] No changes detected.
[2026-05-20 06:37:50] No changes detected.
[2026-05-20 06:38:21] No changes detected.
[2026-05-20 06:38:51] No changes detected.
[2026-05-20 06:39:21] No changes detected.
[2026-05-20 06:39:51] No changes detected.
[2026-05-20 06:40:21] No changes detected.
[2026-05-20 06:40:52] No changes detected.
[2026-05-20 06:41:22] No changes detected.
[2026-05-20 06:41:52] No changes detected.
[2026-05-20 06:42:22] No changes detected.
[2026-05-20 06:42:53] No changes detected.
[2026-05-20 06:43:23] No changes detected.
[2026-05-20 06:43:53] No changes detected.
[2026-05-20 06:44:23] No changes detected.
[2026-05-20 06:44:53] No changes detected.
[2026-05-20 06:45:24] No changes detected.
[2026-05-20 06:45:54] No changes detected.
[2026-05-20 06:46:24] No changes detected.
[2026-05-20 06:46:54] No changes detected.
[2026-05-20 06:47:24] No changes detected.
[2026-05-20 06:47:55] No changes detected.
[2026-05-20 06:48:25] No changes detected.
[2026-05-20 06:48:55] No changes detected.
[2026-05-20 06:49:25] No changes detected.
[2026-05-20 06:49:56] No changes detected.
[2026-05-20 06:50:26] No changes detected.
[2026-05-20 06:50:56] No changes detected.
[2026-05-20 06:51:26] No changes detected.
[2026-05-20 06:51:56] No changes detected.
[2026-05-20 06:52:27] No changes detected.
[2026-05-20 06:52:57] No changes detected.
[2026-05-20 06:53:27] No changes detected.
[2026-05-20 06:53:57] No changes detected.
[2026-05-20 06:54:27] No changes detected.
[2026-05-20 06:54:58] No changes detected.
[2026-05-20 06:55:28] No changes detected.
[2026-05-20 06:55:58] No changes detected.
[2026-05-20 06:56:28] No changes detected.
[2026-05-20 06:56:59] No changes detected.
[2026-05-20 06:57:29] No changes detected.
[2026-05-20 06:57:59] No changes detected.
[2026-05-20 06:58:29] No changes detected.
[2026-05-20 06:58:59] No changes detected.
[2026-05-20 06:59:30] No changes detected.
[2026-05-20 07:00:00] No changes detected.
[2026-05-20 07:00:30] No changes detected.
[2026-05-20 07:01:00] No changes detected.
[2026-05-20 07:01:30] No changes detected.
[2026-05-20 07:02:01] No changes detected.
[2026-05-20 07:02:31] No changes detected.
[2026-05-20 07:03:01] No changes detected.
[2026-05-20 07:03:31] No changes detected.
[2026-05-20 07:04:02] No changes detected.
[2026-05-20 07:04:32] No changes detected.
[2026-05-20 07:05:02] No changes detected.
[2026-05-20 07:05:32] No changes detected.
[2026-05-20 07:06:02] No changes detected.
[2026-05-20 07:06:32] No changes detected.
[2026-05-20 07:07:03] No changes detected.
[2026-05-20 07:07:33] No changes detected.
[2026-05-20 07:08:03] No changes detected.
[2026-05-20 07:08:33] No changes detected.
[2026-05-20 07:09:04] No changes detected.
[2026-05-20 07:09:34] No changes detected.
[2026-05-20 07:10:04] No changes detected.
[2026-05-20 07:10:34] No changes detected.
[2026-05-20 07:11:04] No changes detected.
[2026-05-20 07:11:35] No changes detected.
[2026-05-20 07:12:05] No changes detected.
[2026-05-20 07:12:35] No changes detected.
[2026-05-20 07:13:05] No changes detected.
[2026-05-20 07:13:35] No changes detected.
[2026-05-20 07:14:06] No changes detected.
[2026-05-20 07:14:36] No changes detected.
[2026-05-20 07:15:06] No changes detected.
[2026-05-20 07:15:36] No changes detected.
[2026-05-20 07:16:07] No changes detected.
[2026-05-20 07:16:37] No changes detected.
[2026-05-20 07:17:07] No changes detected.
[2026-05-20 07:17:37] No changes detected.
[2026-05-20 07:18:07] No changes detected.
[2026-05-20 07:18:38] No changes detected.
[2026-05-20 07:19:08] No changes detected.
[2026-05-20 07:19:38] No changes detected.
[2026-05-20 07:20:08] No changes detected.
[2026-05-20 07:20:38] No changes detected.
[2026-05-20 07:21:09] No changes detected.
[2026-05-20 07:21:39] No changes detected.
[2026-05-20 07:22:09] No changes detected.
[2026-05-20 07:22:39] No changes detected.
[2026-05-20 07:23:10] No changes detected.
[2026-05-20 07:23:40] No changes detected.
[2026-05-20 07:24:10] No changes detected.
[2026-05-20 07:24:40] No changes detected.
[2026-05-20 07:25:10] No changes detected.
[2026-05-20 07:25:40] No changes detected.
[2026-05-20 07:26:11] No changes detected.
[2026-05-20 07:26:41] No changes detected.
[2026-05-20 07:27:11] No changes detected.
[2026-05-20 07:27:41] No changes detected.
[2026-05-20 07:28:12] No changes detected.
[2026-05-20 07:28:42] No changes detected.
[2026-05-20 07:29:12] No changes detected.
[2026-05-20 07:29:42] No changes detected.
[2026-05-20 07:30:12] No changes detected.
[2026-05-20 07:30:43] No changes detected.
[2026-05-20 07:31:13] No changes detected.
[2026-05-20 07:31:43] No changes detected.
[2026-05-20 07:32:13] No changes detected.
[2026-05-20 07:32:44] No changes detected.
[2026-05-20 07:33:14] No changes detected.
[2026-05-20 07:33:44] No changes detected.
[2026-05-20 07:34:14] No changes detected.
[2026-05-20 07:34:44] No changes detected.
[2026-05-20 07:35:15] No changes detected.
[2026-05-20 07:35:45] No changes detected.
[2026-05-20 07:36:15] No changes detected.
[2026-05-20 07:36:45] No changes detected.
[2026-05-20 07:37:16] No changes detected.
[2026-05-20 07:37:46] No changes detected.
[2026-05-20 07:38:16] No changes detected.
[2026-05-20 07:38:46] No changes detected.
[2026-05-20 07:39:16] No changes detected.
[2026-05-20 07:39:47] No changes detected.
[2026-05-20 07:40:17] No changes detected.
[2026-05-20 07:40:47] No changes detected.
[2026-05-20 07:41:17] No changes detected.
[2026-05-20 07:41:47] No changes detected.
[2026-05-20 07:42:18] No changes detected.
[2026-05-20 07:42:48] No changes detected.
[2026-05-20 07:43:18] No changes detected.
[2026-05-20 07:43:48] No changes detected.
[2026-05-20 07:44:19] No changes detected.
[2026-05-20 07:44:49] No changes detected.
[2026-05-20 07:45:19] No changes detected.
[2026-05-20 07:45:49] No changes detected.
[2026-05-20 07:46:19] No changes detected.
[2026-05-20 07:46:50] No changes detected.
[2026-05-20 07:47:20] No changes detected.
[2026-05-20 07:47:50] No changes detected.
[2026-05-20 07:48:20] No changes detected.
[2026-05-20 07:48:50] No changes detected.
[2026-05-20 07:49:21] No changes detected.
[2026-05-20 07:49:51] No changes detected.
[2026-05-20 07:50:21] No changes detected.
[2026-05-20 07:50:51] No changes detected.
[2026-05-20 07:51:22] No changes detected.
[2026-05-20 07:51:52] No changes detected.
[2026-05-20 07:52:22] No changes detected.
[2026-05-20 07:52:52] No changes detected.
[2026-05-20 07:53:22] No changes detected.
[2026-05-20 07:53:53] No changes detected.
[2026-05-20 07:54:23] No changes detected.
[2026-05-20 07:54:53] No changes detected.
[2026-05-20 07:55:23] No changes detected.
[2026-05-20 07:55:53] No changes detected.
[2026-05-20 07:56:24] No changes detected.
[2026-05-20 07:56:54] No changes detected.
[2026-05-20 07:57:24] No changes detected.
[2026-05-20 07:57:54] No changes detected.
[2026-05-20 07:58:25] No changes detected.
[2026-05-20 07:58:55] No changes detected.
[2026-05-20 07:59:25] No changes detected.
[2026-05-20 07:59:55] No changes detected.
[2026-05-20 08:00:25] No changes detected.
[2026-05-20 08:00:56] No changes detected.
[2026-05-20 08:01:26] No changes detected.
[2026-05-20 08:01:56] No changes detected.
[2026-05-20 08:02:26] No changes detected.
[2026-05-20 08:02:57] No changes detected.
[2026-05-20 08:03:27] No changes detected.
[2026-05-20 08:03:57] No changes detected.
[2026-05-20 08:04:27] No changes detected.
[2026-05-20 08:04:57] No changes detected.
[2026-05-20 08:05:28] No changes detected.
[2026-05-20 08:05:58] No changes detected.
[2026-05-20 08:06:28] No changes detected.
[2026-05-20 08:06:58] No changes detected.
[2026-05-20 08:07:28] No changes detected.
[2026-05-20 08:07:59] No changes detected.
[2026-05-20 08:08:29] No changes detected.
[2026-05-20 08:08:59] No changes detected.
[2026-05-20 08:09:29] No changes detected.
[2026-05-20 08:09:59] No changes detected.
[2026-05-20 08:10:30] No changes detected.
[2026-05-20 08:11:00] No changes detected.
[2026-05-20 08:11:30] No changes detected.
[2026-05-20 08:12:00] No changes detected.
[2026-05-20 08:12:30] No changes detected.
[2026-05-20 08:13:01] No changes detected.
[2026-05-20 08:13:31] No changes detected.
[2026-05-20 08:14:01] No changes detected.
[2026-05-20 08:14:31] No changes detected.
[2026-05-20 08:15:02] No changes detected.
[2026-05-20 08:15:32] No changes detected.
[2026-05-20 08:16:02] No changes detected.
[2026-05-20 08:16:32] No changes detected.
[2026-05-20 08:17:02] No changes detected.
[2026-05-20 08:17:40] No changes detected.
[2026-05-20 08:19:52] No changes detected.
[2026-05-20 08:21:38] No changes detected.
[2026-05-20 08:22:33] No changes detected.
[2026-05-20 08:31:21] No changes detected.
[2026-05-20 08:31:52] No changes detected.
[2026-05-20 08:32:22] No changes detected.
[2026-05-20 08:32:52] No changes detected.
[2026-05-20 08:33:22] No changes detected.
[2026-05-20 08:33:52] No changes detected.
[2026-05-20 08:34:23] No changes detected.
[2026-05-20 08:34:53] No changes detected.
[2026-05-20 08:35:23] No changes detected.
[2026-05-20 08:35:53] No changes detected.
[2026-05-20 08:36:23] No changes detected.
[2026-05-20 08:36:53] No changes detected.
[2026-05-20 08:37:23] No changes detected.
[2026-05-20 08:37:54] No changes detected.
[2026-05-20 08:38:24] No changes detected.
[2026-05-20 08:38:54] No changes detected.
[2026-05-20 08:39:24] No changes detected.
[2026-05-20 08:39:54] No changes detected.
[2026-05-20 08:40:24] No changes detected.
[2026-05-20 08:40:54] No changes detected.
[2026-05-20 08:41:25] No changes detected.
[2026-05-20 08:41:55] No changes detected.
[2026-05-20 08:42:25] No changes detected.
[2026-05-20 08:42:55] No changes detected.
[2026-05-20 08:43:25] No changes detected.
[2026-05-20 08:43:55] No changes detected.
[2026-05-20 08:44:25] No changes detected.
[2026-05-20 08:44:56] No changes detected.
[2026-05-20 08:45:26] No changes detected.
[2026-05-20 08:45:56] No changes detected.
[2026-05-20 08:46:26] No changes detected.
[2026-05-20 08:46:56] No changes detected.
[2026-05-20 08:47:26] No changes detected.
[2026-05-20 08:47:56] No changes detected.
[2026-05-20 08:48:26] No changes detected.
[2026-05-20 08:48:57] No changes detected.
[2026-05-20 08:49:27] No changes detected.
[2026-05-20 08:49:57] No changes detected.
[2026-05-20 08:50:27] No changes detected.
[2026-05-20 08:50:57] No changes detected.
[2026-05-20 08:51:27] No changes detected.
[2026-05-20 08:51:57] No changes detected.
[2026-05-20 08:52:28] No changes detected.
[2026-05-20 08:52:58] No changes detected.
[2026-05-20 08:53:28] No changes detected.
[2026-05-20 08:53:58] No changes detected.
[2026-05-20 08:54:28] No changes detected.
[2026-05-20 08:54:58] No changes detected.
[2026-05-20 08:55:28] No changes detected.
[2026-05-20 08:55:58] No changes detected.
[2026-05-20 08:56:29] No changes detected.
[2026-05-20 08:56:59] No changes detected.
[2026-05-20 08:57:29] No changes detected.
[2026-05-20 08:57:59] No changes detected.
[2026-05-20 08:58:29] No changes detected.
[2026-05-20 08:58:59] No changes detected.
[2026-05-20 08:59:29] No changes detected.
[2026-05-20 09:00:00] No changes detected.
[2026-05-20 09:00:30] No changes detected.
[2026-05-20 09:01:00] No changes detected.
[2026-05-20 09:01:30] No changes detected.
[2026-05-20 09:02:00] No changes detected.
[2026-05-20 09:02:30] No changes detected.
[2026-05-20 09:03:00] No changes detected.
[2026-05-20 09:03:30] No changes detected.
[2026-05-20 09:04:01] No changes detected.
[2026-05-20 09:04:31] No changes detected.
[2026-05-20 09:05:01] No changes detected.
[2026-05-20 09:05:31] No changes detected.
[2026-05-20 09:06:01] No changes detected.
[2026-05-20 09:06:31] No changes detected.
[2026-05-20 09:07:01] No changes detected.
[2026-05-20 09:07:32] No changes detected.
[2026-05-20 09:08:02] No changes detected.
[2026-05-20 09:08:32] No changes detected.
[2026-05-20 09:09:02] No changes detected.
[2026-05-20 09:09:32] No changes detected.
[2026-05-20 09:10:02] No changes detected.
[2026-05-20 09:10:32] No changes detected.
[2026-05-20 09:11:03] No changes detected.
[2026-05-20 09:11:33] No changes detected.
[2026-05-20 09:12:03] No changes detected.
[2026-05-20 09:12:33] No changes detected.
[2026-05-20 09:13:03] No changes detected.
[2026-05-20 09:13:33] No changes detected.
[2026-05-20 09:14:03] No changes detected.
[2026-05-20 09:14:33] No changes detected.
[2026-05-20 09:15:04] No changes detected.
[2026-05-20 09:15:34] No changes detected.
[2026-05-20 09:16:04] No changes detected.
[2026-05-20 09:16:34] No changes detected.
[2026-05-20 09:17:04] No changes detected.
[2026-05-20 09:17:34] No changes detected.
[2026-05-20 09:18:05] No changes detected.
[2026-05-20 09:18:35] No changes detected.
[2026-05-20 09:19:05] No changes detected.
[2026-05-20 09:19:35] No changes detected.
[2026-05-20 09:20:05] No changes detected.
[2026-05-20 09:20:35] No changes detected.
[2026-05-20 09:21:05] No changes detected.
[2026-05-20 09:21:36] No changes detected.
[2026-05-20 09:22:06] No changes detected.
[2026-05-20 09:22:36] No changes detected.
[2026-05-20 09:23:06] No changes detected.
[2026-05-20 09:23:36] No changes detected.
[2026-05-20 09:24:06] No changes detected.
[2026-05-20 09:24:36] No changes detected.
[2026-05-20 09:25:07] No changes detected.
[2026-05-20 09:25:37] No changes detected.
[2026-05-20 09:26:07] No changes detected.
[2026-05-20 09:26:37] No changes detected.
[2026-05-20 09:27:07] No changes detected.
[2026-05-20 09:27:37] No changes detected.
[2026-05-20 09:28:07] No changes detected.
[2026-05-20 09:28:37] No changes detected.
[2026-05-20 09:29:08] No changes detected.
[2026-05-20 09:29:38] No changes detected.
[2026-05-20 09:30:08] No changes detected.
[2026-05-20 09:30:38] No changes detected.
[2026-05-20 09:31:08] No changes detected.
[2026-05-20 09:31:38] No changes detected.
[2026-05-20 09:32:08] No changes detected.
[2026-05-20 09:32:39] No changes detected.
[2026-05-20 09:33:09] No changes detected.
[2026-05-20 09:33:39] No changes detected.
[2026-05-20 09:34:09] No changes detected.
[2026-05-20 09:34:39] No changes detected.
[2026-05-20 09:35:09] No changes detected.
[2026-05-20 09:35:39] No changes detected.
[2026-05-20 09:36:10] No changes detected.
[2026-05-20 09:36:40] No changes detected.
[2026-05-20 09:37:10] No changes detected.
[2026-05-20 09:37:40] No changes detected.
[2026-05-20 09:38:10] No changes detected.
[2026-05-20 09:38:40] No changes detected.
[2026-05-20 09:39:10] No changes detected.
[2026-05-20 09:39:41] No changes detected.
[2026-05-20 09:40:11] No changes detected.
[2026-05-20 09:40:41] No changes detected.
[2026-05-20 09:41:11] No changes detected.
[2026-05-20 09:41:41] No changes detected.
[2026-05-20 09:42:11] No changes detected.
[2026-05-20 09:42:41] No changes detected.
[2026-05-20 09:43:11] No changes detected.
[2026-05-20 09:43:42] No changes detected.
[2026-05-20 09:44:12] No changes detected.
[2026-05-20 09:44:42] No changes detected.
[2026-05-20 09:45:12] No changes detected.
[2026-05-20 09:45:42] No changes detected.
[2026-05-20 09:46:12] No changes detected.
[2026-05-20 09:46:42] No changes detected.
[2026-05-20 09:47:13] No changes detected.
[2026-05-20 09:47:43] No changes detected.
[2026-05-20 09:48:13] No changes detected.
[2026-05-20 09:48:43] No changes detected.
[2026-05-20 09:49:13] No changes detected.
[2026-05-20 09:49:43] No changes detected.
[2026-05-20 09:50:13] No changes detected.
[2026-05-20 09:50:44] No changes detected.
[2026-05-20 09:51:14] No changes detected.
[2026-05-20 09:51:44] No changes detected.
[2026-05-20 09:52:14] No changes detected.
[2026-05-20 09:52:44] No changes detected.
[2026-05-20 09:53:14] No changes detected.
[2026-05-20 09:53:44] No changes detected.
[2026-05-20 09:54:14] No changes detected.
[2026-05-20 09:54:45] No changes detected.
[2026-05-20 09:55:15] No changes detected.
[2026-05-20 09:55:51] No changes detected.
[2026-05-20 09:56:21] No changes detected.
[2026-05-20 09:56:51] No changes detected.
[2026-05-20 09:57:21] No changes detected.
[2026-05-20 09:57:51] No changes detected.
[2026-05-20 09:58:21] No changes detected.
[2026-05-20 09:58:51] No changes detected.
[2026-05-20 09:59:22] No changes detected.
[2026-05-20 09:59:52] No changes detected.
[2026-05-20 10:00:22] No changes detected.
[2026-05-20 10:00:52] No changes detected.
[2026-05-20 10:01:22] No changes detected.
[2026-05-20 10:01:52] No changes detected.
[2026-05-20 10:02:22] No changes detected.
[2026-05-20 10:02:53] No changes detected.
[2026-05-20 10:03:23] No changes detected.
[2026-05-20 10:03:53] No changes detected.
[2026-05-20 10:04:23] No changes detected.
[2026-05-20 10:04:53] No changes detected.
[2026-05-20 10:05:23] No changes detected.
[2026-05-20 10:05:54] No changes detected.
[2026-05-20 10:06:24] No changes detected.
[2026-05-20 10:06:54] No changes detected.
[2026-05-20 10:07:24] No changes detected.
[2026-05-20 10:07:54] No changes detected.
[2026-05-20 10:08:24] No changes detected.
[2026-05-20 10:08:55] No changes detected.
[2026-05-20 10:09:25] No changes detected.
[2026-05-20 10:09:55] No changes detected.
[2026-05-20 10:10:25] No changes detected.
[2026-05-20 10:10:55] No changes detected.
[2026-05-20 10:11:25] No changes detected.
[2026-05-20 10:11:55] No changes detected.
[2026-05-20 10:12:26] No changes detected.
[2026-05-20 10:12:56] No changes detected.
[2026-05-20 10:13:26] No changes detected.
[2026-05-20 10:13:56] No changes detected.
[2026-05-20 10:14:26] No changes detected.
[2026-05-20 10:14:56] No changes detected.
[2026-05-20 10:15:26] No changes detected.
[2026-05-20 10:15:56] No changes detected.
[2026-05-20 10:16:27] No changes detected.
[2026-05-20 10:16:57] No changes detected.
[2026-05-20 10:17:27] No changes detected.
[2026-05-20 10:17:57] No changes detected.
[2026-05-20 10:18:27] No changes detected.
[2026-05-20 10:18:57] No changes detected.
[2026-05-20 10:19:28] No changes detected.
[2026-05-20 10:19:58] No changes detected.
[2026-05-20 10:20:28] No changes detected.
[2026-05-20 10:20:58] No changes detected.
[2026-05-20 10:21:29] No changes detected.
[2026-05-20 10:21:59] No changes detected.
[2026-05-20 10:22:29] No changes detected.
[2026-05-20 10:23:02] No changes detected.
[2026-05-20 10:42:12] No changes detected.
[2026-05-20 10:46:57] No changes detected.
[2026-05-20 10:47:27] No changes detected.
[2026-05-20 10:47:57] No changes detected.
[2026-05-20 10:48:27] No changes detected.
[2026-05-20 10:48:57] No changes detected.
[2026-05-20 10:49:27] No changes detected.
[2026-05-20 10:49:57] No changes detected.
[2026-05-20 10:50:27] No changes detected.
[2026-05-20 10:50:58] No changes detected.
[2026-05-20 10:51:28] No changes detected.
[2026-05-20 10:51:58] No changes detected.
[2026-05-20 10:52:28] No changes detected.
[2026-05-20 10:52:58] No changes detected.
[2026-05-20 10:53:28] No changes detected.
[2026-05-20 10:53:58] No changes detected.
[2026-05-20 10:54:29] No changes detected.
[2026-05-20 10:54:59] No changes detected.
[2026-05-20 10:55:29] No changes detected.
[2026-05-20 10:55:59] No changes detected.
[2026-05-20 10:56:30] No changes detected.
[2026-05-20 10:57:00] No changes detected.
[2026-05-20 10:57:30] No changes detected.
[2026-05-20 10:58:00] No changes detected.
[2026-05-20 10:58:30] No changes detected.
[2026-05-20 10:59:00] No changes detected.
[2026-05-20 11:09:47] No changes detected.
[2026-05-20 11:30:23] No changes detected.
[2026-05-20 12:47:34] No changes detected.
[2026-05-20 13:03:29] No changes detected.
[2026-05-20 13:03:59] No changes detected.
[2026-05-20 13:38:18] No changes detected.
[2026-05-20 13:48:37] No changes detected.
[2026-05-20 13:58:51] No changes detected.
[2026-05-20 13:59:21] No changes detected.
[2026-05-20 14:49:33] No changes detected.
[2026-05-20 14:50:04] No changes detected.
[2026-05-20 14:50:34] No changes detected.
[2026-05-20 14:51:05] No changes detected.
[2026-05-20 14:51:35] No changes detected.
[2026-05-20 14:52:05] No changes detected.
[2026-05-20 14:52:36] No changes detected.
[2026-05-20 14:53:06] No changes detected.
[2026-05-20 14:53:37] No changes detected.
[2026-05-20 14:54:07] No changes detected.
[2026-05-20 14:54:37] No changes detected.
[2026-05-20 14:55:07] No changes detected.
[2026-05-20 14:55:37] No changes detected.
[2026-05-20 14:56:07] No changes detected.
[2026-05-20 14:56:37] No changes detected.
[2026-05-20 14:57:08] No changes detected.
[2026-05-20 14:57:38] No changes detected.
[2026-05-20 14:58:08] No changes detected.
[2026-05-20 14:58:39] No changes detected.
[2026-05-20 14:59:09] No changes detected.
[2026-05-20 14:59:39] No changes detected.
[2026-05-20 15:00:09] No changes detected.
[2026-05-20 15:00:39] No changes detected.
[2026-05-20 15:01:10] No changes detected.
[2026-05-20 15:01:40] No changes detected.
[2026-05-20 15:02:10] No changes detected.
[2026-05-20 15:02:40] No changes detected.
[2026-05-20 15:03:10] No changes detected.
[2026-05-20 15:03:40] No changes detected.
[2026-05-20 15:04:10] No changes detected.
[2026-05-20 15:04:41] No changes detected.
[2026-05-20 15:05:11] No changes detected.
[2026-05-20 15:05:41] No changes detected.
[2026-05-20 15:06:11] No changes detected.
[2026-05-20 15:06:41] No changes detected.
[2026-05-20 15:07:11] No changes detected.
[2026-05-20 15:07:42] No changes detected.
[2026-05-20 15:08:12] No changes detected.
[2026-05-20 15:08:42] No changes detected.
[2026-05-20 15:09:12] No changes detected.
[2026-05-20 15:09:42] No changes detected.
[2026-05-20 15:10:12] No changes detected.
[2026-05-20 15:10:43] No changes detected.
[2026-05-20 15:11:13] No changes detected.
[2026-05-20 15:11:43] No changes detected.
[2026-05-20 15:12:13] No changes detected.
[2026-05-20 15:12:44] No changes detected.
[2026-05-20 15:13:14] No changes detected.
[2026-05-20 15:13:44] No changes detected.
[2026-05-20 15:14:14] No changes detected.
[2026-05-20 15:14:44] No changes detected.
[2026-05-20 15:15:15] No changes detected.
[2026-05-20 15:15:45] No changes detected.
[2026-05-20 15:16:15] No changes detected.
[2026-05-20 15:16:45] No changes detected.
[2026-05-20 15:17:15] No changes detected.
[2026-05-20 15:17:46] No changes detected.
[2026-05-20 15:18:16] No changes detected.
[2026-05-20 15:18:46] No changes detected.
[2026-05-20 15:19:16] No changes detected.
[2026-05-20 15:44:31] No changes detected.
[2026-05-20 15:47:18] No changes detected.
[2026-05-20 15:57:58] No changes detected.
[2026-05-20 15:58:28] No changes detected.
[2026-05-20 15:58:58] No changes detected.
[2026-05-20 15:59:28] No changes detected.
[2026-05-20 15:59:58] No changes detected.
[2026-05-20 16:12:35] No changes detected.
[2026-05-20 16:13:05] No changes detected.
[2026-05-20 16:13:35] No changes detected.
[2026-05-20 16:14:05] No changes detected.
[2026-05-20 16:14:36] No changes detected.
[2026-05-20 16:15:06] No changes detected.
[2026-05-20 16:15:36] No changes detected.
[2026-05-20 16:16:06] No changes detected.
[2026-05-20 16:16:36] No changes detected.
[2026-05-20 16:17:06] No changes detected.
[2026-05-20 16:17:36] No changes detected.
[2026-05-20 16:18:07] No changes detected.
[2026-05-20 16:18:37] No changes detected.
[2026-05-20 16:19:07] No changes detected.
[2026-05-20 16:19:37] No changes detected.
[2026-05-20 16:20:07] No changes detected.
[2026-05-20 16:20:37] No changes detected.
[2026-05-20 16:21:08] No changes detected.
[2026-05-20 16:21:38] No changes detected.
[2026-05-20 16:22:08] No changes detected.
[2026-05-20 16:22:38] No changes detected.
[2026-05-20 16:23:09] No changes detected.
[2026-05-20 16:23:39] No changes detected.
[2026-05-20 16:24:09] No changes detected.
[2026-05-20 16:24:39] No changes detected.
[2026-05-20 16:25:09] No changes detected.
[2026-05-20 16:25:39] No changes detected.
[2026-05-20 16:26:10] No changes detected.
[2026-05-20 16:26:40] No changes detected.
[2026-05-20 16:27:10] No changes detected.
[2026-05-20 16:27:41] No changes detected.
[2026-05-20 16:28:11] No changes detected.
[2026-05-20 16:28:41] No changes detected.
[2026-05-20 16:29:11] No changes detected.
[2026-05-20 16:29:41] No changes detected.
[2026-05-20 16:30:12] No changes detected.
[2026-05-20 16:30:42] No changes detected.
[2026-05-20 16:31:12] No changes detected.
[2026-05-20 16:31:42] No changes detected.
[2026-05-20 16:33:33] No changes detected.
[2026-05-20 16:34:03] No changes detected.
[2026-05-20 16:34:33] No changes detected.
[2026-05-20 16:35:03] No changes detected.
[2026-05-20 16:35:33] No changes detected.
[2026-05-20 16:36:03] No changes detected.
[2026-05-20 16:36:33] No changes detected.
[2026-05-20 16:37:03] No changes detected.
[2026-05-20 16:37:34] No changes detected.
[2026-05-20 16:38:04] No changes detected.
[2026-05-20 16:38:34] No changes detected.
[2026-05-20 16:39:04] No changes detected.
[2026-05-20 16:39:34] No changes detected.
[2026-05-20 16:40:04] No changes detected.
[2026-05-20 16:40:35] No changes detected.
[2026-05-20 16:41:05] No changes detected.
[2026-05-20 16:41:35] No changes detected.
[2026-05-20 16:42:05] No changes detected.
[2026-05-20 16:42:35] No changes detected.
[2026-05-20 16:43:05] No changes detected.
[2026-05-20 16:43:35] No changes detected.
[2026-05-20 16:44:05] No changes detected.
[2026-05-20 16:44:36] No changes detected.
[2026-05-20 16:45:06] No changes detected.
[2026-05-20 16:45:36] No changes detected.
[2026-05-20 16:46:06] No changes detected.
[2026-05-20 16:46:36] No changes detected.
[2026-05-20 16:47:07] No changes detected.
[2026-05-20 16:47:37] No changes detected.
[2026-05-20 16:48:07] No changes detected.
[2026-05-20 16:48:37] No changes detected.
[2026-05-20 16:49:07] No changes detected.
[2026-05-20 16:49:37] No changes detected.
[2026-05-20 16:50:07] No changes detected.
[2026-05-20 16:50:37] No changes detected.
[2026-05-20 16:51:07] No changes detected.
[2026-05-20 16:51:38] No changes detected.
[2026-05-20 16:52:08] No changes detected.
[2026-05-20 16:52:38] No changes detected.
[2026-05-20 16:53:08] No changes detected.
[2026-05-20 16:53:38] No changes detected.
[2026-05-20 16:54:08] No changes detected.
[2026-05-20 16:54:38] No changes detected.
[2026-05-20 16:55:09] No changes detected.
[2026-05-20 16:55:39] No changes detected.
[2026-05-20 16:56:09] No changes detected.
[2026-05-20 16:59:14] No changes detected.
[2026-05-20 17:01:56] No changes detected.
[2026-05-20 17:02:33] No changes detected.
[2026-05-20 17:17:32] No changes detected.
[2026-05-20 17:18:02] No changes detected.
[2026-05-20 17:18:33] No changes detected.
[2026-05-20 17:19:03] No changes detected.
[2026-05-20 17:19:33] No changes detected.
[2026-05-20 17:20:03] No changes detected.
[2026-05-20 17:20:33] No changes detected.
[2026-05-20 17:21:04] No changes detected.
[2026-05-20 17:21:34] No changes detected.
[2026-05-20 17:22:04] No changes detected.
[2026-05-20 17:22:34] No changes detected.
[2026-05-20 17:23:05] No changes detected.
[2026-05-20 17:23:35] No changes detected.
[2026-05-20 17:24:05] No changes detected.
[2026-05-20 17:24:35] No changes detected.
[2026-05-20 17:25:05] No changes detected.
[2026-05-20 17:25:36] No changes detected.
[2026-05-20 17:26:06] No changes detected.
[2026-05-20 17:26:36] No changes detected.
[2026-05-20 17:27:06] No changes detected.
[2026-05-20 17:27:36] No changes detected.
[2026-05-20 17:28:06] No changes detected.
[2026-05-20 17:28:37] No changes detected.
[2026-05-20 17:29:07] No changes detected.
[2026-05-20 17:29:37] No changes detected.
[2026-05-20 17:30:07] No changes detected.
[2026-05-20 17:30:38] No changes detected.
[2026-05-20 17:31:08] No changes detected.
[2026-05-20 17:31:38] No changes detected.
[2026-05-20 17:32:08] No changes detected.
[2026-05-20 17:32:55] No changes detected.
[2026-05-20 17:33:56] No changes detected.
[2026-05-20 17:35:38] No changes detected.
[2026-05-20 17:36:13] No changes detected.
[2026-05-20 17:36:44] No changes detected.
[2026-05-20 17:37:24] No changes detected.
[2026-05-20 18:46:37] No changes detected.
[2026-05-20 18:48:22] No changes detected.
[2026-05-20 18:48:52] No changes detected.
[2026-05-20 18:49:22] No changes detected.
[2026-05-20 18:49:52] No changes detected.
[2026-05-20 19:06:46] No changes detected.
[2026-05-20 19:07:17] No changes detected.
[2026-05-20 19:07:47] No changes detected.
[2026-05-20 19:08:17] No changes detected.
[2026-05-20 19:08:47] No changes detected.
[2026-05-20 19:09:17] No changes detected.
[2026-05-20 19:09:47] No changes detected.
[2026-05-20 19:10:17] No changes detected.
[2026-05-20 19:10:48] No changes detected.
[2026-05-20 19:11:18] No changes detected.
[2026-05-20 19:11:48] No changes detected.
[2026-05-20 19:12:19] No changes detected.
[2026-05-20 19:12:49] No changes detected.
[2026-05-20 19:13:19] No changes detected.
[2026-05-20 19:13:49] No changes detected.
[2026-05-20 19:14:21] No changes detected.
[2026-05-20 19:14:51] No changes detected.
[2026-05-20 19:15:21] No changes detected.
[2026-05-20 19:15:51] No changes detected.
[2026-05-20 19:16:22] No changes detected.
[2026-05-20 19:16:52] No changes detected.
[2026-05-20 19:17:22] No changes detected.
[2026-05-20 19:17:52] No changes detected.
[2026-05-20 19:18:22] No changes detected.
[2026-05-20 19:18:52] No changes detected.
[2026-05-20 19:19:23] No changes detected.
[2026-05-20 19:19:53] No changes detected.
[2026-05-20 19:20:23] No changes detected.
[2026-05-20 19:20:53] No changes detected.
[2026-05-20 19:21:24] No changes detected.
[2026-05-20 19:21:55] No changes detected.
[2026-05-20 19:22:25] No changes detected.
[2026-05-20 19:39:17] No changes detected.
[2026-05-20 19:45:42] No changes detected.
[2026-05-20 19:47:21] No changes detected.
[2026-05-20 19:52:22] No changes detected.
[2026-05-20 19:52:56] No changes detected.
[2026-05-20 19:55:21] No changes detected.
[2026-05-20 20:13:39] No changes detected.
[2026-05-20 20:23:53] No changes detected.
[2026-05-20 20:32:41] No changes detected.
[2026-05-20 20:33:26] No changes detected.
[2026-05-20 20:35:54] No changes detected.
[2026-05-20 20:47:27] No changes detected.
[2026-05-20 20:47:57] No changes detected.
[2026-05-20 20:48:27] No changes detected.
[2026-05-20 20:48:57] No changes detected.
[2026-05-20 20:59:47] No changes detected.
[2026-05-20 21:00:17] No changes detected.
[2026-05-20 21:00:48] No changes detected.
[2026-05-20 21:01:18] No changes detected.
[2026-05-20 21:12:21] No changes detected.
[2026-05-20 21:43:30] No changes detected.
[2026-05-20 21:53:54] No changes detected.
[2026-05-20 22:30:20] No changes detected.
[2026-05-20 23:12:22] No changes detected.
[2026-05-20 23:33:01] No changes detected.
[2026-05-21 00:01:28] No changes detected.
[2026-05-21 00:11:49] No changes detected.
[2026-05-21 00:12:32] No changes detected.
[2026-05-21 00:30:02] No changes detected.
[2026-05-21 00:30:41] No changes detected.
[2026-05-21 00:31:12] No changes detected.
[2026-05-21 00:33:00] No changes detected.
[2026-05-21 00:33:31] No changes detected.
[2026-05-21 00:34:01] No changes detected.
[2026-05-21 00:34:31] No changes detected.
[2026-05-21 00:35:01] No changes detected.
[2026-05-21 00:35:33] No changes detected.
[2026-05-21 00:36:03] No changes detected.
[2026-05-21 00:36:33] No changes detected.
[2026-05-21 00:37:03] No changes detected.
[2026-05-21 00:37:33] No changes detected.
[2026-05-21 00:38:03] No changes detected.
[2026-05-21 00:38:34] No changes detected.
[2026-05-21 00:39:04] No changes detected.
[2026-05-21 00:39:34] No changes detected.
[2026-05-21 00:40:04] No changes detected.
[2026-05-21 00:40:34] No changes detected.
[2026-05-21 00:41:04] No changes detected.
[2026-05-21 00:41:34] No changes detected.
[2026-05-21 00:42:05] No changes detected.
[2026-05-21 00:42:35] No changes detected.
[2026-05-21 00:43:05] No changes detected.
[2026-05-21 00:43:35] No changes detected.
[2026-05-21 00:44:05] No changes detected.
[2026-05-21 00:44:35] No changes detected.
[2026-05-21 00:45:05] No changes detected.
[2026-05-21 00:45:36] No changes detected.
[2026-05-21 00:46:06] No changes detected.
[2026-05-21 00:46:36] No changes detected.
[2026-05-21 00:47:06] No changes detected.
[2026-05-21 00:47:36] No changes detected.
[2026-05-21 00:48:06] No changes detected.
[2026-05-21 00:48:37] No changes detected.
[2026-05-21 00:49:07] No changes detected.
[2026-05-21 00:49:37] No changes detected.
[2026-05-21 00:50:07] No changes detected.
[2026-05-21 00:50:37] No changes detected.
[2026-05-21 00:51:07] No changes detected.
[2026-05-21 00:51:37] No changes detected.
[2026-05-21 00:52:08] No changes detected.
[2026-05-21 00:59:38] No changes detected.
[2026-05-21 01:23:01] No changes detected.
[2026-05-21 01:32:06] No changes detected.
[2026-05-21 01:39:25] No changes detected.
[2026-05-21 01:52:21] No changes detected.
[2026-05-21 01:55:42] No changes detected.
[2026-05-21 01:56:27] No changes detected.
[2026-05-21 02:01:57] No changes detected.
[2026-05-21 02:02:47] No changes detected.
[2026-05-21 02:03:40] No changes detected.
[2026-05-21 02:08:13] No changes detected.
[2026-05-21 02:08:52] No changes detected.
[2026-05-21 02:25:08] No changes detected.
[2026-05-21 02:41:23] No changes detected.
[2026-05-21 03:11:14] No changes detected.
[2026-05-21 04:01:19] No changes detected.
[2026-05-21 04:37:03] No changes detected.
[2026-05-21 05:10:55] No changes detected.
[2026-05-21 05:46:22] No changes detected.
[2026-05-21 06:09:50] No changes detected.
[2026-05-21 06:45:48] No changes detected.
[2026-05-21 07:04:01] No changes detected.
[2026-05-21 07:05:27] No changes detected.
[2026-05-21 07:22:19] No changes detected.
[2026-05-21 07:29:59] No changes detected.
[2026-05-21 08:15:58] No changes detected.
[2026-05-21 08:24:56] No changes detected.
[2026-05-21 08:25:48] No changes detected.
[2026-05-21 08:34:46] No changes detected.
[2026-05-21 08:44:03] No changes detected.
[2026-05-21 08:47:49] No changes detected.
[2026-05-21 08:48:19] No changes detected.
[2026-05-21 08:48:49] No changes detected.
[2026-05-21 08:49:19] No changes detected.
[2026-05-21 08:49:49] No changes detected.
[2026-05-21 08:56:06] No changes detected.
[2026-05-21 09:32:31] No changes detected.
[2026-05-21 10:43:42] No changes detected.
[2026-05-21 11:33:27] No changes detected.
[2026-05-21 11:52:06] No changes detected.
[2026-05-21 11:52:37] No changes detected.
[2026-05-21 11:53:08] No changes detected.
[2026-05-21 11:53:38] No changes detected.
[2026-05-21 11:54:08] No changes detected.
[2026-05-21 11:54:38] No changes detected.
[2026-05-21 11:55:08] No changes detected.
[2026-05-21 11:55:38] No changes detected.
[2026-05-21 11:56:08] No changes detected.
[2026-05-21 11:56:39] No changes detected.
[2026-05-21 11:57:09] No changes detected.
[2026-05-21 11:57:39] No changes detected.
[2026-05-21 11:58:09] No changes detected.
[2026-05-21 11:58:40] No changes detected.
[2026-05-21 11:59:10] No changes detected.
[2026-05-21 11:59:40] No changes detected.
[2026-05-21 12:00:10] No changes detected.
[2026-05-21 12:00:40] No changes detected.
[2026-05-21 12:01:11] No changes detected.
[2026-05-21 12:01:41] No changes detected.
[2026-05-21 12:02:11] No changes detected.
[2026-05-21 12:02:41] No changes detected.
[2026-05-21 12:03:11] No changes detected.
[2026-05-21 12:03:41] No changes detected.
[2026-05-21 12:04:11] No changes detected.
[2026-05-21 12:04:42] No changes detected.
[2026-05-21 12:05:12] No changes detected.
[2026-05-21 12:05:42] No changes detected.
[2026-05-21 12:06:12] No changes detected.
[2026-05-21 12:06:42] No changes detected.
[2026-05-21 12:07:12] No changes detected.
[2026-05-21 12:07:42] No changes detected.
[2026-05-21 12:08:12] No changes detected.
[2026-05-21 12:08:42] No changes detected.
[2026-05-21 12:09:13] No changes detected.
[2026-05-21 12:09:43] No changes detected.
[2026-05-21 12:10:13] No changes detected.
[2026-05-21 12:10:43] No changes detected.
[2026-05-21 12:11:13] No changes detected.
[2026-05-21 12:11:44] No changes detected.
[2026-05-21 12:12:14] No changes detected.
[2026-05-21 12:12:44] No changes detected.
[2026-05-21 12:13:14] No changes detected.
[2026-05-21 12:13:44] No changes detected.
[2026-05-21 12:14:14] No changes detected.
[2026-05-21 12:14:44] No changes detected.
[2026-05-21 12:15:14] No changes detected.
[2026-05-21 12:15:45] No changes detected.
[2026-05-21 12:16:15] No changes detected.
[2026-05-21 12:16:45] No changes detected.
[2026-05-21 12:17:15] No changes detected.
[2026-05-21 12:17:45] No changes detected.
[2026-05-21 12:21:34] No changes detected.
[2026-05-21 12:22:07] No changes detected.
[2026-05-21 12:22:37] No changes detected.
[2026-05-21 12:23:08] No changes detected.
[2026-05-21 12:23:38] No changes detected.
[2026-05-21 12:24:08] No changes detected.
[2026-05-21 12:24:38] No changes detected.
[2026-05-21 12:25:09] No changes detected.
[2026-05-21 12:25:39] No changes detected.
[2026-05-21 12:26:09] No changes detected.
[2026-05-21 12:26:39] No changes detected.
[2026-05-21 12:27:09] No changes detected.
[2026-05-21 12:27:40] No changes detected.
[2026-05-21 12:28:10] No changes detected.
[2026-05-21 12:28:40] No changes detected.
[2026-05-21 12:29:10] No changes detected.
[2026-05-21 12:29:40] No changes detected.
[2026-05-21 12:30:10] No changes detected.
[2026-05-21 12:30:40] No changes detected.
[2026-05-21 12:31:11] No changes detected.
[2026-05-21 12:31:41] No changes detected.
[2026-05-21 12:32:11] No changes detected.
[2026-05-21 12:36:15] No changes detected.
[2026-05-21 12:44:29] No changes detected.
[2026-05-21 13:37:47] No changes detected.
[2026-05-21 13:41:34] No changes detected.
[2026-05-21 13:59:31] No changes detected.
[2026-05-21 14:38:52] No changes detected.
[2026-05-21 15:34:22] No changes detected.
[2026-05-21 16:21:49] No changes detected.
[2026-05-21 16:25:36] No changes detected.
[2026-05-21 16:26:06] No changes detected.
[2026-05-21 16:26:36] No changes detected.
[2026-05-21 16:27:06] No changes detected.
[2026-05-21 16:27:36] No changes detected.
[2026-05-21 16:28:06] No changes detected.
[2026-05-21 16:28:37] No changes detected.
[2026-05-21 16:29:07] No changes detected.
[2026-05-21 16:29:37] No changes detected.
[2026-05-21 16:30:07] No changes detected.
[2026-05-21 16:30:37] No changes detected.
[2026-05-21 16:31:07] No changes detected.
[2026-05-21 16:31:37] No changes detected.
[2026-05-21 16:32:07] No changes detected.
[2026-05-21 16:32:38] No changes detected.
[2026-05-21 16:33:08] No changes detected.
[2026-05-21 16:33:38] No changes detected.
[2026-05-21 16:34:08] No changes detected.
[2026-05-21 16:34:38] No changes detected.
[2026-05-21 16:35:08] No changes detected.
[2026-05-21 16:35:39] No changes detected.
[2026-05-21 16:36:09] No changes detected.
[2026-05-21 16:36:39] No changes detected.
[2026-05-21 16:37:09] No changes detected.
[2026-05-21 16:37:39] No changes detected.
[2026-05-21 16:38:09] No changes detected.
[2026-05-21 16:38:39] No changes detected.
[2026-05-21 16:39:09] No changes detected.
[2026-05-21 16:39:40] No changes detected.
[2026-05-21 16:40:10] No changes detected.
[2026-05-21 16:40:40] No changes detected.
[2026-05-21 16:41:10] No changes detected.
[2026-05-21 16:41:40] No changes detected.
[2026-05-21 16:42:10] No changes detected.
[2026-05-21 16:42:40] No changes detected.
[2026-05-21 16:43:10] No changes detected.
[2026-05-21 16:44:29] No changes detected.
[2026-05-21 16:44:59] No changes detected.
[2026-05-21 16:45:29] No changes detected.
[2026-05-21 16:45:59] No changes detected.
[2026-05-21 16:46:29] No changes detected.
[2026-05-21 16:46:59] No changes detected.
[2026-05-21 16:47:30] No changes detected.
[2026-05-21 16:48:00] No changes detected.
[2026-05-21 16:48:30] No changes detected.
[2026-05-21 16:49:00] No changes detected.
[2026-05-21 16:49:30] No changes detected.
[2026-05-21 16:50:00] No changes detected.
[2026-05-21 16:50:31] No changes detected.
[2026-05-21 16:51:01] No changes detected.
[2026-05-21 16:51:31] No changes detected.
[2026-05-21 16:52:01] No changes detected.
[2026-05-21 16:52:31] No changes detected.
[2026-05-21 16:53:01] No changes detected.
[2026-05-21 16:53:31] No changes detected.
[2026-05-21 16:54:01] No changes detected.
[2026-05-21 16:54:32] No changes detected.
[2026-05-21 16:55:02] No changes detected.
[2026-05-21 16:55:32] No changes detected.
[2026-05-21 16:56:02] No changes detected.
[2026-05-21 16:56:32] No changes detected.
[2026-05-21 16:57:02] No changes detected.
[2026-05-21 16:57:32] No changes detected.
[2026-05-21 16:58:03] No changes detected.
[2026-05-21 16:58:33] No changes detected.
[2026-05-21 16:59:03] No changes detected.
[2026-05-21 16:59:33] No changes detected.
[2026-05-21 17:00:03] No changes detected.
[2026-05-21 17:00:33] No changes detected.
[2026-05-21 17:01:04] No changes detected.
[2026-05-21 17:01:34] No changes detected.
[2026-05-21 17:02:05] No changes detected.
[2026-05-21 17:02:35] No changes detected.
[2026-05-21 17:03:05] No changes detected.
[2026-05-21 17:03:36] No changes detected.
[2026-05-21 17:04:06] No changes detected.
[2026-05-21 17:04:36] No changes detected.
[2026-05-21 17:05:06] No changes detected.
[2026-05-21 17:05:36] No changes detected.
[2026-05-21 17:06:07] No changes detected.
[2026-05-21 17:06:37] No changes detected.
[2026-05-21 17:07:07] No changes detected.
[2026-05-21 17:07:37] No changes detected.
[2026-05-21 17:08:07] No changes detected.
[2026-05-21 17:08:38] No changes detected.
[2026-05-21 17:09:08] No changes detected.
[2026-05-21 17:09:38] No changes detected.
[2026-05-21 17:10:08] No changes detected.
[2026-05-21 17:10:38] No changes detected.
[2026-05-21 17:11:09] No changes detected.
[2026-05-21 17:11:39] No changes detected.
[2026-05-21 17:12:09] No changes detected.
[2026-05-21 17:12:39] No changes detected.
[2026-05-21 17:13:09] No changes detected.
[2026-05-21 17:13:40] No changes detected.
[2026-05-21 17:14:10] No changes detected.
[2026-05-21 17:14:40] No changes detected.
[2026-05-21 17:15:10] No changes detected.
[2026-05-21 17:15:40] No changes detected.
[2026-05-21 17:16:10] No changes detected.
[2026-05-21 17:16:41] No changes detected.
[2026-05-21 17:17:11] No changes detected.
[2026-05-21 17:17:41] No changes detected.
[2026-05-21 17:18:11] No changes detected.
[2026-05-21 17:18:41] No changes detected.
[2026-05-21 17:19:11] No changes detected.
[2026-05-21 17:19:41] No changes detected.
[2026-05-21 17:20:11] No changes detected.
[2026-05-21 17:20:42] No changes detected.
[2026-05-21 17:21:12] No changes detected.
[2026-05-21 17:21:42] No changes detected.
[2026-05-21 17:22:12] No changes detected.
[2026-05-21 17:22:42] No changes detected.
[2026-05-21 17:23:12] No changes detected.
[2026-05-21 17:23:43] No changes detected.
[2026-05-21 17:24:13] No changes detected.
[2026-05-21 17:24:43] No changes detected.
[2026-05-21 17:25:13] No changes detected.
[2026-05-21 17:25:43] No changes detected.
[2026-05-21 17:26:13] No changes detected.
[2026-05-21 17:26:43] No changes detected.
[2026-05-21 17:27:14] No changes detected.
[2026-05-21 17:27:44] No changes detected.
[2026-05-21 17:28:14] No changes detected.
[2026-05-21 17:28:44] No changes detected.
[2026-05-21 17:29:14] No changes detected.
[2026-05-21 17:29:44] No changes detected.
[2026-05-21 17:30:14] No changes detected.
[2026-05-21 17:30:45] No changes detected.
[2026-05-21 17:31:15] No changes detected.
[2026-05-21 17:31:45] No changes detected.
[2026-05-21 17:32:15] No changes detected.
[2026-05-21 17:32:45] No changes detected.
[2026-05-21 17:33:15] No changes detected.
[2026-05-21 17:33:46] No changes detected.
[2026-05-21 17:34:16] No changes detected.
[2026-05-21 17:34:46] No changes detected.
[2026-05-21 17:35:16] No changes detected.
[2026-05-21 17:35:47] No changes detected.
[2026-05-21 17:36:17] No changes detected.
[2026-05-21 17:36:47] No changes detected.
[2026-05-21 17:37:17] No changes detected.
[2026-05-21 17:37:47] No changes detected.
[2026-05-21 17:48:08] No changes detected.
[2026-05-21 17:48:38] No changes detected.
[2026-05-21 17:51:05] No changes detected.
[2026-05-21 17:52:56] No changes detected.
[2026-05-21 17:53:26] No changes detected.
[2026-05-21 17:53:56] No changes detected.
[2026-05-21 17:54:26] No changes detected.
[2026-05-21 17:54:57] No changes detected.
[2026-05-21 17:55:27] No changes detected.
[2026-05-21 17:55:57] No changes detected.
[2026-05-21 17:56:27] No changes detected.
[2026-05-21 17:56:57] No changes detected.
[2026-05-21 17:57:27] No changes detected.
[2026-05-21 17:57:57] No changes detected.
[2026-05-21 17:58:27] No changes detected.
[2026-05-21 17:58:58] No changes detected.
[2026-05-21 17:59:28] No changes detected.
[2026-05-21 17:59:58] No changes detected.
[2026-05-21 18:00:28] No changes detected.
[2026-05-21 18:00:58] No changes detected.
[2026-05-21 18:01:28] No changes detected.
[2026-05-21 18:01:58] No changes detected.
[2026-05-21 18:02:29] No changes detected.
[2026-05-21 18:02:59] No changes detected.
[2026-05-21 18:03:29] No changes detected.
[2026-05-21 18:03:59] No changes detected.
[2026-05-21 18:04:29] No changes detected.
[2026-05-21 18:04:59] No changes detected.
[2026-05-21 18:05:29] No changes detected.
[2026-05-21 18:05:59] No changes detected.
[2026-05-21 18:06:30] No changes detected.
[2026-05-21 18:07:00] No changes detected.
[2026-05-21 18:07:30] No changes detected.
[2026-05-21 18:08:00] No changes detected.
[2026-05-21 18:08:34] No changes detected.
[2026-05-21 18:09:05] No changes detected.
[2026-05-21 18:09:35] No changes detected.
[2026-05-21 18:10:05] No changes detected.
[2026-05-21 18:10:35] No changes detected.
[2026-05-21 18:11:05] No changes detected.
[2026-05-21 18:11:35] No changes detected.
[2026-05-21 18:12:05] No changes detected.
[2026-05-21 18:12:35] No changes detected.
[2026-05-21 18:13:06] No changes detected.
[2026-05-21 18:13:36] No changes detected.
[2026-05-21 18:14:06] No changes detected.
[2026-05-21 18:14:36] No changes detected.
[2026-05-21 18:15:06] No changes detected.
[2026-05-21 18:15:37] No changes detected.
[2026-05-21 18:16:07] No changes detected.
[2026-05-21 18:16:37] No changes detected.
[2026-05-21 18:17:07] No changes detected.
[2026-05-21 18:17:37] No changes detected.
[2026-05-21 18:18:08] No changes detected.
[2026-05-21 18:18:38] No changes detected.
[2026-05-21 18:19:08] No changes detected.
[2026-05-21 18:19:38] No changes detected.
[2026-05-21 18:20:08] No changes detected.
[2026-05-21 18:20:39] No changes detected.
[2026-05-21 18:21:09] No changes detected.
[2026-05-21 18:21:39] No changes detected.
[2026-05-21 18:22:09] No changes detected.
[2026-05-21 18:22:39] No changes detected.
[2026-05-21 18:23:10] No changes detected.
[2026-05-21 18:23:40] No changes detected.
[2026-05-21 18:24:10] No changes detected.
[2026-05-21 18:24:40] No changes detected.
[2026-05-21 18:25:11] No changes detected.
[2026-05-21 18:25:41] No changes detected.
[2026-05-21 18:26:11] No changes detected.
[2026-05-21 18:26:42] No changes detected.
[2026-05-21 18:27:12] No changes detected.
[2026-05-21 18:27:42] No changes detected.
[2026-05-21 18:28:12] No changes detected.
[2026-05-21 18:28:42] No changes detected.
[2026-05-21 18:29:13] No changes detected.
[2026-05-21 18:31:05] No changes detected.
[2026-05-21 18:32:02] No changes detected.
[2026-05-21 18:32:33] No changes detected.
[2026-05-21 18:33:03] No changes detected.
[2026-05-21 18:33:33] No changes detected.
[2026-05-21 18:34:03] No changes detected.
[2026-05-21 18:34:33] No changes detected.
[2026-05-21 18:35:03] No changes detected.
[2026-05-21 18:35:33] No changes detected.
[2026-05-21 18:36:04] No changes detected.
[2026-05-21 18:36:34] No changes detected.
[2026-05-21 18:37:04] No changes detected.
[2026-05-21 18:37:34] No changes detected.
[2026-05-21 18:38:04] No changes detected.
[2026-05-21 18:38:34] No changes detected.
[2026-05-21 18:39:04] No changes detected.
[2026-05-21 18:39:35] No changes detected.
[2026-05-21 18:40:05] No changes detected.
[2026-05-21 18:40:35] No changes detected.
[2026-05-21 18:41:05] No changes detected.
[2026-05-21 18:41:35] No changes detected.
[2026-05-21 18:42:05] No changes detected.
[2026-05-21 18:42:35] No changes detected.
[2026-05-21 18:43:06] No changes detected.
[2026-05-21 18:43:36] No changes detected.
[2026-05-21 18:44:06] No changes detected.
[2026-05-21 18:44:36] No changes detected.
[2026-05-21 18:45:06] No changes detected.
[2026-05-21 18:45:37] No changes detected.
[2026-05-21 18:46:07] No changes detected.
[2026-05-21 18:46:37] No changes detected.
[2026-05-21 18:47:07] No changes detected.
[2026-05-21 18:47:37] No changes detected.
[2026-05-21 18:48:08] No changes detected.
[2026-05-21 18:48:38] No changes detected.
[2026-05-21 18:49:08] No changes detected.
[2026-05-21 18:49:38] No changes detected.
[2026-05-21 18:50:08] No changes detected.
[2026-05-21 18:50:38] No changes detected.
[2026-05-21 18:51:09] No changes detected.
[2026-05-21 18:51:39] No changes detected.
[2026-05-21 18:52:09] No changes detected.
[2026-05-21 18:52:39] No changes detected.
[2026-05-21 18:53:09] No changes detected.
[2026-05-21 18:53:39] No changes detected.
[2026-05-21 18:54:10] No changes detected.
[2026-05-21 18:54:40] No changes detected.
[2026-05-21 18:55:10] No changes detected.
[2026-05-21 18:55:40] No changes detected.
[2026-05-21 18:56:11] No changes detected.
[2026-05-21 18:56:41] No changes detected.
[2026-05-21 18:57:11] No changes detected.
[2026-05-21 18:57:41] No changes detected.
[2026-05-21 18:58:11] No changes detected.
[2026-05-21 18:58:42] No changes detected.
[2026-05-21 18:59:12] No changes detected.
[2026-05-21 18:59:42] No changes detected.
[2026-05-21 19:00:12] No changes detected.
[2026-05-21 19:00:43] No changes detected.
[2026-05-21 19:01:13] No changes detected.
[2026-05-21 19:01:43] No changes detected.
[2026-05-21 19:02:13] No changes detected.
[2026-05-21 19:02:43] No changes detected.
[2026-05-21 19:03:14] No changes detected.
[2026-05-21 19:03:44] No changes detected.
[2026-05-21 19:04:14] No changes detected.
[2026-05-21 19:04:44] No changes detected.
[2026-05-21 19:05:15] No changes detected.
[2026-05-21 19:05:45] No changes detected.
[2026-05-21 19:06:15] No changes detected.
[2026-05-21 19:06:45] No changes detected.
[2026-05-21 19:07:15] No changes detected.
[2026-05-21 19:07:46] No changes detected.
[2026-05-21 19:08:16] No changes detected.
[2026-05-21 19:08:53] No changes detected.
[2026-05-21 19:09:24] No changes detected.
[2026-05-21 19:11:57] No changes detected.
[2026-05-21 19:12:27] No changes detected.
[2026-05-21 19:27:55] No changes detected.
[2026-05-21 19:28:26] No changes detected.
[2026-05-21 19:28:56] No changes detected.
[2026-05-21 19:29:26] No changes detected.
[2026-05-21 19:29:56] No changes detected.
[2026-05-21 19:30:27] No changes detected.
[2026-05-21 19:30:57] No changes detected.
[2026-05-21 19:31:27] No changes detected.
[2026-05-21 19:31:57] No changes detected.
[2026-05-21 19:32:27] No changes detected.
[2026-05-21 19:32:58] No changes detected.
[2026-05-21 19:33:28] No changes detected.
[2026-05-21 19:33:58] No changes detected.
[2026-05-21 19:34:28] No changes detected.
[2026-05-21 19:34:59] No changes detected.
[2026-05-21 19:35:29] No changes detected.
[2026-05-21 19:35:59] No changes detected.
[2026-05-21 19:36:29] No changes detected.
[2026-05-21 19:36:59] No changes detected.
[2026-05-21 19:37:29] No changes detected.
[2026-05-21 19:37:59] No changes detected.
[2026-05-21 19:38:30] No changes detected.
[2026-05-21 19:39:00] No changes detected.
[2026-05-21 19:39:30] No changes detected.
[2026-05-21 19:40:00] No changes detected.
[2026-05-21 19:40:30] No changes detected.
[2026-05-21 19:41:00] No changes detected.
[2026-05-21 19:41:30] No changes detected.
[2026-05-21 19:42:01] No changes detected.
[2026-05-21 19:42:31] No changes detected.
[2026-05-21 19:43:01] No changes detected.
[2026-05-21 19:43:31] No changes detected.
[2026-05-21 19:44:01] No changes detected.
[2026-05-21 19:44:31] No changes detected.
[2026-05-21 19:45:01] No changes detected.
[2026-05-21 19:45:32] No changes detected.
[2026-05-21 19:46:02] No changes detected.
[2026-05-21 19:46:32] No changes detected.
[2026-05-21 19:47:02] No changes detected.
[2026-05-21 19:47:32] No changes detected.
[2026-05-21 19:48:02] No changes detected.
[2026-05-21 19:48:32] No changes detected.
[2026-05-21 19:49:03] No changes detected.
[2026-05-21 19:49:33] No changes detected.
[2026-05-21 19:50:03] No changes detected.
[2026-05-21 19:50:33] No changes detected.
[2026-05-21 19:51:03] No changes detected.
[2026-05-21 19:51:33] No changes detected.
[2026-05-21 19:52:04] No changes detected.
[2026-05-21 19:52:34] No changes detected.
[2026-05-21 19:53:04] No changes detected.
[2026-05-21 19:53:34] No changes detected.
[2026-05-21 19:54:04] No changes detected.
[2026-05-21 19:54:34] No changes detected.
[2026-05-21 19:55:04] No changes detected.
[2026-05-21 19:55:35] No changes detected.
[2026-05-21 19:56:05] No changes detected.
[2026-05-21 19:56:35] No changes detected.
[2026-05-21 19:57:05] No changes detected.
[2026-05-21 19:57:35] No changes detected.
[2026-05-21 19:58:05] No changes detected.
[2026-05-21 19:58:35] No changes detected.
[2026-05-21 19:59:05] No changes detected.
[2026-05-21 19:59:36] No changes detected.
[2026-05-21 20:00:06] No changes detected.
[2026-05-21 20:00:36] No changes detected.
[2026-05-21 20:01:06] No changes detected.
[2026-05-21 20:01:36] No changes detected.
[2026-05-21 20:02:06] No changes detected.
[2026-05-21 20:02:36] No changes detected.
[2026-05-21 20:03:07] No changes detected.
[2026-05-21 20:03:37] No changes detected.
[2026-05-21 20:04:07] No changes detected.
[2026-05-21 20:04:37] No changes detected.
[2026-05-21 20:05:08] No changes detected.
[2026-05-21 20:05:38] No changes detected.
[2026-05-21 20:06:08] No changes detected.
[2026-05-21 20:06:38] No changes detected.
[2026-05-21 20:07:08] No changes detected.
[2026-05-21 20:07:38] No changes detected.
[2026-05-21 20:08:08] No changes detected.
[2026-05-21 20:08:39] No changes detected.
[2026-05-21 20:09:09] No changes detected.
[2026-05-21 20:09:39] No changes detected.
[2026-05-21 20:12:58] No changes detected.
[2026-05-21 20:24:47] No changes detected.
[2026-05-21 20:25:18] No changes detected.
[2026-05-21 20:37:22] No changes detected.
[2026-05-21 21:10:29] No changes detected.
[2026-05-21 21:17:50] No changes detected.
[2026-05-21 21:18:21] No changes detected.
[2026-05-21 21:18:51] No changes detected.
[2026-05-21 21:19:21] No changes detected.
[2026-05-21 21:19:51] No changes detected.
[2026-05-21 21:20:22] No changes detected.
[2026-05-21 21:20:52] No changes detected.
[2026-05-21 21:21:22] No changes detected.
[2026-05-21 21:21:53] No changes detected.
[2026-05-21 21:22:24] No changes detected.
[2026-05-21 21:22:54] No changes detected.
[2026-05-21 21:23:24] No changes detected.
[2026-05-21 21:23:54] No changes detected.
[2026-05-21 21:24:24] No changes detected.
[2026-05-21 21:24:54] No changes detected.
[2026-05-21 21:25:25] No changes detected.
[2026-05-21 21:25:55] No changes detected.
[2026-05-21 21:26:25] No changes detected.
[2026-05-21 21:26:55] No changes detected.
[2026-05-21 21:27:25] No changes detected.
[2026-05-21 21:27:56] No changes detected.
[2026-05-21 21:28:26] No changes detected.
[2026-05-21 21:28:56] No changes detected.
[2026-05-21 21:29:26] No changes detected.
[2026-05-21 21:29:56] No changes detected.
[2026-05-21 21:30:26] No changes detected.
[2026-05-21 21:30:56] No changes detected.
[2026-05-21 21:31:26] No changes detected.
[2026-05-21 21:31:57] No changes detected.
[2026-05-21 21:32:27] No changes detected.
[2026-05-21 21:32:57] No changes detected.
[2026-05-21 21:33:27] No changes detected.
[2026-05-21 21:33:57] No changes detected.
[2026-05-21 21:34:27] No changes detected.
[2026-05-21 21:34:58] No changes detected.
[2026-05-21 21:35:28] No changes detected.
[2026-05-21 21:35:58] No changes detected.
[2026-05-21 21:36:28] No changes detected.
[2026-05-21 21:36:58] No changes detected.
[2026-05-21 21:37:28] No changes detected.
[2026-05-21 21:37:59] No changes detected.
[2026-05-21 21:38:29] No changes detected.
[2026-05-21 21:38:59] No changes detected.
[2026-05-21 21:39:29] No changes detected.
[2026-05-21 21:39:59] No changes detected.
[2026-05-21 21:40:30] No changes detected.
[2026-05-21 21:41:00] No changes detected.
[2026-05-21 21:41:30] No changes detected.
[2026-05-21 21:42:00] No changes detected.
[2026-05-21 21:42:30] No changes detected.
[2026-05-21 21:43:01] No changes detected.
[2026-05-21 21:43:31] No changes detected.
[2026-05-21 21:44:01] No changes detected.
[2026-05-21 21:44:31] No changes detected.
[2026-05-21 21:45:02] No changes detected.
[2026-05-21 21:45:32] No changes detected.
[2026-05-21 21:46:02] No changes detected.
[2026-05-21 21:46:32] No changes detected.
[2026-05-21 21:47:02] No changes detected.
[2026-05-21 21:47:33] No changes detected.
[2026-05-21 21:48:03] No changes detected.
[2026-05-21 21:48:33] No changes detected.
[2026-05-21 21:49:03] No changes detected.
[2026-05-21 21:49:33] No changes detected.
[2026-05-21 21:50:03] No changes detected.
[2026-05-21 21:50:33] No changes detected.
[2026-05-21 21:51:04] No changes detected.
[2026-05-21 21:51:34] No changes detected.
[2026-05-21 21:52:04] No changes detected.
[2026-05-21 21:52:34] No changes detected.
[2026-05-21 21:53:04] No changes detected.
[2026-05-21 21:53:34] No changes detected.
[2026-05-21 21:54:04] No changes detected.
[2026-05-21 21:54:35] No changes detected.
[2026-05-21 21:55:05] No changes detected.
[2026-05-21 21:55:35] No changes detected.
[2026-05-21 21:56:05] No changes detected.
[2026-05-21 21:56:35] No changes detected.
[2026-05-21 21:57:05] No changes detected.
[2026-05-21 21:57:35] No changes detected.
[2026-05-21 21:58:05] No changes detected.
[2026-05-21 21:58:36] No changes detected.
[2026-05-21 21:59:06] No changes detected.
[2026-05-21 21:59:36] No changes detected.
[2026-05-21 22:00:06] No changes detected.
[2026-05-21 22:00:36] No changes detected.
[2026-05-21 22:01:06] No changes detected.
[2026-05-21 22:01:36] No changes detected.
[2026-05-21 22:02:07] No changes detected.
[2026-05-21 22:02:37] No changes detected.
[2026-05-21 22:03:07] No changes detected.
[2026-05-21 22:03:37] No changes detected.
[2026-05-21 22:04:07] No changes detected.
[2026-05-21 22:04:37] No changes detected.
[2026-05-21 22:05:07] No changes detected.
[2026-05-21 22:05:38] No changes detected.
[2026-05-21 22:06:08] No changes detected.
[2026-05-21 22:06:38] No changes detected.
[2026-05-21 22:07:08] No changes detected.
[2026-05-21 22:07:38] No changes detected.
[2026-05-21 22:08:08] No changes detected.
[2026-05-21 22:08:38] No changes detected.
[2026-05-21 22:09:08] No changes detected.
[2026-05-21 22:09:39] No changes detected.
[2026-05-21 22:10:09] No changes detected.
[2026-05-21 22:10:39] No changes detected.
[2026-05-21 22:11:09] No changes detected.
[2026-05-21 22:11:39] No changes detected.
[2026-05-21 22:12:09] No changes detected.
[2026-05-21 22:12:39] No changes detected.
[2026-05-21 22:13:10] No changes detected.
[2026-05-21 22:13:40] No changes detected.
[2026-05-21 22:14:10] No changes detected.
[2026-05-21 22:14:40] No changes detected.
[2026-05-21 22:15:10] No changes detected.
[2026-05-21 22:15:40] No changes detected.
[2026-05-21 22:16:11] No changes detected.
[2026-05-21 22:16:41] No changes detected.
[2026-05-21 22:17:11] No changes detected.
[2026-05-21 22:17:41] No changes detected.
[2026-05-21 22:18:11] No changes detected.
[2026-05-21 22:18:41] No changes detected.
[2026-05-21 22:19:11] No changes detected.
[2026-05-21 22:19:42] No changes detected.
[2026-05-21 22:20:12] No changes detected.
[2026-05-21 22:20:42] No changes detected.
[2026-05-21 22:21:12] No changes detected.
[2026-05-21 22:21:43] No changes detected.
[2026-05-21 22:22:13] No changes detected.
[2026-05-21 22:22:43] No changes detected.
[2026-05-21 22:23:13] No changes detected.
[2026-05-21 22:23:43] No changes detected.
[2026-05-21 22:24:14] No changes detected.
[2026-05-21 22:24:44] No changes detected.
[2026-05-21 22:25:14] No changes detected.
[2026-05-21 22:25:44] No changes detected.
[2026-05-21 22:26:14] No changes detected.
[2026-05-21 22:26:44] No changes detected.
[2026-05-21 22:27:15] No changes detected.
[2026-05-21 22:27:45] No changes detected.
[2026-05-21 22:28:15] No changes detected.
[2026-05-21 22:28:45] No changes detected.
[2026-05-21 22:29:17] No changes detected.
[2026-05-21 22:29:47] No changes detected.
[2026-05-21 22:30:18] No changes detected.
[2026-05-21 22:30:48] No changes detected.
[2026-05-21 22:31:29] No changes detected.
[2026-05-21 22:32:00] No changes detected.
[2026-05-21 22:32:31] No changes detected.
[2026-05-21 22:33:02] No changes detected.
[2026-05-21 22:33:36] No changes detected.
[2026-05-21 22:34:06] No changes detected.
[2026-05-21 22:34:39] No changes detected.
[2026-05-21 22:35:10] No changes detected.
[2026-05-21 22:35:40] No changes detected.
[2026-05-21 22:36:11] No changes detected.
[2026-05-21 22:36:41] No changes detected.
[2026-05-21 22:37:11] No changes detected.
[2026-05-21 22:37:41] No changes detected.
[2026-05-21 22:38:11] No changes detected.
[2026-05-21 22:38:41] No changes detected.
[2026-05-21 22:39:11] No changes detected.
[2026-05-21 22:39:41] No changes detected.
[2026-05-21 22:40:12] No changes detected.
[2026-05-21 22:40:42] No changes detected.
[2026-05-21 22:41:12] No changes detected.
[2026-05-21 22:41:42] No changes detected.
[2026-05-21 22:42:12] No changes detected.
[2026-05-21 22:42:42] No changes detected.
[2026-05-21 22:43:12] No changes detected.
[2026-05-21 22:43:43] No changes detected.
[2026-05-21 22:44:13] No changes detected.
[2026-05-21 22:44:43] No changes detected.
[2026-05-21 22:45:13] No changes detected.
[2026-05-21 22:45:43] No changes detected.
[2026-05-21 22:46:13] No changes detected.
[2026-05-21 22:46:44] No changes detected.
[2026-05-21 22:47:14] No changes detected.
[2026-05-21 22:47:44] No changes detected.
[2026-05-21 22:48:14] No changes detected.
[2026-05-21 22:48:44] No changes detected.
[2026-05-21 22:49:15] No changes detected.
[2026-05-21 22:49:45] No changes detected.
[2026-05-21 22:50:15] No changes detected.
[2026-05-21 22:50:45] No changes detected.
[2026-05-21 22:51:16] No changes detected.
[2026-05-21 22:51:46] No changes detected.
[2026-05-21 22:52:16] No changes detected.
[2026-05-21 22:52:46] No changes detected.
[2026-05-21 22:53:16] No changes detected.
[2026-05-21 22:53:47] No changes detected.
[2026-05-21 22:54:17] No changes detected.
[2026-05-21 22:54:47] No changes detected.
[2026-05-21 22:55:17] No changes detected.
[2026-05-21 22:55:47] No changes detected.
[2026-05-21 22:56:18] No changes detected.
[2026-05-21 22:56:48] No changes detected.
[2026-05-21 22:57:18] No changes detected.
[2026-05-21 22:57:48] No changes detected.
[2026-05-21 22:58:19] No changes detected.
[2026-05-21 22:58:49] No changes detected.
[2026-05-21 22:59:19] No changes detected.
[2026-05-21 22:59:49] No changes detected.
[2026-05-21 23:00:19] No changes detected.
[2026-05-21 23:00:50] No changes detected.
[2026-05-21 23:01:20] No changes detected.
[2026-05-21 23:01:50] No changes detected.
[2026-05-21 23:02:20] No changes detected.
[2026-05-21 23:02:51] No changes detected.
[2026-05-21 23:03:21] No changes detected.
[2026-05-21 23:03:51] No changes detected.
[2026-05-21 23:04:21] No changes detected.
[2026-05-21 23:04:52] No changes detected.
[2026-05-21 23:05:22] No changes detected.
[2026-05-21 23:05:52] No changes detected.
[2026-05-21 23:06:22] No changes detected.
[2026-05-21 23:06:52] No changes detected.
[2026-05-21 23:07:23] No changes detected.
[2026-05-21 23:07:53] No changes detected.
[2026-05-21 23:08:23] No changes detected.
[2026-05-21 23:08:53] No changes detected.
[2026-05-21 23:09:24] No changes detected.
[2026-05-21 23:09:54] No changes detected.
[2026-05-21 23:10:24] No changes detected.
[2026-05-21 23:10:54] No changes detected.
[2026-05-21 23:11:24] No changes detected.
[2026-05-21 23:11:55] No changes detected.
[2026-05-21 23:12:25] No changes detected.
[2026-05-21 23:12:55] No changes detected.
[2026-05-21 23:13:25] No changes detected.
[2026-05-21 23:13:55] No changes detected.
[2026-05-21 23:14:26] No changes detected.
[2026-05-21 23:14:56] No changes detected.
[2026-05-21 23:15:26] No changes detected.
[2026-05-21 23:15:56] No changes detected.
[2026-05-21 23:16:27] No changes detected.
[2026-05-21 23:16:57] No changes detected.
[2026-05-21 23:17:27] No changes detected.
[2026-05-21 23:17:57] No changes detected.
[2026-05-21 23:18:27] No changes detected.
[2026-05-21 23:18:57] No changes detected.
[2026-05-21 23:19:28] No changes detected.
[2026-05-21 23:19:58] No changes detected.
[2026-05-21 23:20:28] No changes detected.
[2026-05-21 23:20:58] No changes detected.
[2026-05-21 23:21:28] No changes detected.
[2026-05-21 23:21:58] No changes detected.
[2026-05-21 23:22:28] No changes detected.
[2026-05-21 23:22:58] No changes detected.
[2026-05-21 23:23:29] No changes detected.
[2026-05-21 23:23:59] No changes detected.
[2026-05-21 23:24:29] No changes detected.
[2026-05-21 23:24:59] No changes detected.
[2026-05-21 23:25:30] No changes detected.
[2026-05-21 23:26:00] No changes detected.
[2026-05-21 23:26:30] No changes detected.
[2026-05-21 23:27:00] No changes detected.
[2026-05-21 23:27:31] No changes detected.
[2026-05-21 23:28:02] No changes detected.
[2026-05-21 23:28:33] No changes detected.
Starting auto-commit for /Users/johannes/Documents/LaTeX on branch main
Commits every 30s, pushes every 10min
[2026-05-21 23:31:32] No changes detected.
[2026-05-21 23:32:04] No changes detected.
[2026-05-21 23:32:34] No changes detected.
[2026-05-21 23:33:05] No changes detected.
[2026-05-21 23:33:35] No changes detected.
[2026-05-21 23:34:05] No changes detected.
[2026-05-21 23:34:35] No changes detected.
[2026-05-21 23:35:05] No changes detected.
[2026-05-21 23:35:35] No changes detected.
[2026-05-21 23:36:06] No changes detected.
[2026-05-21 23:36:36] No changes detected.
[2026-05-21 23:37:06] No changes detected.
[2026-05-21 23:37:36] No changes detected.
[2026-05-21 23:38:06] No changes detected.
[2026-05-21 23:38:37] No changes detected.
[2026-05-21 23:39:07] No changes detected.
[2026-05-21 23:39:37] No changes detected.
[2026-05-21 23:40:07] No changes detected.
[2026-05-21 23:40:37] No changes detected.
[2026-05-21 23:41:08] No changes detected.
[2026-05-21 23:41:38] No changes detected.
[2026-05-21 23:42:08] No changes detected.
[2026-05-21 23:42:38] No changes detected.
[2026-05-21 23:43:09] No changes detected.
[2026-05-21 23:43:39] No changes detected.
[2026-05-21 23:44:09] No changes detected.
[2026-05-21 23:44:39] No changes detected.
[2026-05-21 23:45:09] No changes detected.
[2026-05-21 23:45:40] No changes detected.
[2026-05-21 23:46:10] No changes detected.
[2026-05-21 23:46:40] No changes detected.
[2026-05-21 23:47:10] No changes detected.
[2026-05-21 23:47:41] No changes detected.
[2026-05-21 23:48:11] No changes detected.
[2026-05-21 23:48:41] No changes detected.
[2026-05-21 23:49:11] No changes detected.
[2026-05-21 23:49:41] No changes detected.
[2026-05-21 23:50:12] No changes detected.
[2026-05-21 23:50:42] No changes detected.
[2026-05-21 23:51:12] No changes detected.
[2026-05-21 23:51:42] No changes detected.
[2026-05-21 23:52:13] No changes detected.
[2026-05-21 23:52:43] No changes detected.
[2026-05-21 23:53:13] No changes detected.
[2026-05-21 23:53:43] No changes detected.
[2026-05-21 23:54:13] No changes detected.
[2026-05-21 23:54:44] No changes detected.
[2026-05-21 23:55:14] No changes detected.
[2026-05-21 23:55:44] No changes detected.
[2026-05-21 23:56:14] No changes detected.
[2026-05-21 23:56:45] No changes detected.
[2026-05-21 23:57:15] No changes detected.
[2026-05-21 23:57:45] No changes detected.
[2026-05-21 23:58:15] No changes detected.
[2026-05-21 23:58:45] No changes detected.
[2026-05-21 23:59:16] No changes detected.
[2026-05-21 23:59:46] No changes detected.
[2026-05-22 00:00:16] No changes detected.
[2026-05-22 00:00:46] No changes detected.
[2026-05-22 00:01:17] No changes detected.
[2026-05-22 00:01:47] No changes detected.
[2026-05-22 00:02:17] No changes detected.
[2026-05-22 00:02:47] No changes detected.
[2026-05-22 00:03:17] No changes detected.
[2026-05-22 00:03:48] No changes detected.
[2026-05-22 00:04:18] No changes detected.
[2026-05-22 00:04:48] No changes detected.
[2026-05-22 00:05:18] No changes detected.
[2026-05-22 00:05:48] No changes detected.
[2026-05-22 00:06:19] No changes detected.
[2026-05-22 00:06:49] No changes detected.
[2026-05-22 00:07:19] No changes detected.
[2026-05-22 00:07:49] No changes detected.
[2026-05-22 00:08:19] No changes detected.
[2026-05-22 00:08:50] No changes detected.
[2026-05-22 00:09:20] No changes detected.
[2026-05-22 00:09:50] No changes detected.
[2026-05-22 00:10:20] No changes detected.
[2026-05-22 00:10:50] No changes detected.
[2026-05-22 00:11:21] No changes detected.
[2026-05-22 00:11:51] No changes detected.
[2026-05-22 00:12:21] No changes detected.
[2026-05-22 00:12:51] No changes detected.
[2026-05-22 00:13:22] No changes detected.
[2026-05-22 00:13:52] No changes detected.
[2026-05-22 00:14:22] No changes detected.
[2026-05-22 00:14:52] No changes detected.
[2026-05-22 00:15:31] No changes detected.
[2026-05-22 00:16:04] No changes detected.
[2026-05-22 00:16:34] No changes detected.
[2026-05-22 00:17:04] No changes detected.
[2026-05-22 00:17:34] No changes detected.
[2026-05-22 00:18:04] No changes detected.
[2026-05-22 00:18:34] No changes detected.
[2026-05-22 00:19:04] No changes detected.
[2026-05-22 00:19:35] No changes detected.
[2026-05-22 00:20:05] No changes detected.
[2026-05-22 00:20:35] No changes detected.
[2026-05-22 00:21:05] No changes detected.
[2026-05-22 00:21:35] No changes detected.
[2026-05-22 00:22:05] No changes detected.
[2026-05-22 00:22:35] No changes detected.
[2026-05-22 00:23:05] No changes detected.
[2026-05-22 00:23:36] No changes detected.
[2026-05-22 00:24:06] No changes detected.
[2026-05-22 00:24:36] No changes detected.
[2026-05-22 00:25:06] No changes detected.
[2026-05-22 00:25:36] No changes detected.
[2026-05-22 00:26:06] No changes detected.
[2026-05-22 00:26:36] No changes detected.
[2026-05-22 00:27:06] No changes detected.
[2026-05-22 00:27:37] No changes detected.
[2026-05-22 00:28:07] No changes detected.
[2026-05-22 00:28:37] No changes detected.
[2026-05-22 00:29:07] No changes detected.
[2026-05-22 00:29:38] No changes detected.
[2026-05-22 00:30:11] No changes detected.
[2026-05-22 00:30:41] No changes detected.
[2026-05-22 00:31:12] No changes detected.
[2026-05-22 00:31:42] No changes detected.
[2026-05-22 00:32:12] No changes detected.
[2026-05-22 00:32:42] No changes detected.
[2026-05-22 00:33:12] No changes detected.
[2026-05-22 00:33:42] No changes detected.
[2026-05-22 00:34:12] No changes detected.
[2026-05-22 00:34:43] No changes detected.
[2026-05-22 00:35:13] No changes detected.
[2026-05-22 00:35:43] No changes detected.
[2026-05-22 00:36:13] No changes detected.
[2026-05-22 00:36:43] No changes detected.
[2026-05-22 00:37:13] No changes detected.
[2026-05-22 00:37:43] No changes detected.
[2026-05-22 00:38:13] No changes detected.
[2026-05-22 00:38:44] No changes detected.
[2026-05-22 00:39:14] No changes detected.
[2026-05-22 00:39:44] No changes detected.
[2026-05-22 00:40:14] No changes detected.
[2026-05-22 00:40:44] No changes detected.
[2026-05-22 00:41:14] No changes detected.
[2026-05-22 00:41:45] No changes detected.
[2026-05-22 00:42:15] No changes detected.
[2026-05-22 00:42:45] No changes detected.
[2026-05-22 00:43:15] No changes detected.
[2026-05-22 00:43:45] No changes detected.
[2026-05-22 00:44:15] No changes detected.
[2026-05-22 00:44:45] No changes detected.
[2026-05-22 00:45:15] No changes detected.
[2026-05-22 00:45:45] No changes detected.
[2026-05-22 00:46:16] No changes detected.
[2026-05-22 00:46:46] No changes detected.
[2026-05-22 00:47:16] No changes detected.
[2026-05-22 00:47:46] No changes detected.
[2026-05-22 00:48:16] No changes detected.
[2026-05-22 00:48:46] No changes detected.
[2026-05-22 00:49:16] No changes detected.
[2026-05-22 00:49:46] No changes detected.
[2026-05-22 00:50:16] No changes detected.
[2026-05-22 00:50:47] No changes detected.
[2026-05-22 00:51:17] No changes detected.
[2026-05-22 00:51:47] No changes detected.
[2026-05-22 00:52:17] No changes detected.
[2026-05-22 00:52:47] No changes detected.
[2026-05-22 00:53:17] No changes detected.
[2026-05-22 00:53:47] No changes detected.
[2026-05-22 00:54:18] No changes detected.
[2026-05-22 00:54:48] No changes detected.
[2026-05-22 00:55:18] No changes detected.
[2026-05-22 00:55:48] No changes detected.
[2026-05-22 00:56:18] No changes detected.
[2026-05-22 00:56:48] No changes detected.
[2026-05-22 00:57:18] No changes detected.
[2026-05-22 00:57:48] No changes detected.
[2026-05-22 00:58:19] No changes detected.
[2026-05-22 00:58:49] No changes detected.
[2026-05-22 00:59:19] No changes detected.
[2026-05-22 00:59:49] No changes detected.
[2026-05-22 01:00:19] No changes detected.
[2026-05-22 01:00:49] No changes detected.
[2026-05-22 01:01:19] No changes detected.
[2026-05-22 01:01:49] No changes detected.
[2026-05-22 01:02:19] No changes detected.
[2026-05-22 01:02:50] No changes detected.
[2026-05-22 01:03:20] No changes detected.
[2026-05-22 01:03:50] No changes detected.
[2026-05-22 01:04:20] No changes detected.
[2026-05-22 01:04:50] No changes detected.
[2026-05-22 01:05:20] No changes detected.
[2026-05-22 01:05:51] No changes detected.
[2026-05-22 01:06:21] No changes detected.
[2026-05-22 01:06:51] No changes detected.
[2026-05-22 01:07:21] No changes detected.
[2026-05-22 01:07:51] No changes detected.
[2026-05-22 01:08:21] No changes detected.
[2026-05-22 01:08:51] No changes detected.
[2026-05-22 01:09:22] No changes detected.
[2026-05-22 01:09:52] No changes detected.
[2026-05-22 01:10:22] No changes detected.
[2026-05-22 01:10:52] No changes detected.
[2026-05-22 01:11:22] No changes detected.
[2026-05-22 01:11:52] No changes detected.
[2026-05-22 01:12:22] No changes detected.
[2026-05-22 01:12:52] No changes detected.
[2026-05-22 01:13:23] No changes detected.
[2026-05-22 01:13:53] No changes detected.
[2026-05-22 01:14:23] No changes detected.
[2026-05-22 01:14:53] No changes detected.
[2026-05-22 01:15:23] No changes detected.
[2026-05-22 01:15:53] No changes detected.
[2026-05-22 01:16:23] No changes detected.
[2026-05-22 01:16:53] No changes detected.
[2026-05-22 01:17:24] No changes detected.
[2026-05-22 01:17:54] No changes detected.
[2026-05-22 01:18:24] No changes detected.
[2026-05-22 01:18:54] No changes detected.
[2026-05-22 01:19:24] No changes detected.
[2026-05-22 01:19:54] No changes detected.
[2026-05-22 01:20:25] No changes detected.
[2026-05-22 01:20:55] No changes detected.
[2026-05-22 01:21:25] No changes detected.
[2026-05-22 01:21:55] No changes detected.
[2026-05-22 01:22:25] No changes detected.
[2026-05-22 01:22:55] No changes detected.
[2026-05-22 01:23:25] No changes detected.
[2026-05-22 01:23:55] No changes detected.
[2026-05-22 01:24:25] No changes detected.
[2026-05-22 01:24:56] No changes detected.
[2026-05-22 01:25:26] No changes detected.
[2026-05-22 01:25:56] No changes detected.
[2026-05-22 01:26:26] No changes detected.
[2026-05-22 01:26:56] No changes detected.
[2026-05-22 01:27:26] No changes detected.
[2026-05-22 01:27:56] No changes detected.
[2026-05-22 01:28:26] No changes detected.
[2026-05-22 01:28:56] No changes detected.
[2026-05-22 01:29:27] No changes detected.
[2026-05-22 01:29:57] No changes detected.
[2026-05-22 01:30:27] No changes detected.
[2026-05-22 01:30:57] No changes detected.
[2026-05-22 01:31:27] No changes detected.
[2026-05-22 01:31:57] No changes detected.
[2026-05-22 01:32:28] No changes detected.
[2026-05-22 01:32:58] No changes detected.
[2026-05-22 01:33:28] No changes detected.
[2026-05-22 01:33:58] No changes detected.
[2026-05-22 01:34:28] No changes detected.
[2026-05-22 01:34:58] No changes detected.
[2026-05-22 01:35:28] No changes detected.
[2026-05-22 01:35:59] No changes detected.
[2026-05-22 01:36:29] No changes detected.
[2026-05-22 01:36:59] No changes detected.
[2026-05-22 01:37:29] No changes detected.
[2026-05-22 01:37:59] No changes detected.
[2026-05-22 01:38:29] No changes detected.
[2026-05-22 01:38:59] No changes detected.
[2026-05-22 01:39:30] No changes detected.
[2026-05-22 01:40:00] No changes detected.
[2026-05-22 01:40:30] No changes detected.
[2026-05-22 01:41:00] No changes detected.
[2026-05-22 01:41:30] No changes detected.
[2026-05-22 01:42:00] No changes detected.
[2026-05-22 01:42:31] No changes detected.
[2026-05-22 01:43:01] No changes detected.
[2026-05-22 01:43:31] No changes detected.
[2026-05-22 01:44:01] No changes detected.
[2026-05-22 01:44:31] No changes detected.
[2026-05-22 01:45:01] No changes detected.
[2026-05-22 01:45:32] No changes detected.
[2026-05-22 01:46:02] No changes detected.
[2026-05-22 01:46:32] No changes detected.
[2026-05-22 01:47:02] No changes detected.
[2026-05-22 01:47:32] No changes detected.
[2026-05-22 01:48:02] No changes detected.
[2026-05-22 01:48:32] No changes detected.
[2026-05-22 01:49:03] No changes detected.
[2026-05-22 01:49:33] No changes detected.
[2026-05-22 01:50:03] No changes detected.
[2026-05-22 01:50:33] No changes detected.
[2026-05-22 01:51:03] No changes detected.
[2026-05-22 01:51:33] No changes detected.
[2026-05-22 01:52:03] No changes detected.
[2026-05-22 01:52:34] No changes detected.
[2026-05-22 01:53:04] No changes detected.
[2026-05-22 01:53:34] No changes detected.
[2026-05-22 01:54:04] No changes detected.
[2026-05-22 01:54:35] No changes detected.
[2026-05-22 01:55:05] No changes detected.
[2026-05-22 01:55:35] No changes detected.
[2026-05-22 01:56:05] No changes detected.
[2026-05-22 01:56:35] No changes detected.
[2026-05-22 01:57:05] No changes detected.
[2026-05-22 01:57:50] No changes detected.
[2026-05-22 01:58:20] No changes detected.
[2026-05-22 01:58:50] No changes detected.
[2026-05-22 01:59:20] No changes detected.
[2026-05-22 01:59:50] No changes detected.
[2026-05-22 02:00:21] No changes detected.
[2026-05-22 02:00:51] No changes detected.
[2026-05-22 02:01:21] No changes detected.
[2026-05-22 02:01:51] No changes detected.
[2026-05-22 02:02:21] No changes detected.
[2026-05-22 02:02:51] No changes detected.
[2026-05-22 02:03:21] No changes detected.
[2026-05-22 02:03:52] No changes detected.
[2026-05-22 02:04:22] No changes detected.
[2026-05-22 02:04:52] No changes detected.
[2026-05-22 02:05:22] No changes detected.
[2026-05-22 02:05:52] No changes detected.
[2026-05-22 02:06:22] No changes detected.
[2026-05-22 02:06:52] No changes detected.
[2026-05-22 02:07:23] No changes detected.
[2026-05-22 02:07:53] No changes detected.
[2026-05-22 02:08:23] No changes detected.
[2026-05-22 02:08:53] No changes detected.
[2026-05-22 02:09:23] No changes detected.
[2026-05-22 02:09:53] No changes detected.
[2026-05-22 02:10:23] No changes detected.
[2026-05-22 02:10:53] No changes detected.
[2026-05-22 02:11:23] No changes detected.
[2026-05-22 02:11:54] No changes detected.
[2026-05-22 02:12:24] No changes detected.
[2026-05-22 02:12:54] No changes detected.
[2026-05-22 02:13:24] No changes detected.
[2026-05-22 02:13:54] No changes detected.
[2026-05-22 02:14:24] No changes detected.
[2026-05-22 02:14:54] No changes detected.
[2026-05-22 02:15:24] No changes detected.
[2026-05-22 02:15:55] No changes detected.
[2026-05-22 02:16:25] No changes detected.
[2026-05-22 02:16:55] No changes detected.
[2026-05-22 02:17:25] No changes detected.
[2026-05-22 02:17:55] No changes detected.
[2026-05-22 02:18:25] No changes detected.
[2026-05-22 02:18:55] No changes detected.
[2026-05-22 02:19:25] No changes detected.
[2026-05-22 02:19:57] No changes detected.
[2026-05-22 02:20:27] No changes detected.
[2026-05-22 02:20:57] No changes detected.
[2026-05-22 02:21:27] No changes detected.
[2026-05-22 02:21:58] No changes detected.
[2026-05-22 02:22:28] No changes detected.
[2026-05-22 02:22:58] No changes detected.
[2026-05-22 02:23:28] No changes detected.
[2026-05-22 02:23:58] No changes detected.
[2026-05-22 02:24:28] No changes detected.
[2026-05-22 02:24:58] No changes detected.
[2026-05-22 02:25:28] No changes detected.
[2026-05-22 02:25:59] No changes detected.
[2026-05-22 02:26:29] No changes detected.
[2026-05-22 02:26:59] No changes detected.
[2026-05-22 02:27:29] No changes detected.
[2026-05-22 02:27:59] No changes detected.
[2026-05-22 02:28:29] No changes detected.
[2026-05-22 02:28:59] No changes detected.
[2026-05-22 02:29:29] No changes detected.
[2026-05-22 02:29:59] No changes detected.
[2026-05-22 02:30:30] No changes detected.
[2026-05-22 02:31:00] No changes detected.
[2026-05-22 02:31:30] No changes detected.
[2026-05-22 02:32:00] No changes detected.
[2026-05-22 02:32:30] No changes detected.
[2026-05-22 02:33:00] No changes detected.
[2026-05-22 02:33:30] No changes detected.
[2026-05-22 02:34:01] No changes detected.
[2026-05-22 02:34:31] No changes detected.
[2026-05-22 02:35:01] No changes detected.
[2026-05-22 02:35:31] No changes detected.
[2026-05-22 02:36:01] No changes detected.
[2026-05-22 02:36:31] No changes detected.
[2026-05-22 02:37:01] No changes detected.
[2026-05-22 02:37:32] No changes detected.
[2026-05-22 02:38:02] No changes detected.
[2026-05-22 02:38:32] No changes detected.
[2026-05-22 02:39:02] No changes detected.
[2026-05-22 02:39:32] No changes detected.
[2026-05-22 02:40:02] No changes detected.
[2026-05-22 02:40:32] No changes detected.
[2026-05-22 02:41:02] No changes detected.
[2026-05-22 02:41:33] No changes detected.
[2026-05-22 02:42:03] No changes detected.
[2026-05-22 02:42:33] No changes detected.
[2026-05-22 02:43:03] No changes detected.
[2026-05-22 02:43:33] No changes detected.
[2026-05-22 02:44:03] No changes detected.
[2026-05-22 02:44:33] No changes detected.
[2026-05-22 02:45:03] No changes detected.
[2026-05-22 02:45:34] No changes detected.
[2026-05-22 02:46:04] No changes detected.
[2026-05-22 02:46:34] No changes detected.
[2026-05-22 02:47:04] No changes detected.
[2026-05-22 02:47:34] No changes detected.
[2026-05-22 02:48:04] No changes detected.
[2026-05-22 02:48:34] No changes detected.
[2026-05-22 02:49:04] No changes detected.
[2026-05-22 02:49:34] No changes detected.
[2026-05-22 02:50:05] No changes detected.
[2026-05-22 02:50:35] No changes detected.
[2026-05-22 02:51:05] No changes detected.
[2026-05-22 02:51:35] No changes detected.
[2026-05-22 02:52:05] No changes detected.
[2026-05-22 02:52:35] No changes detected.
[2026-05-22 02:53:05] No changes detected.
[2026-05-22 02:53:35] No changes detected.
[2026-05-22 02:54:05] No changes detected.
[2026-05-22 02:54:36] No changes detected.
[2026-05-22 02:55:06] No changes detected.
[2026-05-22 02:55:36] No changes detected.
[2026-05-22 02:56:06] No changes detected.
[2026-05-22 02:56:36] No changes detected.
[2026-05-22 02:57:06] No changes detected.
[2026-05-22 02:57:36] No changes detected.
[2026-05-22 02:58:07] No changes detected.
[2026-05-22 02:58:37] No changes detected.
[2026-05-22 02:59:07] No changes detected.
[2026-05-22 02:59:37] No changes detected.
[2026-05-22 03:00:07] No changes detected.
[2026-05-22 03:00:38] No changes detected.
[2026-05-22 03:01:08] No changes detected.
[2026-05-22 03:01:38] No changes detected.
[2026-05-22 03:02:08] No changes detected.
[2026-05-22 03:02:38] No changes detected.
[2026-05-22 03:03:08] No changes detected.
[2026-05-22 03:03:38] No changes detected.
[2026-05-22 03:04:09] No changes detected.
[2026-05-22 03:04:39] No changes detected.
[2026-05-22 03:05:09] No changes detected.
[2026-05-22 03:05:39] No changes detected.
[2026-05-22 03:06:09] No changes detected.
[2026-05-22 03:06:39] No changes detected.
[2026-05-22 03:07:09] No changes detected.
[2026-05-22 03:07:40] No changes detected.
[2026-05-22 03:08:10] No changes detected.
[2026-05-22 03:08:40] No changes detected.
[2026-05-22 03:09:10] No changes detected.
[2026-05-22 03:09:40] No changes detected.
[2026-05-22 03:10:10] No changes detected.
[2026-05-22 03:10:41] No changes detected.
[2026-05-22 03:11:13] No changes detected.
[2026-05-22 03:11:43] No changes detected.
[2026-05-22 03:12:13] No changes detected.
[2026-05-22 03:12:43] No changes detected.
[2026-05-22 03:13:13] No changes detected.
[2026-05-22 03:13:43] No changes detected.
[2026-05-22 03:14:14] No changes detected.
[2026-05-22 03:14:44] No changes detected.
[2026-05-22 03:15:14] No changes detected.
[2026-05-22 03:15:44] No changes detected.
[2026-05-22 03:16:14] No changes detected.
[2026-05-22 03:16:44] No changes detected.
[2026-05-22 03:17:14] No changes detected.
[2026-05-22 03:17:44] No changes detected.
[2026-05-22 03:18:15] No changes detected.
[2026-05-22 03:18:45] No changes detected.
[2026-05-22 03:19:15] No changes detected.
[2026-05-22 03:19:45] No changes detected.
[2026-05-22 03:20:20] No changes detected.
[2026-05-22 03:20:50] No changes detected.
[2026-05-22 03:21:24] No changes detected.
[2026-05-22 03:21:54] No changes detected.
[2026-05-22 03:22:25] No changes detected.
[2026-05-22 03:22:55] No changes detected.
[2026-05-22 03:23:25] No changes detected.
[2026-05-22 03:23:55] No changes detected.
[2026-05-22 03:24:25] No changes detected.
[2026-05-22 03:24:55] No changes detected.
[2026-05-22 03:25:26] No changes detected.
[2026-05-22 03:25:56] No changes detected.
[2026-05-22 03:26:26] No changes detected.
[2026-05-22 03:26:56] No changes detected.
[2026-05-22 03:27:26] No changes detected.
[2026-05-22 03:27:56] No changes detected.
[2026-05-22 03:28:27] No changes detected.
[2026-05-22 03:28:57] No changes detected.
[2026-05-22 03:29:27] No changes detected.
[2026-05-22 03:29:57] No changes detected.
[2026-05-22 03:30:27] No changes detected.
[2026-05-22 03:30:58] No changes detected.
[2026-05-22 03:31:28] No changes detected.
[2026-05-22 03:31:58] No changes detected.
[2026-05-22 03:32:28] No changes detected.
[2026-05-22 03:32:58] No changes detected.
[2026-05-22 03:33:28] No changes detected.
[2026-05-22 03:33:59] No changes detected.
[2026-05-22 03:34:29] No changes detected.
[2026-05-22 03:34:59] No changes detected.
[2026-05-22 03:35:29] No changes detected.
[2026-05-22 03:35:59] No changes detected.
[2026-05-22 03:36:29] No changes detected.
[2026-05-22 03:37:00] No changes detected.
[2026-05-22 03:37:30] No changes detected.
[2026-05-22 03:38:02] No changes detected.
[2026-05-22 03:38:32] No changes detected.
[2026-05-22 03:39:03] No changes detected.
[2026-05-22 03:39:33] No changes detected.
[2026-05-22 03:40:03] No changes detected.
[2026-05-22 03:40:33] No changes detected.
[2026-05-22 03:41:03] No changes detected.
[2026-05-22 03:41:33] No changes detected.
[2026-05-22 03:42:08] No changes detected.
[2026-05-22 03:42:38] No changes detected.
[2026-05-22 03:43:08] No changes detected.
[2026-05-22 03:43:38] No changes detected.
[2026-05-22 03:44:09] No changes detected.
[2026-05-22 03:44:39] No changes detected.
[2026-05-22 03:45:09] No changes detected.
[2026-05-22 03:45:39] No changes detected.
[2026-05-22 03:46:10] No changes detected.
[2026-05-22 03:46:40] No changes detected.
[2026-05-22 03:47:10] No changes detected.
[2026-05-22 03:47:40] No changes detected.
[2026-05-22 03:48:10] No changes detected.
[2026-05-22 03:48:40] No changes detected.
[2026-05-22 03:49:10] No changes detected.
[2026-05-22 03:49:41] No changes detected.
[2026-05-22 03:50:12] No changes detected.
[2026-05-22 03:50:42] No changes detected.
[2026-05-22 03:51:12] No changes detected.
[2026-05-22 03:51:42] No changes detected.
[2026-05-22 03:52:12] No changes detected.
[2026-05-22 03:52:43] No changes detected.
[2026-05-22 03:53:13] No changes detected.
[2026-05-22 03:53:43] No changes detected.
[2026-05-22 03:54:13] No changes detected.
[2026-05-22 03:54:43] No changes detected.
[2026-05-22 03:55:13] No changes detected.
[2026-05-22 03:55:43] No changes detected.
[2026-05-22 03:56:13] No changes detected.
[2026-05-22 03:56:44] No changes detected.
[2026-05-22 03:57:14] No changes detected.
[2026-05-22 03:57:44] No changes detected.
[2026-05-22 03:58:14] No changes detected.
[2026-05-22 03:58:44] No changes detected.
[2026-05-22 03:59:14] No changes detected.
[2026-05-22 03:59:44] No changes detected.
[2026-05-22 04:00:15] No changes detected.
[2026-05-22 04:00:45] No changes detected.
[2026-05-22 04:01:32] No changes detected.
[2026-05-22 04:02:02] No changes detected.
[2026-05-22 04:03:43] No changes detected.
[2026-05-22 04:04:14] No changes detected.
[2026-05-22 04:04:44] No changes detected.
[2026-05-22 04:10:01] No changes detected.
[2026-05-22 04:10:31] No changes detected.
[2026-05-22 04:11:01] No changes detected.
[2026-05-22 04:26:30] No changes detected.
[2026-05-22 04:27:00] No changes detected.
[2026-05-22 04:27:30] No changes detected.
[2026-05-22 04:28:00] No changes detected.
[2026-05-22 04:28:30] No changes detected.
[2026-05-22 04:29:01] No changes detected.
[2026-05-22 04:37:43] No changes detected.
[2026-05-22 04:38:13] No changes detected.
[2026-05-22 04:53:41] No changes detected.
[2026-05-22 04:54:11] No changes detected.
[2026-05-22 04:54:41] No changes detected.
[2026-05-22 04:55:12] No changes detected.
[2026-05-22 04:55:42] No changes detected.
[2026-05-22 04:56:12] No changes detected.
[2026-05-22 05:11:41] No changes detected.
[2026-05-22 05:12:11] No changes detected.
[2026-05-22 05:12:41] No changes detected.
[2026-05-22 05:13:11] No changes detected.
[2026-05-22 05:13:41] No changes detected.
[2026-05-22 05:14:12] No changes detected.
[2026-05-22 05:14:42] No changes detected.
[2026-05-22 05:15:12] No changes detected.
[2026-05-22 05:15:42] No changes detected.
[2026-05-22 05:20:34] No changes detected.
[2026-05-22 05:21:04] No changes detected.
[2026-05-22 05:21:34] No changes detected.
[2026-05-22 05:22:04] No changes detected.
[2026-05-22 05:22:34] No changes detected.
[2026-05-22 05:38:02] No changes detected.
[2026-05-22 05:38:33] No changes detected.
[2026-05-22 05:39:03] No changes detected.
[2026-05-22 05:39:33] No changes detected.
[2026-05-22 05:40:03] No changes detected.
[2026-05-22 05:40:33] No changes detected.
[2026-05-22 05:41:04] No changes detected.
[2026-05-22 05:41:34] No changes detected.
[2026-05-22 05:42:04] No changes detected.
[2026-05-22 05:42:34] No changes detected.
[2026-05-22 05:43:05] No changes detected.
[2026-05-22 05:43:35] No changes detected.
[2026-05-22 05:44:05] No changes detected.
[2026-05-22 05:44:35] No changes detected.
[2026-05-22 05:45:05] No changes detected.
[2026-05-22 05:45:35] No changes detected.
[2026-05-22 05:46:06] No changes detected.
[2026-05-22 05:46:36] No changes detected.
[2026-05-22 05:47:06] No changes detected.
[2026-05-22 05:47:36] No changes detected.
[2026-05-22 05:48:06] No changes detected.
[2026-05-22 05:48:37] No changes detected.
[2026-05-22 05:49:07] No changes detected.
[2026-05-22 05:49:37] No changes detected.
[2026-05-22 05:50:07] No changes detected.
[2026-05-22 05:50:38] No changes detected.
[2026-05-22 05:51:08] No changes detected.
[2026-05-22 05:51:38] No changes detected.
[2026-05-22 05:52:08] No changes detected.
[2026-05-22 05:52:38] No changes detected.
[2026-05-22 05:53:33] No changes detected.
[2026-05-22 05:54:03] No changes detected.
[2026-05-22 05:58:20] No changes detected.
[2026-05-22 06:03:04] No changes detected.
[2026-05-22 06:03:34] No changes detected.
[2026-05-22 06:08:01] No changes detected.
[2026-05-22 06:08:32] No changes detected.
[2026-05-22 06:13:15] No changes detected.
[2026-05-22 06:13:45] No changes detected.
[2026-05-22 06:14:16] No changes detected.
[2026-05-22 06:14:46] No changes detected.
[2026-05-22 06:15:16] No changes detected.
[2026-05-22 06:15:46] No changes detected.
[2026-05-22 06:16:16] No changes detected.
[2026-05-22 06:16:47] No changes detected.
[2026-05-22 06:17:17] No changes detected.
[2026-05-22 06:17:47] No changes detected.
[2026-05-22 06:18:17] No changes detected.
[2026-05-22 06:18:47] No changes detected.
[2026-05-22 06:19:18] No changes detected.
[2026-05-22 06:19:48] No changes detected.
[2026-05-22 06:20:18] No changes detected.
[2026-05-22 06:20:48] No changes detected.
[2026-05-22 06:21:18] No changes detected.
[2026-05-22 06:21:49] No changes detected.
[2026-05-22 06:22:19] No changes detected.
[2026-05-22 06:22:49] No changes detected.
[2026-05-22 06:23:19] No changes detected.
[2026-05-22 06:23:50] No changes detected.
[2026-05-22 06:24:20] No changes detected.
[2026-05-22 06:24:50] No changes detected.
[2026-05-22 06:25:20] No changes detected.
[2026-05-22 06:25:50] No changes detected.
[2026-05-22 06:26:20] No changes detected.
[2026-05-22 06:26:51] No changes detected.
[2026-05-22 06:27:21] No changes detected.
[2026-05-22 06:27:51] No changes detected.
[2026-05-22 06:28:21] No changes detected.
[2026-05-22 06:28:52] No changes detected.
[2026-05-22 06:29:22] No changes detected.
[2026-05-22 06:29:52] No changes detected.
[2026-05-22 06:30:22] No changes detected.
[2026-05-22 06:30:52] No changes detected.
[2026-05-22 06:31:23] No changes detected.
[2026-05-22 06:31:53] No changes detected.
[2026-05-22 06:32:23] No changes detected.
[2026-05-22 06:32:53] No changes detected.
[2026-05-22 06:33:24] No changes detected.
[2026-05-22 06:33:54] No changes detected.
[2026-05-22 06:34:24] No changes detected.
[2026-05-22 06:34:54] No changes detected.
[2026-05-22 06:35:24] No changes detected.
[2026-05-22 06:35:55] No changes detected.
[2026-05-22 06:36:25] No changes detected.
[2026-05-22 06:36:55] No changes detected.
[2026-05-22 06:37:25] No changes detected.
[2026-05-22 06:37:56] No changes detected.
[2026-05-22 06:38:26] No changes detected.
[2026-05-22 06:38:56] No changes detected.
[2026-05-22 06:39:26] No changes detected.
[2026-05-22 06:39:56] No changes detected.
[2026-05-22 06:40:27] No changes detected.
[2026-05-22 06:40:57] No changes detected.
[2026-05-22 06:41:27] No changes detected.
[2026-05-22 06:41:57] No changes detected.
[2026-05-22 06:42:28] No changes detected.
[2026-05-22 06:42:58] No changes detected.
[2026-05-22 06:43:28] No changes detected.
[2026-05-22 06:43:58] No changes detected.
[2026-05-22 06:44:28] No changes detected.
[2026-05-22 06:44:59] No changes detected.
[2026-05-22 06:45:29] No changes detected.
[2026-05-22 06:45:59] No changes detected.
[2026-05-22 06:46:29] No changes detected.
[2026-05-22 06:46:59] No changes detected.
[2026-05-22 06:47:30] No changes detected.
[2026-05-22 06:48:00] No changes detected.
[2026-05-22 06:48:30] No changes detected.
[2026-05-22 06:49:00] No changes detected.
[2026-05-22 06:49:31] No changes detected.
[2026-05-22 06:50:01] No changes detected.
[2026-05-22 06:50:31] No changes detected.
[2026-05-22 06:51:01] No changes detected.
[2026-05-22 06:51:31] No changes detected.
[2026-05-22 06:52:02] No changes detected.
[2026-05-22 06:52:32] No changes detected.
[2026-05-22 06:53:02] No changes detected.
[2026-05-22 06:53:32] No changes detected.
[2026-05-22 06:54:03] No changes detected.
[2026-05-22 06:54:33] No changes detected.
[2026-05-22 06:55:03] No changes detected.
[2026-05-22 06:55:33] No changes detected.
[2026-05-22 06:56:03] No changes detected.
[2026-05-22 06:56:34] No changes detected.
[2026-05-22 06:57:04] No changes detected.
[2026-05-22 06:57:34] No changes detected.
[2026-05-22 06:58:04] No changes detected.
[2026-05-22 06:58:34] No changes detected.
[2026-05-22 06:59:05] No changes detected.
[2026-05-22 06:59:35] No changes detected.
[2026-05-22 07:00:05] No changes detected.
[2026-05-22 07:00:35] No changes detected.
[2026-05-22 07:01:06] No changes detected.
[2026-05-22 07:01:36] No changes detected.
[2026-05-22 07:02:06] No changes detected.
[2026-05-22 07:02:36] No changes detected.
[2026-05-22 07:03:06] No changes detected.
[2026-05-22 07:03:37] No changes detected.
[2026-05-22 07:04:07] No changes detected.
[2026-05-22 07:04:37] No changes detected.
[2026-05-22 07:05:07] No changes detected.
[2026-05-22 07:05:37] No changes detected.
[2026-05-22 07:06:08] No changes detected.
[2026-05-22 07:06:38] No changes detected.
[2026-05-22 07:07:08] No changes detected.
[2026-05-22 07:07:38] No changes detected.
[2026-05-22 07:08:08] No changes detected.
[2026-05-22 07:08:39] No changes detected.
[2026-05-22 07:09:09] No changes detected.
[2026-05-22 07:09:39] No changes detected.
[2026-05-22 07:10:09] No changes detected.
[2026-05-22 07:10:40] No changes detected.
[2026-05-22 07:11:10] No changes detected.
[2026-05-22 07:11:40] No changes detected.
[2026-05-22 07:12:10] No changes detected.
[2026-05-22 07:12:40] No changes detected.
[2026-05-22 07:13:11] No changes detected.
[2026-05-22 07:13:41] No changes detected.
[2026-05-22 07:14:11] No changes detected.
[2026-05-22 07:14:41] No changes detected.
[2026-05-22 07:15:11] No changes detected.
[2026-05-22 07:15:42] No changes detected.
[2026-05-22 07:16:12] No changes detected.
[2026-05-22 07:16:42] No changes detected.
[2026-05-22 07:17:12] No changes detected.
[2026-05-22 07:17:43] No changes detected.
[2026-05-22 07:18:13] No changes detected.
[2026-05-22 07:18:43] No changes detected.
[2026-05-22 07:19:13] No changes detected.
[2026-05-22 07:19:43] No changes detected.
[2026-05-22 07:20:14] No changes detected.
[2026-05-22 07:20:44] No changes detected.
[2026-05-22 07:21:14] No changes detected.
[2026-05-22 07:21:44] No changes detected.
[2026-05-22 07:22:15] No changes detected.
[2026-05-22 07:22:45] No changes detected.
[2026-05-22 07:23:15] No changes detected.
[2026-05-22 07:23:45] No changes detected.
[2026-05-22 07:24:15] No changes detected.
[2026-05-22 07:24:46] No changes detected.
[2026-05-22 07:25:16] No changes detected.
[2026-05-22 07:25:46] No changes detected.
[2026-05-22 07:26:16] No changes detected.
[2026-05-22 07:26:46] No changes detected.
[2026-05-22 07:27:17] No changes detected.
[2026-05-22 07:27:47] No changes detected.
[2026-05-22 07:28:17] No changes detected.
[2026-05-22 07:28:47] No changes detected.
[2026-05-22 07:29:17] No changes detected.
[2026-05-22 07:29:48] No changes detected.
[2026-05-22 07:30:18] No changes detected.
[2026-05-22 07:30:48] No changes detected.
[2026-05-22 07:31:18] No changes detected.
[2026-05-22 07:31:49] No changes detected.
[2026-05-22 07:32:19] No changes detected.
[2026-05-22 07:32:49] No changes detected.
[2026-05-22 07:33:19] No changes detected.
[2026-05-22 07:33:49] No changes detected.
[2026-05-22 07:34:20] No changes detected.
[2026-05-22 07:34:50] No changes detected.
[2026-05-22 07:35:20] No changes detected.
[2026-05-22 07:35:50] No changes detected.
[2026-05-22 07:36:20] No changes detected.
[2026-05-22 07:36:51] No changes detected.
[2026-05-22 07:37:21] No changes detected.
[2026-05-22 07:37:51] No changes detected.
[2026-05-22 07:38:21] No changes detected.
[2026-05-22 07:38:51] No changes detected.
[2026-05-22 07:39:22] No changes detected.
[2026-05-22 07:39:52] No changes detected.
[2026-05-22 07:40:22] No changes detected.
[2026-05-22 07:40:52] No changes detected.
[2026-05-22 07:41:23] No changes detected.
[2026-05-22 07:41:53] No changes detected.
[2026-05-22 07:42:23] No changes detected.
[2026-05-22 07:42:53] No changes detected.
[2026-05-22 07:43:23] No changes detected.
[2026-05-22 07:43:54] No changes detected.
[2026-05-22 07:44:24] No changes detected.
[2026-05-22 07:44:54] No changes detected.
[2026-05-22 07:45:24] No changes detected.
[2026-05-22 07:45:54] No changes detected.
[2026-05-22 07:46:25] No changes detected.
[2026-05-22 07:46:55] No changes detected.
[2026-05-22 07:47:25] No changes detected.
[2026-05-22 07:47:55] No changes detected.
[2026-05-22 07:48:26] No changes detected.
[2026-05-22 07:48:56] No changes detected.
[2026-05-22 07:49:26] No changes detected.
[2026-05-22 07:49:56] No changes detected.
[2026-05-22 07:50:26] No changes detected.
[2026-05-22 07:50:57] No changes detected.
[2026-05-22 07:51:27] No changes detected.
[2026-05-22 07:51:57] No changes detected.
[2026-05-22 07:52:27] No changes detected.
[2026-05-22 07:52:58] No changes detected.
[2026-05-22 07:53:28] No changes detected.
[2026-05-22 07:53:58] No changes detected.
[2026-05-22 07:54:28] No changes detected.
[2026-05-22 07:54:58] No changes detected.
[2026-05-22 07:55:29] No changes detected.
[2026-05-22 07:55:59] No changes detected.
[2026-05-22 07:56:29] No changes detected.
[2026-05-22 07:56:59] No changes detected.
[2026-05-22 07:57:29] No changes detected.
[2026-05-22 07:58:00] No changes detected.
[2026-05-22 07:58:30] No changes detected.
[2026-05-22 07:59:00] No changes detected.
[2026-05-22 07:59:30] No changes detected.
[2026-05-22 08:00:00] No changes detected.
[2026-05-22 08:00:31] No changes detected.
[2026-05-22 08:01:01] No changes detected.
[2026-05-22 08:01:31] No changes detected.
[2026-05-22 08:02:01] No changes detected.
[2026-05-22 08:02:32] No changes detected.
[2026-05-22 08:03:02] No changes detected.
[2026-05-22 08:03:32] No changes detected.
[2026-05-22 08:04:02] No changes detected.
[2026-05-22 08:04:32] No changes detected.
[2026-05-22 08:05:03] No changes detected.
[2026-05-22 08:05:33] No changes detected.
[2026-05-22 08:06:03] No changes detected.
[2026-05-22 08:06:33] No changes detected.
[2026-05-22 08:07:04] No changes detected.
[2026-05-22 08:07:34] No changes detected.
[2026-05-22 08:08:04] No changes detected.
[2026-05-22 08:08:34] No changes detected.
[2026-05-22 08:09:04] No changes detected.
[2026-05-22 08:09:35] No changes detected.
[2026-05-22 08:10:05] No changes detected.
[2026-05-22 08:10:35] No changes detected.
[2026-05-22 08:11:05] No changes detected.
[2026-05-22 08:11:35] No changes detected.
[2026-05-22 08:12:06] No changes detected.
[2026-05-22 08:12:36] No changes detected.
[2026-05-22 08:13:06] No changes detected.
[2026-05-22 08:13:36] No changes detected.
[2026-05-22 08:14:07] No changes detected.
[2026-05-22 08:14:37] No changes detected.
[2026-05-22 08:15:07] No changes detected.
[2026-05-22 08:15:37] No changes detected.
[2026-05-22 08:16:07] No changes detected.
[2026-05-22 08:16:38] No changes detected.
[2026-05-22 08:17:08] No changes detected.
[2026-05-22 08:17:38] No changes detected.
[2026-05-22 08:18:08] No changes detected.
[2026-05-22 08:18:38] No changes detected.
[2026-05-22 08:19:09] No changes detected.
[2026-05-22 08:19:39] No changes detected.
[2026-05-22 08:20:09] No changes detected.
[2026-05-22 08:20:39] No changes detected.
[2026-05-22 08:21:10] No changes detected.
[2026-05-22 08:21:40] No changes detected.
[2026-05-22 08:22:10] No changes detected.
[2026-05-22 08:22:40] No changes detected.
[2026-05-22 08:23:10] No changes detected.
[2026-05-22 08:23:41] No changes detected.
[2026-05-22 08:24:11] No changes detected.
[2026-05-22 08:24:41] No changes detected.
[2026-05-22 08:25:11] No changes detected.
[2026-05-22 08:25:42] No changes detected.
[2026-05-22 08:26:12] No changes detected.
[2026-05-22 08:26:42] No changes detected.
[2026-05-22 08:27:12] No changes detected.
[2026-05-22 08:27:42] No changes detected.
[2026-05-22 08:28:13] No changes detected.
[2026-05-22 08:28:43] No changes detected.
[2026-05-22 08:29:13] No changes detected.
[2026-05-22 08:29:43] No changes detected.
[2026-05-22 08:30:13] No changes detected.
[2026-05-22 08:30:44] No changes detected.
[2026-05-22 08:31:14] No changes detected.
[2026-05-22 08:31:44] No changes detected.
[2026-05-22 08:32:14] No changes detected.
[2026-05-22 08:32:44] No changes detected.
[2026-05-22 08:33:15] No changes detected.
[2026-05-22 08:33:45] No changes detected.
[2026-05-22 08:34:15] No changes detected.
[2026-05-22 08:34:45] No changes detected.
[2026-05-22 08:35:16] No changes detected.
[2026-05-22 08:35:46] No changes detected.
[2026-05-22 08:36:16] No changes detected.
[2026-05-22 08:36:46] No changes detected.
[2026-05-22 08:37:16] No changes detected.
[2026-05-22 08:37:47] No changes detected.
[2026-05-22 08:38:17] No changes detected.
[2026-05-22 08:38:47] No changes detected.
[2026-05-22 08:39:17] No changes detected.
[2026-05-22 08:39:47] No changes detected.
[2026-05-22 08:40:18] No changes detected.
[2026-05-22 08:40:48] No changes detected.
[2026-05-22 08:41:18] No changes detected.
[2026-05-22 08:41:48] No changes detected.
[2026-05-22 08:42:19] No changes detected.
[2026-05-22 08:42:49] No changes detected.
[2026-05-22 08:43:20] No changes detected.
[2026-05-22 09:00:14] No changes detected.
[2026-05-22 09:01:54] No changes detected.
[2026-05-22 09:02:24] No changes detected.
[2026-05-22 09:02:55] No changes detected.
[2026-05-22 09:03:25] No changes detected.
[2026-05-22 09:03:55] No changes detected.
[2026-05-22 09:04:25] No changes detected.
[2026-05-22 09:04:55] No changes detected.
[2026-05-22 09:05:25] No changes detected.
[2026-05-22 09:05:56] No changes detected.
[2026-05-22 09:06:26] No changes detected.
[2026-05-22 09:06:56] No changes detected.
[2026-05-22 09:07:26] No changes detected.
[2026-05-22 09:07:56] No changes detected.
[2026-05-22 09:08:26] No changes detected.
[2026-05-22 09:08:57] No changes detected.
[2026-05-22 09:09:27] No changes detected.
[2026-05-22 09:09:57] No changes detected.
[2026-05-22 09:10:27] No changes detected.
[2026-05-22 09:10:57] No changes detected.
[2026-05-22 09:11:27] No changes detected.
[2026-05-22 09:11:57] No changes detected.
[2026-05-22 09:12:28] No changes detected.
[2026-05-22 09:12:58] No changes detected.
[2026-05-22 09:13:28] No changes detected.
[2026-05-22 09:13:58] No changes detected.
[2026-05-22 09:14:28] No changes detected.
[2026-05-22 09:14:58] No changes detected.
[2026-05-22 09:15:28] No changes detected.
[2026-05-22 09:15:59] No changes detected.
[2026-05-22 09:16:29] No changes detected.
[2026-05-22 09:16:59] No changes detected.
[2026-05-22 09:17:29] No changes detected.
[2026-05-22 09:17:59] No changes detected.
[2026-05-22 09:18:29] No changes detected.
[2026-05-22 09:18:59] No changes detected.
[2026-05-22 09:19:30] No changes detected.
[2026-05-22 09:20:00] No changes detected.
[2026-05-22 09:20:30] No changes detected.
[2026-05-22 09:21:00] No changes detected.
[2026-05-22 09:21:30] No changes detected.
[2026-05-22 09:22:01] No changes detected.
[2026-05-22 09:22:31] No changes detected.
[2026-05-22 09:23:01] No changes detected.
[2026-05-22 09:23:31] No changes detected.
[2026-05-22 09:24:01] No changes detected.
[2026-05-22 09:24:31] No changes detected.
[2026-05-22 09:25:01] No changes detected.
[2026-05-22 09:25:32] No changes detected.
[2026-05-22 09:26:02] No changes detected.
[2026-05-22 09:26:32] No changes detected.
[2026-05-22 09:27:02] No changes detected.
[2026-05-22 09:27:32] No changes detected.
[2026-05-22 09:28:02] No changes detected.
[2026-05-22 09:28:32] No changes detected.
[2026-05-22 09:29:03] No changes detected.
[2026-05-22 09:29:33] No changes detected.
[2026-05-22 09:30:03] No changes detected.
[2026-05-22 09:30:33] No changes detected.
[2026-05-22 09:31:03] No changes detected.
[2026-05-22 09:31:33] No changes detected.
[2026-05-22 09:32:04] No changes detected.
[2026-05-22 09:32:34] No changes detected.
[2026-05-22 09:33:04] No changes detected.
[2026-05-22 09:33:34] No changes detected.
[2026-05-22 09:34:04] No changes detected.
[2026-05-22 09:34:34] No changes detected.
[2026-05-22 09:35:04] No changes detected.
[2026-05-22 09:35:35] No changes detected.
[2026-05-22 09:36:05] No changes detected.
[2026-05-22 09:36:35] No changes detected.
[2026-05-22 09:37:05] No changes detected.
[2026-05-22 09:37:35] No changes detected.
[2026-05-22 09:38:05] No changes detected.
[2026-05-22 09:38:36] No changes detected.
[2026-05-22 09:39:06] No changes detected.
[2026-05-22 09:39:36] No changes detected.
[2026-05-22 09:40:06] No changes detected.
[2026-05-22 09:40:36] No changes detected.
[2026-05-22 09:41:06] No changes detected.
[2026-05-22 09:41:36] No changes detected.
[2026-05-22 09:42:06] No changes detected.
[2026-05-22 09:42:37] No changes detected.
[2026-05-22 09:43:07] No changes detected.
[2026-05-22 09:43:37] No changes detected.
[2026-05-22 09:44:07] No changes detected.
[2026-05-22 09:44:37] No changes detected.
[2026-05-22 09:45:07] No changes detected.
[2026-05-22 09:45:37] No changes detected.
[2026-05-22 09:46:08] No changes detected.
[2026-05-22 09:46:38] No changes detected.
[2026-05-22 09:47:08] No changes detected.
[2026-05-22 09:47:38] No changes detected.
[2026-05-22 09:48:08] No changes detected.
[2026-05-22 09:48:38] No changes detected.
[2026-05-22 09:49:08] No changes detected.
[2026-05-22 09:49:39] No changes detected.
[2026-05-22 09:50:09] No changes detected.
[2026-05-22 09:50:39] No changes detected.
[2026-05-22 09:51:09] No changes detected.
[2026-05-22 09:51:39] No changes detected.
[2026-05-22 09:52:09] No changes detected.
[2026-05-22 09:52:39] No changes detected.
[2026-05-22 09:53:10] No changes detected.
[2026-05-22 09:53:40] No changes detected.
[2026-05-22 09:54:10] No changes detected.
[2026-05-22 09:54:40] No changes detected.
[2026-05-22 09:55:10] No changes detected.
[2026-05-22 09:55:40] No changes detected.
[2026-05-22 09:56:10] No changes detected.
[2026-05-22 09:56:40] No changes detected.
[2026-05-22 09:57:11] No changes detected.
[2026-05-22 09:57:41] No changes detected.
[2026-05-22 09:58:11] No changes detected.
[2026-05-22 09:58:41] No changes detected.
[2026-05-22 09:59:11] No changes detected.
[2026-05-22 09:59:41] No changes detected.
[2026-05-22 10:00:11] No changes detected.
[2026-05-22 10:00:42] No changes detected.
[2026-05-22 10:01:12] No changes detected.
[2026-05-22 10:01:42] No changes detected.
[2026-05-22 10:02:12] No changes detected.
[2026-05-22 10:02:42] No changes detected.
[2026-05-22 10:03:12] No changes detected.
[2026-05-22 10:03:42] No changes detected.
[2026-05-22 10:04:12] No changes detected.
[2026-05-22 10:04:43] No changes detected.
[2026-05-22 10:05:13] No changes detected.
[2026-05-22 10:05:43] No changes detected.
[2026-05-22 10:06:13] No changes detected.
[2026-05-22 10:06:43] No changes detected.
[2026-05-22 10:07:13] No changes detected.
[2026-05-22 10:07:44] No changes detected.
[2026-05-22 10:08:14] No changes detected.
[2026-05-22 10:08:44] No changes detected.
[2026-05-22 10:09:15] No changes detected.
[2026-05-22 10:09:45] No changes detected.
[2026-05-22 10:10:15] No changes detected.
[2026-05-22 10:10:45] No changes detected.
[2026-05-22 10:11:15] No changes detected.
[2026-05-22 10:11:45] No changes detected.
[2026-05-22 10:12:16] No changes detected.
[2026-05-22 10:12:46] No changes detected.
[2026-05-22 10:13:16] No changes detected.
[2026-05-22 10:13:46] No changes detected.
[2026-05-22 10:14:16] No changes detected.
[2026-05-22 10:14:46] No changes detected.
[2026-05-22 10:15:17] No changes detected.
[2026-05-22 10:15:47] No changes detected.
[2026-05-22 10:16:17] No changes detected.
[2026-05-22 10:16:47] No changes detected.
[2026-05-22 10:17:17] No changes detected.
[2026-05-22 10:17:47] No changes detected.
[2026-05-22 10:18:18] No changes detected.
[2026-05-22 10:18:48] No changes detected.
[2026-05-22 10:19:18] No changes detected.
[2026-05-22 10:19:48] No changes detected.
[2026-05-22 10:20:18] No changes detected.
[2026-05-22 10:20:48] No changes detected.
[2026-05-22 10:21:18] No changes detected.
[2026-05-22 10:21:48] No changes detected.
[2026-05-22 10:22:19] No changes detected.
[2026-05-22 10:22:49] No changes detected.
[2026-05-22 10:23:19] No changes detected.
[2026-05-22 10:23:49] No changes detected.
[2026-05-22 10:24:19] No changes detected.
[2026-05-22 10:24:49] No changes detected.
[2026-05-22 10:25:20] No changes detected.
[2026-05-22 10:25:50] No changes detected.
[2026-05-22 10:26:20] No changes detected.
[2026-05-22 10:26:50] No changes detected.
[2026-05-22 10:27:20] No changes detected.
[2026-05-22 10:27:50] No changes detected.
[2026-05-22 10:28:21] No changes detected.
[2026-05-22 10:28:51] No changes detected.
[2026-05-22 10:29:21] No changes detected.
[2026-05-22 10:29:51] No changes detected.
[2026-05-22 10:30:21] No changes detected.
[2026-05-22 10:30:51] No changes detected.
[2026-05-22 10:31:21] No changes detected.
[2026-05-22 10:31:51] No changes detected.
[2026-05-22 10:32:22] No changes detected.
[2026-05-22 10:32:52] No changes detected.
[2026-05-22 10:33:22] No changes detected.
[2026-05-22 10:33:52] No changes detected.
[2026-05-22 10:34:22] No changes detected.
[2026-05-22 10:34:52] No changes detected.
[2026-05-22 10:35:22] No changes detected.
[2026-05-22 10:35:53] No changes detected.
[2026-05-22 10:36:23] No changes detected.
[2026-05-22 10:36:53] No changes detected.
[2026-05-22 10:37:23] No changes detected.
[2026-05-22 10:37:53] No changes detected.
[2026-05-22 10:38:23] No changes detected.
[2026-05-22 10:38:53] No changes detected.
[2026-05-22 10:39:24] No changes detected.
[2026-05-22 10:39:54] No changes detected.
[2026-05-22 10:40:24] No changes detected.
[2026-05-22 10:40:54] No changes detected.
[2026-05-22 10:41:24] No changes detected.
[2026-05-22 10:41:54] No changes detected.
[2026-05-22 10:42:25] No changes detected.
[2026-05-22 10:42:55] No changes detected.
[2026-05-22 10:43:25] No changes detected.
[2026-05-22 10:43:55] No changes detected.
[2026-05-22 10:44:25] No changes detected.
[2026-05-22 10:44:55] No changes detected.
[2026-05-22 10:45:26] No changes detected.
[2026-05-22 10:45:56] No changes detected.
[2026-05-22 10:46:26] No changes detected.
[2026-05-22 10:46:56] No changes detected.
[2026-05-22 10:47:26] No changes detected.
[2026-05-22 10:47:56] No changes detected.
[2026-05-22 10:48:26] No changes detected.
[2026-05-22 10:48:56] No changes detected.
[2026-05-22 10:49:27] No changes detected.
[2026-05-22 10:49:57] No changes detected.
[2026-05-22 10:50:27] No changes detected.
[2026-05-22 10:50:57] No changes detected.
[2026-05-22 10:51:27] No changes detected.
[2026-05-22 10:51:57] No changes detected.
[2026-05-22 10:52:27] No changes detected.
[2026-05-22 10:52:58] No changes detected.
[2026-05-22 10:53:28] No changes detected.
[2026-05-22 10:53:58] No changes detected.
[2026-05-22 10:54:28] No changes detected.
[2026-05-22 10:54:58] No changes detected.
[2026-05-22 10:55:28] No changes detected.
[2026-05-22 10:55:58] No changes detected.
[2026-05-22 10:56:29] No changes detected.
[2026-05-22 10:56:59] No changes detected.
[2026-05-22 10:57:29] No changes detected.
[2026-05-22 10:57:59] No changes detected.
[2026-05-22 10:58:29] No changes detected.
[2026-05-22 10:58:59] No changes detected.
[2026-05-22 10:59:29] No changes detected.
[2026-05-22 11:00:00] No changes detected.
[2026-05-22 11:00:30] No changes detected.
[2026-05-22 11:01:00] No changes detected.
[2026-05-22 11:01:30] No changes detected.
[2026-05-22 11:02:00] No changes detected.
[2026-05-22 11:02:30] No changes detected.
[2026-05-22 11:03:00] No changes detected.
[2026-05-22 11:03:30] No changes detected.
[2026-05-22 11:04:01] No changes detected.
[2026-05-22 11:04:31] No changes detected.
[2026-05-22 11:05:01] No changes detected.
[2026-05-22 11:05:31] No changes detected.
[2026-05-22 11:06:01] No changes detected.
[2026-05-22 11:06:31] No changes detected.
[2026-05-22 11:07:01] No changes detected.
[2026-05-22 11:07:31] No changes detected.
[2026-05-22 11:08:02] No changes detected.
[2026-05-22 11:08:32] No changes detected.
[2026-05-22 11:09:02] No changes detected.
[2026-05-22 11:09:32] No changes detected.
[2026-05-22 11:10:02] No changes detected.
[2026-05-22 11:10:33] No changes detected.
[2026-05-22 11:11:03] No changes detected.
[2026-05-22 11:11:33] No changes detected.
[2026-05-22 11:12:03] No changes detected.
[2026-05-22 11:12:33] No changes detected.
[2026-05-22 11:13:04] No changes detected.
[2026-05-22 11:13:34] No changes detected.
[2026-05-22 11:14:04] No changes detected.
[2026-05-22 11:14:34] No changes detected.
[2026-05-22 11:15:04] No changes detected.
[2026-05-22 11:15:35] No changes detected.
[2026-05-22 11:16:05] No changes detected.
[2026-05-22 11:16:35] No changes detected.
[2026-05-22 11:17:05] No changes detected.
[2026-05-22 11:17:35] No changes detected.
[2026-05-22 11:18:05] No changes detected.
[2026-05-22 11:18:36] No changes detected.
[2026-05-22 11:19:06] No changes detected.
[2026-05-22 11:19:36] No changes detected.
[2026-05-22 11:20:06] No changes detected.
[2026-05-22 11:20:36] No changes detected.
[2026-05-22 11:21:06] No changes detected.
[2026-05-22 11:21:37] No changes detected.
[2026-05-22 11:22:07] No changes detected.
[2026-05-22 11:22:37] No changes detected.
[2026-05-22 11:23:07] No changes detected.
[2026-05-22 11:23:37] No changes detected.
[2026-05-22 11:24:07] No changes detected.
[2026-05-22 11:24:37] No changes detected.
[2026-05-22 11:25:07] No changes detected.
[2026-05-22 11:25:38] No changes detected.
[2026-05-22 11:26:08] No changes detected.
[2026-05-22 11:26:38] No changes detected.
[2026-05-22 11:27:08] No changes detected.
[2026-05-22 11:27:38] No changes detected.
[2026-05-22 11:28:08] No changes detected.
[2026-05-22 11:28:38] No changes detected.
[2026-05-22 11:29:09] No changes detected.
[2026-05-22 11:29:39] No changes detected.
[2026-05-22 11:30:09] No changes detected.
[2026-05-22 11:30:39] No changes detected.
[2026-05-22 11:31:09] No changes detected.
[2026-05-22 11:31:40] No changes detected.
[2026-05-22 11:32:10] No changes detected.
[2026-05-22 11:32:40] No changes detected.
[2026-05-22 11:33:10] No changes detected.
[2026-05-22 11:33:40] No changes detected.
[2026-05-22 11:34:10] No changes detected.
[2026-05-22 11:34:41] No changes detected.
[2026-05-22 11:35:11] No changes detected.
[2026-05-22 11:35:41] No changes detected.
[2026-05-22 11:36:11] No changes detected.
[2026-05-22 11:36:41] No changes detected.
[2026-05-22 11:37:12] No changes detected.
[2026-05-22 11:37:42] No changes detected.
[2026-05-22 11:38:12] No changes detected.
[2026-05-22 11:38:42] No changes detected.
[2026-05-22 11:39:12] No changes detected.
[2026-05-22 11:39:43] No changes detected.
[2026-05-22 11:40:13] No changes detected.
[2026-05-22 11:40:43] No changes detected.
[2026-05-22 11:41:13] No changes detected.
[2026-05-22 11:41:43] No changes detected.
[2026-05-22 11:42:13] No changes detected.
[2026-05-22 11:42:44] No changes detected.
[2026-05-22 11:43:14] No changes detected.
[2026-05-22 11:43:44] No changes detected.
[2026-05-22 11:44:14] No changes detected.
[2026-05-22 11:44:44] No changes detected.
[2026-05-22 11:45:14] No changes detected.
[2026-05-22 11:45:44] No changes detected.
[2026-05-22 11:46:15] No changes detected.
[2026-05-22 11:46:45] No changes detected.
[2026-05-22 11:47:15] No changes detected.
[2026-05-22 11:47:45] No changes detected.
[2026-05-22 11:48:15] No changes detected.
[2026-05-22 11:48:46] No changes detected.
[2026-05-22 11:49:16] No changes detected.
[2026-05-22 11:49:46] No changes detected.
[2026-05-22 11:50:16] No changes detected.
[2026-05-22 11:50:47] No changes detected.
[2026-05-22 11:51:17] No changes detected.
[2026-05-22 11:51:47] No changes detected.
[2026-05-22 11:52:17] No changes detected.
[2026-05-22 11:52:47] No changes detected.
[2026-05-22 11:53:17] No changes detected.
[2026-05-22 11:53:47] No changes detected.
[2026-05-22 11:54:18] No changes detected.
[2026-05-22 11:54:48] No changes detected.
[2026-05-22 11:55:18] No changes detected.
[2026-05-22 11:55:48] No changes detected.
[2026-05-22 11:56:18] No changes detected.
[2026-05-22 11:56:48] No changes detected.
[2026-05-22 11:57:18] No changes detected.
[2026-05-22 11:57:49] No changes detected.
[2026-05-22 11:58:19] No changes detected.
[2026-05-22 11:58:49] No changes detected.
[2026-05-22 11:59:19] No changes detected.
[2026-05-22 11:59:49] No changes detected.
[2026-05-22 12:00:19] No changes detected.
[2026-05-22 12:00:50] No changes detected.
[2026-05-22 12:01:20] No changes detected.
[2026-05-22 12:01:50] No changes detected.
[2026-05-22 12:02:20] No changes detected.
[2026-05-22 12:02:51] No changes detected.
[2026-05-22 12:03:21] No changes detected.
[2026-05-22 12:03:51] No changes detected.
[2026-05-22 12:04:21] No changes detected.
[2026-05-22 12:04:51] No changes detected.
[2026-05-22 12:05:21] No changes detected.
[2026-05-22 12:05:52] No changes detected.
[2026-05-22 12:06:22] No changes detected.
[2026-05-22 12:06:52] No changes detected.
[2026-05-22 12:07:22] No changes detected.
[2026-05-22 12:07:52] No changes detected.
[2026-05-22 12:08:22] No changes detected.
[2026-05-22 12:08:52] No changes detected.
[2026-05-22 12:09:22] No changes detected.
[2026-05-22 12:09:53] No changes detected.
[2026-05-22 12:10:23] No changes detected.
[2026-05-22 12:10:53] No changes detected.
[2026-05-22 12:11:23] No changes detected.
[2026-05-22 12:11:53] No changes detected.
[2026-05-22 12:12:23] No changes detected.
[2026-05-22 12:12:53] No changes detected.
[2026-05-22 12:13:24] No changes detected.
[2026-05-22 12:13:54] No changes detected.
[2026-05-22 12:14:24] No changes detected.
[2026-05-22 12:14:54] No changes detected.
[2026-05-22 12:15:24] No changes detected.
[2026-05-22 12:15:54] No changes detected.
[2026-05-22 12:16:24] No changes detected.
[2026-05-22 12:16:55] No changes detected.
[2026-05-22 12:17:25] No changes detected.
[2026-05-22 12:17:55] No changes detected.
[2026-05-22 12:18:25] No changes detected.
[2026-05-22 12:18:55] No changes detected.
[2026-05-22 12:19:25] No changes detected.
[2026-05-22 12:19:55] No changes detected.
[2026-05-22 12:20:26] No changes detected.
[2026-05-22 12:20:56] No changes detected.
[2026-05-22 12:21:26] No changes detected.
[2026-05-22 12:21:56] No changes detected.
[2026-05-22 12:22:26] No changes detected.
[2026-05-22 12:22:56] No changes detected.
[2026-05-22 12:23:26] No changes detected.
[2026-05-22 12:23:57] No changes detected.
[2026-05-22 12:24:27] No changes detected.
[2026-05-22 12:24:57] No changes detected.
[2026-05-22 12:25:27] No changes detected.
[2026-05-22 12:25:57] No changes detected.
[2026-05-22 12:26:27] No changes detected.
[2026-05-22 12:26:57] No changes detected.
[2026-05-22 12:27:27] No changes detected.
[2026-05-22 12:27:58] No changes detected.
[2026-05-22 12:28:28] No changes detected.
[2026-05-22 12:28:58] No changes detected.
[2026-05-22 12:29:28] No changes detected.
[2026-05-22 12:29:58] No changes detected.
[2026-05-22 12:30:28] No changes detected.
[2026-05-22 12:30:59] No changes detected.
[2026-05-22 12:31:29] No changes detected.
[2026-05-22 12:31:59] No changes detected.
[2026-05-22 12:32:29] No changes detected.
[2026-05-22 12:32:59] No changes detected.
[2026-05-22 12:33:29] No changes detected.
[2026-05-22 12:33:59] No changes detected.
[2026-05-22 12:34:30] No changes detected.
[2026-05-22 12:35:00] No changes detected.
[2026-05-22 12:35:30] No changes detected.
[2026-05-22 12:36:00] No changes detected.
[2026-05-22 12:36:30] No changes detected.
[2026-05-22 12:37:00] No changes detected.
[2026-05-22 12:37:30] No changes detected.
[2026-05-22 12:38:00] No changes detected.
[2026-05-22 12:38:31] No changes detected.
[2026-05-22 12:39:01] No changes detected.
[2026-05-22 12:39:31] No changes detected.
[2026-05-22 12:40:01] No changes detected.
[2026-05-22 12:40:31] No changes detected.
[2026-05-22 12:41:01] No changes detected.
[2026-05-22 12:41:31] No changes detected.
[2026-05-22 12:42:02] No changes detected.
[2026-05-22 12:42:32] No changes detected.
[2026-05-22 12:43:02] No changes detected.
[2026-05-22 12:43:32] No changes detected.
[2026-05-22 12:44:02] No changes detected.
[2026-05-22 12:44:32] No changes detected.
[2026-05-22 12:45:02] No changes detected.
[2026-05-22 12:45:33] No changes detected.
[2026-05-22 12:46:03] No changes detected.
[2026-05-22 12:46:33] No changes detected.
[2026-05-22 12:47:03] No changes detected.
[2026-05-22 12:47:34] No changes detected.
[2026-05-22 12:48:06] No changes detected.
[2026-05-22 12:48:36] No changes detected.
[2026-05-22 12:52:15] No changes detected.
[2026-05-22 12:52:45] No changes detected.
[2026-05-22 12:54:54] No changes detected.
[2026-05-22 12:55:24] No changes detected.
[2026-05-22 12:55:54] No changes detected.
[2026-05-22 12:56:24] No changes detected.
[2026-05-22 12:56:54] No changes detected.
[2026-05-22 12:57:25] No changes detected.
[2026-05-22 13:01:34] No changes detected.
[2026-05-22 13:02:05] No changes detected.
[2026-05-22 13:02:35] No changes detected.
[2026-05-22 13:12:21] No changes detected.
[2026-05-22 13:12:52] No changes detected.
[2026-05-22 13:13:22] No changes detected.
[2026-05-22 13:15:34] No changes detected.
[2026-05-22 13:30:37] No changes detected.
[2026-05-22 13:31:07] No changes detected.
[2026-05-22 14:14:35] No changes detected.
[2026-05-22 14:15:05] No changes detected.
[2026-05-22 14:15:35] No changes detected.
[2026-05-22 14:16:05] No changes detected.
[2026-05-22 14:16:35] No changes detected.
[2026-05-22 14:17:06] No changes detected.
[2026-05-22 14:17:36] No changes detected.
[2026-05-22 14:18:06] No changes detected.
[2026-05-22 14:18:36] No changes detected.
[2026-05-22 14:19:06] No changes detected.
[2026-05-22 14:19:36] No changes detected.
[2026-05-22 14:20:06] No changes detected.
[2026-05-22 14:20:36] No changes detected.
[2026-05-22 14:21:06] No changes detected.
[2026-05-22 14:21:37] No changes detected.
[2026-05-22 14:22:07] No changes detected.
[2026-05-22 14:22:37] No changes detected.
[2026-05-22 14:23:07] No changes detected.
[2026-05-22 14:23:37] No changes detected.
[2026-05-22 14:24:07] No changes detected.
[2026-05-22 14:24:37] No changes detected.
[2026-05-22 14:25:07] No changes detected.
[2026-05-22 14:25:38] No changes detected.
[2026-05-22 14:26:08] No changes detected.
[2026-05-22 14:26:38] No changes detected.
[2026-05-22 14:27:08] No changes detected.
[2026-05-22 14:27:38] No changes detected.
[2026-05-22 14:28:08] No changes detected.
[2026-05-22 14:28:39] No changes detected.
[2026-05-22 14:29:09] No changes detected.
[2026-05-22 14:29:39] No changes detected.
[2026-05-22 14:30:09] No changes detected.
[2026-05-22 14:30:39] No changes detected.
[2026-05-22 14:31:09] No changes detected.
[2026-05-22 14:31:40] No changes detected.
[2026-05-22 14:32:10] No changes detected.
[2026-05-22 14:32:40] No changes detected.
[2026-05-22 14:33:10] No changes detected.
[2026-05-22 14:33:40] No changes detected.
[2026-05-22 14:34:11] No changes detected.
[2026-05-22 14:34:41] No changes detected.
[2026-05-22 14:35:11] No changes detected.
[2026-05-22 14:35:41] No changes detected.
[2026-05-22 14:36:11] No changes detected.
[2026-05-22 14:36:41] No changes detected.
[2026-05-22 14:37:11] No changes detected.
[2026-05-22 14:37:42] No changes detected.
[2026-05-22 14:38:12] No changes detected.
[2026-05-22 14:38:42] No changes detected.
[2026-05-22 14:39:12] No changes detected.
[2026-05-22 14:39:42] No changes detected.
[2026-05-22 14:40:12] No changes detected.
[2026-05-22 14:40:42] No changes detected.
[2026-05-22 14:41:12] No changes detected.
[2026-05-22 14:41:43] No changes detected.
[2026-05-22 14:42:13] No changes detected.
[2026-05-22 14:42:43] No changes detected.
[2026-05-22 14:43:13] No changes detected.
[2026-05-22 14:43:43] No changes detected.
[2026-05-22 14:44:13] No changes detected.
[2026-05-22 14:44:43] No changes detected.
[2026-05-22 14:45:13] No changes detected.
[2026-05-22 14:45:44] No changes detected.
[2026-05-22 14:46:14] No changes detected.
[2026-05-22 14:46:44] No changes detected.
[2026-05-22 14:47:14] No changes detected.
[2026-05-22 14:47:44] No changes detected.
[2026-05-22 14:48:15] No changes detected.
[2026-05-22 14:48:45] No changes detected.
[2026-05-22 14:49:15] No changes detected.
[2026-05-22 14:49:45] No changes detected.
[2026-05-22 14:50:15] No changes detected.
[2026-05-22 14:50:45] No changes detected.
[2026-05-22 14:51:16] No changes detected.
[2026-05-22 14:51:46] No changes detected.
[2026-05-22 14:52:16] No changes detected.
[2026-05-22 14:52:46] No changes detected.
[2026-05-22 14:53:16] No changes detected.
[2026-05-22 14:53:47] No changes detected.
[2026-05-22 14:54:17] No changes detected.
[2026-05-22 14:54:47] No changes detected.
[2026-05-22 14:55:17] No changes detected.
[2026-05-22 14:55:47] No changes detected.
[2026-05-22 14:56:17] No changes detected.
[2026-05-22 14:56:47] No changes detected.
[2026-05-22 14:57:18] No changes detected.
[2026-05-22 14:57:48] No changes detected.
[2026-05-22 14:58:18] No changes detected.
[2026-05-22 14:58:48] No changes detected.
[2026-05-22 14:59:18] No changes detected.
[2026-05-22 14:59:49] No changes detected.
[2026-05-22 15:00:19] No changes detected.
[2026-05-22 15:00:49] No changes detected.
[2026-05-22 15:01:19] No changes detected.
[2026-05-22 15:01:49] No changes detected.
[2026-05-22 15:02:19] No changes detected.
[2026-05-22 15:02:49] No changes detected.
[2026-05-22 15:03:19] No changes detected.
[2026-05-22 15:03:50] No changes detected.
[2026-05-22 15:04:20] No changes detected.
[2026-05-22 15:04:50] No changes detected.
[2026-05-22 15:05:20] No changes detected.
[2026-05-22 15:05:50] No changes detected.
[2026-05-22 15:06:20] No changes detected.
[2026-05-22 15:06:50] No changes detected.
[2026-05-22 15:07:20] No changes detected.
[2026-05-22 15:07:51] No changes detected.
[2026-05-22 15:08:21] No changes detected.
[2026-05-22 15:08:51] No changes detected.
[2026-05-22 15:09:21] No changes detected.
[2026-05-22 15:09:51] No changes detected.
[2026-05-22 15:10:21] No changes detected.
[2026-05-22 15:10:51] No changes detected.
[2026-05-22 15:11:22] No changes detected.
[2026-05-22 15:11:52] No changes detected.
[2026-05-22 15:12:22] No changes detected.
[2026-05-22 15:12:52] No changes detected.
[2026-05-22 15:13:22] No changes detected.
[2026-05-22 15:13:52] No changes detected.
[2026-05-22 15:14:22] No changes detected.
[2026-05-22 15:14:53] No changes detected.
[2026-05-22 15:15:23] No changes detected.
[2026-05-22 15:15:53] No changes detected.
[2026-05-22 15:16:23] No changes detected.
[2026-05-22 15:16:53] No changes detected.
[2026-05-22 15:17:23] No changes detected.
[2026-05-22 15:17:53] No changes detected.
[2026-05-22 15:18:23] No changes detected.
[2026-05-22 15:18:53] No changes detected.
[2026-05-22 15:19:24] No changes detected.
[2026-05-22 15:19:54] No changes detected.
[2026-05-22 15:20:24] No changes detected.
[2026-05-22 15:20:54] No changes detected.
[2026-05-22 15:21:24] No changes detected.
[2026-05-22 15:21:54] No changes detected.
[2026-05-22 15:22:24] No changes detected.
[2026-05-22 15:22:54] No changes detected.
[2026-05-22 15:23:25] No changes detected.
[2026-05-22 15:23:55] No changes detected.
[2026-05-22 15:24:25] No changes detected.
[2026-05-22 15:24:55] No changes detected.
[2026-05-22 15:25:25] No changes detected.
[2026-05-22 15:25:55] No changes detected.
[2026-05-22 15:26:26] No changes detected.
[2026-05-22 15:26:56] No changes detected.
[2026-05-22 15:27:26] No changes detected.
[2026-05-22 15:27:56] No changes detected.
[2026-05-22 15:28:26] No changes detected.
[2026-05-22 15:28:57] No changes detected.
[2026-05-22 15:29:27] No changes detected.
[2026-05-22 15:29:57] No changes detected.
[2026-05-22 15:30:27] No changes detected.
[2026-05-22 15:30:58] No changes detected.
[2026-05-22 15:31:28] No changes detected.
[2026-05-22 15:31:58] No changes detected.
[2026-05-22 15:32:28] No changes detected.
[2026-05-22 15:32:58] No changes detected.
[2026-05-22 15:33:28] No changes detected.
[2026-05-22 15:33:58] No changes detected.
[2026-05-22 15:34:29] No changes detected.
[2026-05-22 15:34:59] No changes detected.
[2026-05-22 15:35:29] No changes detected.
[2026-05-22 15:35:59] No changes detected.
[2026-05-22 15:36:29] No changes detected.
[2026-05-22 15:36:59] No changes detected.
[2026-05-22 15:37:29] No changes detected.
[2026-05-22 15:38:00] No changes detected.
[2026-05-22 15:38:30] No changes detected.
[2026-05-22 15:39:00] No changes detected.
[2026-05-22 15:39:30] No changes detected.
[2026-05-22 15:40:00] No changes detected.
[2026-05-22 15:40:30] No changes detected.
[2026-05-22 15:41:01] No changes detected.
[2026-05-22 15:41:31] No changes detected.
[2026-05-22 15:42:01] No changes detected.
[2026-05-22 15:42:31] No changes detected.
[2026-05-22 15:43:01] No changes detected.
[2026-05-22 15:43:31] No changes detected.
[2026-05-22 15:44:01] No changes detected.
[2026-05-22 15:44:32] No changes detected.
[2026-05-22 15:45:02] No changes detected.
[2026-05-22 15:45:32] No changes detected.
[2026-05-22 15:46:03] No changes detected.
[2026-05-22 15:46:33] No changes detected.
[2026-05-22 15:47:03] No changes detected.
[2026-05-22 15:47:34] No changes detected.
[2026-05-22 15:48:04] No changes detected.
[2026-05-22 15:48:34] No changes detected.
[2026-05-22 15:49:04] No changes detected.
[2026-05-22 15:49:34] No changes detected.
[2026-05-22 15:50:04] No changes detected.
[2026-05-22 15:50:34] No changes detected.
[2026-05-22 15:51:04] No changes detected.
[2026-05-22 15:51:35] No changes detected.
[2026-05-22 15:52:05] No changes detected.
[2026-05-22 15:52:35] No changes detected.
[2026-05-22 15:53:05] No changes detected.
[2026-05-22 15:53:35] No changes detected.
[2026-05-22 15:54:05] No changes detected.
[2026-05-22 15:54:36] No changes detected.
[2026-05-22 15:55:06] No changes detected.
[2026-05-22 15:55:36] No changes detected.
[2026-05-22 15:56:06] No changes detected.
[2026-05-22 15:56:36] No changes detected.
[2026-05-22 15:57:06] No changes detected.
[2026-05-22 15:57:36] No changes detected.
[2026-05-22 15:58:06] No changes detected.
[2026-05-22 15:58:37] No changes detected.
[2026-05-22 15:59:07] No changes detected.
[2026-05-22 15:59:37] No changes detected.
[2026-05-22 16:00:07] No changes detected.
[2026-05-22 16:00:37] No changes detected.
[2026-05-22 16:01:07] No changes detected.
[2026-05-22 16:01:38] No changes detected.
[2026-05-22 16:02:09] No changes detected.
[2026-05-22 16:02:39] No changes detected.
[2026-05-22 16:03:09] No changes detected.
[2026-05-22 16:03:40] No changes detected.
[2026-05-22 16:04:10] No changes detected.
[2026-05-22 16:04:40] No changes detected.
[2026-05-22 16:05:11] No changes detected.
[2026-05-22 16:05:41] No changes detected.
[2026-05-22 16:06:11] No changes detected.
[2026-05-22 16:06:41] No changes detected.
[2026-05-22 16:07:11] No changes detected.
[2026-05-22 16:07:41] No changes detected.
[2026-05-22 16:08:12] No changes detected.
[2026-05-22 16:08:42] No changes detected.
[2026-05-22 16:09:12] No changes detected.
[2026-05-22 16:09:42] No changes detected.
[2026-05-22 16:10:12] No changes detected.
[2026-05-22 16:10:42] No changes detected.
[2026-05-22 16:11:12] No changes detected.
[2026-05-22 16:11:42] No changes detected.
[2026-05-22 16:12:13] No changes detected.
[2026-05-22 16:12:43] No changes detected.
[2026-05-22 16:13:13] No changes detected.
[2026-05-22 16:13:43] No changes detected.
[2026-05-22 16:14:13] No changes detected.
[2026-05-22 16:14:43] No changes detected.
[2026-05-22 16:15:13] No changes detected.
[2026-05-22 16:15:43] No changes detected.
[2026-05-22 16:16:14] No changes detected.
[2026-05-22 16:16:44] No changes detected.
[2026-05-22 16:17:15] No changes detected.
[2026-05-22 16:17:45] No changes detected.
[2026-05-22 16:18:15] No changes detected.
[2026-05-22 16:18:45] No changes detected.
[2026-05-22 16:19:15] No changes detected.
[2026-05-22 16:19:45] No changes detected.
[2026-05-22 16:20:15] No changes detected.
[2026-05-22 16:20:45] No changes detected.
[2026-05-22 16:21:16] No changes detected.
[2026-05-22 16:21:46] No changes detected.
[2026-05-22 16:22:16] No changes detected.
[2026-05-22 16:22:46] No changes detected.
[2026-05-22 16:23:16] No changes detected.
[2026-05-22 16:23:46] No changes detected.
[2026-05-22 16:24:16] No changes detected.
[2026-05-22 16:24:47] No changes detected.
[2026-05-22 16:25:17] No changes detected.
[2026-05-22 16:25:47] No changes detected.
[2026-05-22 16:26:17] No changes detected.
[2026-05-22 16:26:47] No changes detected.
[2026-05-22 16:27:17] No changes detected.
[2026-05-22 16:27:47] No changes detected.
[2026-05-22 16:28:18] No changes detected.
[2026-05-22 16:28:48] No changes detected.
[2026-05-22 16:29:18] No changes detected.
[2026-05-22 16:29:48] No changes detected.
[2026-05-22 16:30:18] No changes detected.
[2026-05-22 16:30:48] No changes detected.
[2026-05-22 16:31:18] No changes detected.
[2026-05-22 16:31:49] No changes detected.
[2026-05-22 16:32:19] No changes detected.
[2026-05-22 16:32:49] No changes detected.
[2026-05-22 16:33:19] No changes detected.
[2026-05-22 16:33:49] No changes detected.
[2026-05-22 16:34:19] No changes detected.
[2026-05-22 16:34:49] No changes detected.
[2026-05-22 16:35:19] No changes detected.
[2026-05-22 16:35:50] No changes detected.
[2026-05-22 16:36:20] No changes detected.
[2026-05-22 16:36:50] No changes detected.
[2026-05-22 16:37:20] No changes detected.
[2026-05-22 16:37:50] No changes detected.
[2026-05-22 16:38:20] No changes detected.
[2026-05-22 16:38:50] No changes detected.
[2026-05-22 16:39:21] No changes detected.
[2026-05-22 16:39:51] No changes detected.
[2026-05-22 16:40:21] No changes detected.
[2026-05-22 16:40:51] No changes detected.
[2026-05-22 16:41:21] No changes detected.
[2026-05-22 16:41:51] No changes detected.
[2026-05-22 16:42:22] No changes detected.
[2026-05-22 16:42:52] No changes detected.
[2026-05-22 16:43:22] No changes detected.
[2026-05-22 16:43:52] No changes detected.
[2026-05-22 16:44:22] No changes detected.
[2026-05-22 16:44:53] No changes detected.
[2026-05-22 16:45:23] No changes detected.
[2026-05-22 16:45:53] No changes detected.
[2026-05-22 16:46:24] No changes detected.
[2026-05-22 16:46:54] No changes detected.
[2026-05-22 16:47:24] No changes detected.
[2026-05-22 16:47:54] No changes detected.
[2026-05-22 16:48:24] No changes detected.
[2026-05-22 16:48:54] No changes detected.
[2026-05-22 16:49:25] No changes detected.
[2026-05-22 16:49:55] No changes detected.
[2026-05-22 16:50:25] No changes detected.
[2026-05-22 16:50:55] No changes detected.
[2026-05-22 16:51:25] No changes detected.
[2026-05-22 16:51:55] No changes detected.
[2026-05-22 16:52:26] No changes detected.
[2026-05-22 16:52:56] No changes detected.
[2026-05-22 16:53:26] No changes detected.
[2026-05-22 16:53:56] No changes detected.
[2026-05-22 16:54:26] No changes detected.
[2026-05-22 16:54:56] No changes detected.
[2026-05-22 16:55:26] No changes detected.
[2026-05-22 16:55:57] No changes detected.
[2026-05-22 16:56:27] No changes detected.
[2026-05-22 16:56:57] No changes detected.
[2026-05-22 16:57:27] No changes detected.
[2026-05-22 16:57:57] No changes detected.
[2026-05-22 16:58:27] No changes detected.
[2026-05-22 16:58:57] No changes detected.
[2026-05-22 16:59:28] No changes detected.
[2026-05-22 16:59:58] No changes detected.
[2026-05-22 17:00:28] No changes detected.
[2026-05-22 17:00:58] No changes detected.
[2026-05-22 17:01:28] No changes detected.
[2026-05-22 17:01:58] No changes detected.
[2026-05-22 17:02:29] No changes detected.
[2026-05-22 17:02:59] No changes detected.
[2026-05-22 17:03:29] No changes detected.
[2026-05-22 17:03:59] No changes detected.
[2026-05-22 17:04:29] No changes detected.
[2026-05-22 17:04:59] No changes detected.
[2026-05-22 17:05:30] No changes detected.
[2026-05-22 17:06:00] No changes detected.
[2026-05-22 17:06:30] No changes detected.
[2026-05-22 17:07:00] No changes detected.
[2026-05-22 17:07:30] No changes detected.
[2026-05-22 17:08:00] No changes detected.
[2026-05-22 17:08:30] No changes detected.
[2026-05-22 17:09:00] No changes detected.
[2026-05-22 17:09:31] No changes detected.
[2026-05-22 17:10:01] No changes detected.
[2026-05-22 17:10:31] No changes detected.
[2026-05-22 17:11:01] No changes detected.
[2026-05-22 17:11:31] No changes detected.
[2026-05-22 17:12:01] No changes detected.
[2026-05-22 17:12:31] No changes detected.
[2026-05-22 17:13:02] No changes detected.
[2026-05-22 17:13:32] No changes detected.
[2026-05-22 17:14:02] No changes detected.
[2026-05-22 17:14:32] No changes detected.
[2026-05-22 17:15:02] No changes detected.
[2026-05-22 17:15:32] No changes detected.
[2026-05-22 17:16:02] No changes detected.
[2026-05-22 17:16:32] No changes detected.
[2026-05-22 17:17:03] No changes detected.
[2026-05-22 17:17:33] No changes detected.
[2026-05-22 17:18:03] No changes detected.
[2026-05-22 17:18:33] No changes detected.
[2026-05-22 17:19:03] No changes detected.
[2026-05-22 17:19:33] No changes detected.
[2026-05-22 17:20:03] No changes detected.
[2026-05-22 17:20:33] No changes detected.
[2026-05-22 17:21:03] No changes detected.
[2026-05-22 17:21:34] No changes detected.
[2026-05-22 17:22:04] No changes detected.
[2026-05-22 17:22:34] No changes detected.
[2026-05-22 17:23:04] No changes detected.
[2026-05-22 17:23:34] No changes detected.
[2026-05-22 17:24:04] No changes detected.
[2026-05-22 17:24:35] No changes detected.
[2026-05-22 17:25:05] No changes detected.
[2026-05-22 17:25:35] No changes detected.
[2026-05-22 17:26:05] No changes detected.
[2026-05-22 17:26:35] No changes detected.
[2026-05-22 17:27:05] No changes detected.
[2026-05-22 17:27:35] No changes detected.
[2026-05-22 17:28:05] No changes detected.
[2026-05-22 17:28:36] No changes detected.
[2026-05-22 17:29:06] No changes detected.
[2026-05-22 17:29:36] No changes detected.
[2026-05-22 17:30:06] No changes detected.
[2026-05-22 17:30:36] No changes detected.
[2026-05-22 17:31:06] No changes detected.
[2026-05-22 17:31:37] No changes detected.
[2026-05-22 17:32:07] No changes detected.
[2026-05-22 17:32:37] No changes detected.
[2026-05-22 17:33:07] No changes detected.
[2026-05-22 17:33:37] No changes detected.
[2026-05-22 17:34:07] No changes detected.
[2026-05-22 17:34:37] No changes detected.
[2026-05-22 17:35:08] No changes detected.
[2026-05-22 17:35:38] No changes detected.
[2026-05-22 17:36:08] No changes detected.
[2026-05-22 17:36:38] No changes detected.
[2026-05-22 17:37:08] No changes detected.
[2026-05-22 17:37:39] No changes detected.
[2026-05-22 17:38:09] No changes detected.
[2026-05-22 17:38:39] No changes detected.
[2026-05-22 17:39:09] No changes detected.
[2026-05-22 17:39:39] No changes detected.
[2026-05-22 17:40:09] No changes detected.
[2026-05-22 17:40:40] No changes detected.
[2026-05-22 17:41:10] No changes detected.
[2026-05-22 17:41:40] No changes detected.
[2026-05-22 17:42:10] No changes detected.
[2026-05-22 17:42:40] No changes detected.
[2026-05-22 17:43:10] No changes detected.
[2026-05-22 17:43:41] No changes detected.
[2026-05-22 17:44:11] No changes detected.
[2026-05-22 17:44:41] No changes detected.
[2026-05-22 17:45:11] No changes detected.
[2026-05-22 17:45:41] No changes detected.
[2026-05-22 17:46:11] No changes detected.
[2026-05-22 17:46:41] No changes detected.
[2026-05-22 17:47:12] No changes detected.
[2026-05-22 17:47:42] No changes detected.
[2026-05-22 17:48:12] No changes detected.
[2026-05-22 17:48:42] No changes detected.
[2026-05-22 17:49:13] No changes detected.
[2026-05-22 17:49:43] No changes detected.
[2026-05-22 17:50:13] No changes detected.
[2026-05-22 17:50:43] No changes detected.
[2026-05-22 17:51:13] No changes detected.
[2026-05-22 17:51:44] No changes detected.
[2026-05-22 17:52:14] No changes detected.
[2026-05-22 17:52:44] No changes detected.
[2026-05-22 17:53:14] No changes detected.
[2026-05-22 17:53:44] No changes detected.
[2026-05-22 17:54:14] No changes detected.
[2026-05-22 17:54:44] No changes detected.
[2026-05-22 17:55:14] No changes detected.
[2026-05-22 17:55:44] No changes detected.
[2026-05-22 17:56:15] No changes detected.
[2026-05-22 17:56:45] No changes detected.
[2026-05-22 17:57:15] No changes detected.
[2026-05-22 17:57:45] No changes detected.
[2026-05-22 17:58:15] No changes detected.
[2026-05-22 17:58:46] No changes detected.
[2026-05-22 17:59:16] No changes detected.
[2026-05-22 17:59:46] No changes detected.
[2026-05-22 18:00:16] No changes detected.
[2026-05-22 18:00:46] No changes detected.
[2026-05-22 18:01:16] No changes detected.
[2026-05-22 18:01:46] No changes detected.
[2026-05-22 18:02:17] No changes detected.
[2026-05-22 18:02:47] No changes detected.
[2026-05-22 18:03:18] No changes detected.
[2026-05-22 18:03:48] No changes detected.
[2026-05-22 18:04:18] No changes detected.
[2026-05-22 18:04:48] No changes detected.
[2026-05-22 18:05:18] No changes detected.
[2026-05-22 18:05:48] No changes detected.
[2026-05-22 18:06:18] No changes detected.
[2026-05-22 18:06:49] No changes detected.
[2026-05-22 18:07:19] No changes detected.
[2026-05-22 18:07:49] No changes detected.
[2026-05-22 18:08:19] No changes detected.
[2026-05-22 18:08:49] No changes detected.
[2026-05-22 18:09:19] No changes detected.
[2026-05-22 18:09:49] No changes detected.
[2026-05-22 18:10:19] No changes detected.
[2026-05-22 18:10:49] No changes detected.
[2026-05-22 18:11:20] No changes detected.
[2026-05-22 18:11:50] No changes detected.
[2026-05-22 18:12:20] No changes detected.
[2026-05-22 18:12:50] No changes detected.
[2026-05-22 18:13:20] No changes detected.
[2026-05-22 18:13:50] No changes detected.
[2026-05-22 18:14:20] No changes detected.
[2026-05-22 18:14:51] No changes detected.
[2026-05-22 18:15:21] No changes detected.
[2026-05-22 18:15:51] No changes detected.
[2026-05-22 18:16:21] No changes detected.
[2026-05-22 18:16:51] No changes detected.
[2026-05-22 18:17:21] No changes detected.
[2026-05-22 18:17:51] No changes detected.
[2026-05-22 18:18:21] No changes detected.
[2026-05-22 18:18:52] No changes detected.
[2026-05-22 18:19:22] No changes detected.
[2026-05-22 18:19:52] No changes detected.
[2026-05-22 18:20:22] No changes detected.
[2026-05-22 18:20:52] No changes detected.
[2026-05-22 18:21:22] No changes detected.
[2026-05-22 18:21:53] No changes detected.
[2026-05-22 18:22:23] No changes detected.
[2026-05-22 18:22:53] No changes detected.
[2026-05-22 18:23:23] No changes detected.
[2026-05-22 18:23:53] No changes detected.
[2026-05-22 18:24:23] No changes detected.
[2026-05-22 18:24:54] No changes detected.
[2026-05-22 18:25:24] No changes detected.
[2026-05-22 18:25:54] No changes detected.
[2026-05-22 18:26:24] No changes detected.
[2026-05-22 18:26:54] No changes detected.
[2026-05-22 18:27:24] No changes detected.
[2026-05-22 18:27:54] No changes detected.
[2026-05-22 18:28:25] No changes detected.
[2026-05-22 18:28:55] No changes detected.
[2026-05-22 18:29:25] No changes detected.
[2026-05-22 18:29:55] No changes detected.
[2026-05-22 18:30:25] No changes detected.
[2026-05-22 18:30:56] No changes detected.
[2026-05-22 18:31:26] No changes detected.
[2026-05-22 18:31:56] No changes detected.
[2026-05-22 18:32:26] No changes detected.
[2026-05-22 18:32:56] No changes detected.
[2026-05-22 18:33:26] No changes detected.
[2026-05-22 18:33:56] No changes detected.
[2026-05-22 18:34:27] No changes detected.
[2026-05-22 18:34:57] No changes detected.
[2026-05-22 18:35:27] No changes detected.
[2026-05-22 18:35:57] No changes detected.
[2026-05-22 18:36:27] No changes detected.
[2026-05-22 18:36:57] No changes detected.
[2026-05-22 18:37:27] No changes detected.
[2026-05-22 18:37:57] No changes detected.
[2026-05-22 18:38:28] No changes detected.
[2026-05-22 18:38:58] No changes detected.
[2026-05-22 18:39:29] No changes detected.
[2026-05-22 18:39:59] No changes detected.
[2026-05-22 18:55:27] No changes detected.
[2026-05-22 18:55:57] No changes detected.
[2026-05-22 18:56:28] No changes detected.
[2026-05-22 18:56:58] No changes detected.
[2026-05-22 18:57:28] No changes detected.
[2026-05-22 18:57:58] No changes detected.
[2026-05-22 18:58:58] No changes detected.
[2026-05-22 18:59:28] No changes detected.
[2026-05-22 18:59:58] No changes detected.
[2026-05-22 19:00:29] No changes detected.
[2026-05-22 19:00:59] No changes detected.
[2026-05-22 19:01:29] No changes detected.
[2026-05-22 19:01:59] No changes detected.
[2026-05-22 19:12:29] No changes detected.
[2026-05-22 19:12:59] No changes detected.
[2026-05-22 19:13:29] No changes detected.
[2026-05-22 19:13:59] No changes detected.
[2026-05-22 19:14:30] No changes detected.
[2026-05-22 19:15:00] No changes detected.
[2026-05-22 19:15:30] No changes detected.
[2026-05-22 19:16:00] No changes detected.
[2026-05-22 19:16:30] No changes detected.
[2026-05-22 19:17:01] No changes detected.
[2026-05-22 19:17:31] No changes detected.
[2026-05-22 19:18:01] No changes detected.
[2026-05-22 19:18:31] No changes detected.
[2026-05-22 19:19:01] No changes detected.
[2026-05-22 19:19:32] No changes detected.
[2026-05-22 19:20:02] No changes detected.
[2026-05-22 19:20:32] No changes detected.
[2026-05-22 19:21:02] No changes detected.
[2026-05-22 19:21:33] No changes detected.
[2026-05-22 19:22:03] No changes detected.
[2026-05-22 19:22:33] No changes detected.
[2026-05-22 19:23:03] No changes detected.
[2026-05-22 19:23:33] No changes detected.
[2026-05-22 19:24:04] No changes detected.
[2026-05-22 19:24:34] No changes detected.
[2026-05-22 19:25:04] No changes detected.
[2026-05-22 19:25:34] No changes detected.
[2026-05-22 19:26:05] No changes detected.
[2026-05-22 19:26:35] No changes detected.
[2026-05-22 19:27:05] No changes detected.
[2026-05-22 19:27:35] No changes detected.
[2026-05-22 19:28:05] No changes detected.
[2026-05-22 19:28:36] No changes detected.
[2026-05-22 19:29:06] No changes detected.
[2026-05-22 19:29:36] No changes detected.
[2026-05-22 19:30:06] No changes detected.
[2026-05-22 19:30:36] No changes detected.
[2026-05-22 19:31:07] No changes detected.
[2026-05-22 19:31:37] No changes detected.
[2026-05-22 19:32:07] No changes detected.
[2026-05-22 19:32:37] No changes detected.
[2026-05-22 19:33:08] No changes detected.
[2026-05-22 19:33:38] No changes detected.
[2026-05-22 19:34:08] No changes detected.
[2026-05-22 19:34:38] No changes detected.
[2026-05-22 19:35:08] No changes detected.
[2026-05-22 19:35:39] No changes detected.
[2026-05-22 19:36:09] No changes detected.
[2026-05-22 19:36:39] No changes detected.
[2026-05-22 19:37:09] No changes detected.
[2026-05-22 19:37:39] No changes detected.
[2026-05-22 19:38:10] No changes detected.
[2026-05-22 19:38:40] No changes detected.
[2026-05-22 19:39:10] No changes detected.
[2026-05-22 19:39:40] No changes detected.
[2026-05-22 19:40:11] Changes committed locally.
[2026-05-22 19:40:41] Changes committed locally.
[2026-05-22 19:41:11] Changes committed locally.
[2026-05-22 19:41:41] Changes committed locally.
[main be75591] Auto-commit: 2026-05-22 19:42:12
 29 files changed, 18694 insertions(+)
 create mode 100644 .DS_Store
 create mode 100644 .automation/auto-commit.error.log
 create mode 100644 .automation/auto-commit.log
 create mode 100644 Extended Essay/Johannes - Mathematics Extended Essay - Probabilistic method.aux
 create mode 100644 Extended Essay/Johannes - Mathematics Extended Essay - Probabilistic method.bbl
 create mode 100644 Extended Essay/Johannes - Mathematics Extended Essay - Probabilistic method.bcf
 create mode 100644 Extended Essay/Johannes - Mathematics Extended Essay - Probabilistic method.fdb_latexmk
 create mode 100644 Extended Essay/Johannes - Mathematics Extended Essay - Probabilistic method.fls
 create mode 100644 Extended Essay/Johannes - Mathematics Extended Essay - Probabilistic method.log
 create mode 100644 Extended Essay/Johannes - Mathematics Extended Essay - Probabilistic method.out
 create mode 100644 Extended Essay/Johannes - Mathematics Extended Essay - Probabilistic method.pdf
 create mode 100644 Extended Essay/Johannes - Mathematics Extended Essay - Probabilistic method.run.xml
 create mode 100644 Extended Essay/Johannes - Mathematics Extended Essay - Probabilistic method.synctex.gz
 create mode 100644 Extended Essay/Johannes - Mathematics Extended Essay - Probabilistic method.toc
 create mode 100644 template 2.aux
 create mode 100644 template 2.fdb_latexmk
 create mode 100644 template 2.fls
 create mode 100644 template 2.out
 create mode 100644 template 2.synctex.gz
 create mode 100644 template 2.toc
 create mode 100644 template 3.synctex.gz
 create mode 100644 template.aux
 create mode 100644 template.fdb_latexmk
 create mode 100644 template.fls
 create mode 100644 template.log
 create mode 100644 template.out
 create mode 100644 template.pdf
 create mode 100644 template.synctex.gz
 create mode 100644 template.toc
[2026-05-22 19:42:12] Changes committed locally.
[main 77ba92a] Auto-commit: 2026-05-22 19:42:42
 1 file changed, 32 insertions(+)
[2026-05-22 19:42:42] Changes committed locally.
[2026-05-22 19:42:42] Pushed        2 commit(s) to remote.
[main 4c6f987] Auto-commit: 2026-05-22 19:43:14
 2 files changed, 6 insertions(+)
[2026-05-22 19:43:14] Changes committed locally.
[main 785c9a6] Auto-commit: 2026-05-22 19:43:44
 1 file changed, 3 insertions(+)
[2026-05-22 19:43:44] Changes committed locally.
[main 7cb4cf7] Auto-commit: 2026-05-22 19:44:15
 1 file changed, 3 insertions(+)
[2026-05-22 19:44:15] Changes committed locally.
[main 3ec4f06] Auto-commit: 2026-05-22 19:44:45
 1 file changed, 3 insertions(+)
[2026-05-22 19:44:45] Changes committed locally.
[main 6230e76] Auto-commit: 2026-05-22 19:45:15
 1 file changed, 3 insertions(+)
[2026-05-22 19:45:15] Changes committed locally.
[main 2288863] Auto-commit: 2026-05-22 19:45:46
 1 file changed, 3 insertions(+)
[2026-05-22 19:45:46] Changes committed locally.
[main 1d4c996] Auto-commit: 2026-05-22 19:46:16
 1 file changed, 3 insertions(+)
[2026-05-22 19:46:16] Changes committed locally.
[main 8b098cb] Auto-commit: 2026-05-22 19:46:46
 1 file changed, 3 insertions(+)
[2026-05-22 19:46:46] Changes committed locally.
[main bf83132] Auto-commit: 2026-05-22 19:47:16
 1 file changed, 3 insertions(+)
[2026-05-22 19:47:16] Changes committed locally.
[main b6430ac] Auto-commit: 2026-05-22 19:47:47
 1 file changed, 3 insertions(+)
[2026-05-22 19:47:47] Changes committed locally.
[main 08f115b] Auto-commit: 2026-05-22 19:48:17
 1 file changed, 3 insertions(+)
[2026-05-22 19:48:17] Changes committed locally.
[main 77fd1fa] Auto-commit: 2026-05-22 19:48:47
 1 file changed, 3 insertions(+)
[2026-05-22 19:48:47] Changes committed locally.
[main 9cc7c90] Auto-commit: 2026-05-22 19:49:17
 1 file changed, 3 insertions(+)
[2026-05-22 19:49:17] Changes committed locally.
[main 2ca53bd] Auto-commit: 2026-05-22 19:49:48
 1 file changed, 3 insertions(+)
[2026-05-22 19:49:48] Changes committed locally.
[main 53eae16] Auto-commit: 2026-05-22 19:50:18
 1 file changed, 3 insertions(+)
[2026-05-22 19:50:18] Changes committed locally.
[main 97dd24c] Auto-commit: 2026-05-22 19:50:48
 1 file changed, 3 insertions(+)
[2026-05-22 19:50:48] Changes committed locally.
[main 0b95bf3] Auto-commit: 2026-05-22 19:51:18
 1 file changed, 3 insertions(+)
[2026-05-22 19:51:18] Changes committed locally.
